time,pelvis_x,pelvis_y,pelvis_z,pelvis_yaw,pelvis_pitch,pelvis_roll,joint1_yaw,joint2_yaw,joint3_yaw,joint4_yaw,joint5_yaw,joint6_yaw,joint7_yaw,joint8_yaw,joint1_pitch,joint2_pitch,joint3_pitch,joint4_pitch,joint5_pitch,joint6_pitch,joint7_pitch,joint8_pitch,joint1_roll,joint2_roll,joint3_roll,joint4_roll,joint5_roll,joint6_roll,joint7_roll,joint8_roll,tip_x,tip_y,tip_z,tip_vx,tip_vy,tip_vz,tip_ax,tip_ay,tip_az,tip_heading,tip_displacement,cord_tension,floor_force,joint1_ball_force,joint2_ball_force,joint3_ball_force,joint4_ball_force,joint5_ball_force,joint6_ball_force,joint7_ball_force,joint8_ball_force,joint1_neck_moment,joint2_neck_moment,joint3_neck_moment,joint4_neck_moment,joint5_neck_moment,joint6_neck_moment,joint7_neck_moment,joint8_neck_moment
0,-3.17811e-10,0,0.94985,0,4.55943e-07,0,0,0,0,0,0,0,0,0,-0.0013081,-0.00285985,-0.00463717,-0.00811045,-0.0134373,-0.0181742,-0.0237148,-0.0323786,0,0,0,0,0,0,0,0,-1.49687,0,0.43519,0,0,0,0.000402475,0,-0.000907546,0,2.28878e-16,10,0,182.957,155.21,128.108,105.846,86.1751,72.8471,64.1704,53.4095,0.000674911,0.000226352,0.000228828,0.000243169,0.000205027,0.000135006,7.80044e-05,3.76317e-05
0.005,-3.01874e-10,0,0.94985,0,4.28129e-07,0,0,0,0,0,0,0,0,0,-0.00130994,-0.00285723,-0.00463593,-0.00811151,-0.013439,-0.0181752,-0.0237154,-0.0323791,0,0,0,0,0,0,0,0,-1.49687,0,0.43519,9.66502e-07,0,-8.81224e-07,0.000200949,0,-0.000179811,0,2.84132e-09,10,0,182.957,155.21,128.108,105.846,86.175,72.8471,64.1704,53.4095,0.000285526,9.16967e-05,3.46728e-05,2.56819e-05,3.66468e-05,1.90109e-05,1.06037e-05,7.80488e-06
0.01,-2.63713e-10,0,0.94985,0,3.70604e-07,0,0,0,0,0,0,0,0,0,-0.00131412,-0.00285118,-0.00463299,-0.00811401,-0.0134431,-0.0181777,-0.023717,-0.0323803,0,0,0,0,0,0,0,0,-1.49687,0,0.43519,1.73046e-06,0,-1.45464e-06,0.000148211,0,-0.000109711,0,1.08329e-08,10,0,182.957,155.21,128.108,105.846,86.175,72.8471,64.1704,53.4095,0.000284571,9.332e-05,3.67454e-05,2.66204e-05,4.00927e-05,2.26471e-05,1.29373e-05,8.62451e-06
0.015,-2.17283e-10,0,0.94985,0,3.02612e-07,0,0,0,0,0,0,0,0,0,-0.00131963,-0.00284306,-0.00462893,-0.00811742,-0.0134491,-0.0181815,-0.0237194,-0.0323821,0,0,0,0,0,0,0,0,-1.49687,0,0.43519,2.18234e-06,0,-1.60067e-06,7.29237e-05,0,-5.37751e-06,0,2.19356e-08,10,0,182.957,155.21,128.108,105.846,86.175,72.8471,64.1704,53.4095,0.000278206,9.38477e-05,3.83876e-05,2.75914e-05,4.39249e-05,2.68639e-05,1.56406e-05,9.49482e-06
0.02,-1.70102e-10,0,0.94985,0,2.34409e-07,0,0,0,0,0,0,0,0,0,-0.00132586,-0.00283373,-0.00462417,-0.00812142,-0.0134562,-0.0181864,-0.0237226,-0.0323843,0,0,0,0,0,0,0,0,-1.49687,0,0.43519,2.33909e-06,0,-1.32855e-06,2.56316e-05,0,6.22306e-05,0,3.40093e-08,10,0,182.957,155.21,128.108,105.846,86.175,72.8471,64.1704,53.4095,0.000272096,9.32861e-05,3.87979e-05,2.80003e-05,4.57697e-05,2.89922e-05,1.69956e-05,9.87939e-06
0.025,-1.2597e-10,0,0.94985,0,1.71092e-07,0,0,0,0,0,0,0,0,0,-0.00133237,-0.0028238,-0.00461895,-0.00812579,-0.0134643,-0.0181921,-0.0237264,-0.0323869,0,0,0,0,0,0,0,0,-1.49687,0,0.43519,2.22013e-06,0,-6.58419e-07,-4.02934e-05,0,0.000158736,0,4.50293e-08,10,0,182.957,155.21,128.108,105.846,86.175,72.8471,64.1704,53.4095,0.000261523,9.14573e-05,3.87012e-05,2.83134e-05,4.76897e-05,3.13532e-05,1.84818e-05,1.02268e-05
0.03,-8.65817e-11,0,0.94985,0,1.14801e-07,0,0,0,0,0,0,0,0,0,-0.00133888,-0.00281378,-0.00461346,-0.00813035,-0.0134731,-0.0181985,-0.0237306,-0.0323896,0,0,0,0,0,0,0,0,-1.49687,0,0.43519,1.84781e-06,0,3.85531e-07,-7.07983e-05,0,0.000204178,0,5.33476e-08,10,0,182.957,155.21,128.108,105.846,86.1749,72.8471,64.1704,53.4095,0.00025497,8.92164e-05,3.80706e-05,2.81823e-05,4.81134e-05,3.20802e-05,1.89404e-05,1.02798e-05
0.035,-5.22288e-11,0,0.94985,0,6.58824e-08,0,0,0,0,0,0,0,0,0,-0.00134525,-0.00280382,-0.00460787,-0.008135,-0.0134823,-0.0182054,-0.0237352,-0.0323925,0,0,0,0,0,0,0,0,-1.49687,0,0.43519,1.2458e-06,0,1.77476e-06,-0.000135112,0,0.000301281,0,5.81309e-08,10,0,182.957,155.21,128.108,105.846,86.1749,72.847,64.1704,53.4095,0.000243305,8.68586e-05,3.72982e-05,2.82279e-05,4.91831e-05,3.35696e-05,1.98354e-05,1.03664e-05
0.04,-2.26093e-11,0,0.94985,0,2.38866e-08,0,0,0,0,0,0,0,0,0,-0.00135147,-0.00279402,-0.00460227,-0.0081397,-0.0134917,-0.0182128,-0.0237401,-0.0323954,0,0,0,0,0,0,0,0,-1.49687,0,0.43519,4.38511e-07,0,3.4761e-06,-0.000151697,0,0.000326534,0,6.03592e-08,10,0,182.957,155.21,128.108,105.846,86.1749,72.847,64.1704,53.4095,0.00023788,8.38146e-05,3.62364e-05,2.77725e-05,4.88133e-05,3.35044e-05,1.98019e-05,1.02669e-05
0.045,2.77451e-12,0,0.94985,0,-1.19079e-08,0,0,0,0,0,0,0,0,0,-0.00135751,-0.00278443,-0.00459672,-0.00814441,-0.0135014,-0.0182203,-0.0237451,-0.0323984,0,0,0,0,0,0,0,0,-1.49687,0,0.43519,-5.49009e-07,0,5.45445e-06,-0.00020648,0,0.000410501,0,6.47005e-08,10,0,182.957,155.21,128.108,105.846,86.1748,72.847,64.1704,53.4094,0.000227138,8.1044e-05,3.51795e-05,2.75361e-05,4.91586e-05,3.42351e-05,2.02004e-05,1.01766e-05
0.05,2.44617e-11,0,0.94985,0,-4.22909e-08,0,0,0,0,0,0,0,0,0,-0.00136339,-0.00277508,-0.00459128,-0.00814911,-0.0135111,-0.0182281,-0.0237503,-0.0324015,0,0,0,0,0,0,0,0,-1.49687,0,0.43519,-1.69127e-06,0,7.6721e-06,-0.000222138,0,0.000434619,0,7.99346e-08,10,0,182.957,155.21,128.108,105.846,86.1748,72.847,64.1703,53.4094,0.000221942,7.8131e-05,3.41301e-05,2.70306e-05,4.8657e-05,3.40257e-05,2.00703e-05,1.00412e-05
0.055,4.2951e-11,0,0.94985,0,-6.80108e-08,0,0,0,0,0,0,0,0,0,-0.0013691,-0.00276599,-0.00458596,-0.00815378,-0.0135209,-0.0182359,-0.0237555,-0.0324045,0,0,0,0,0,0,0,0,-1.49687,0,0.43519,-2.96244e-06,0,1.00895e-05,-0.00026346,0,0.000498475,0,1.12939e-07,10,0,182.956,155.211,128.109,105.846,86.1748,72.8469,64.1703,53.4094,0.000212494,7.50123e-05,3.29395e-05,2.65386e-05,4.84349e-05,3.41857e-05,2.0122e-05,9.86146e-06
0.06,5.86891e-11,0,0.94985,0,-8.97441e-08,0,0,0,0,0,0,0,0,0,-0.00137465,-0.00275721,-0.00458078,-0.00815839,-0.0135307,-0.0182437,-0.0237607,-0.0324075,0,0,0,0,0,0,0,0,-1.49687,0,0.43519,-4.33716e-06,0,1.26674e-05,-0.000275558,0,0.000517205,0,1.64773e-07,10,0,182.956,155.211,128.109,105.846,86.1748,72.8469,64.1703,53.4094,0.000207682,7.21989e-05,3.19179e-05,2.5981e-05,4.78085e-05,3.38478e-05,1.99169e-05,9.71163e-06
0.065,7.2076e-11,0,0.94985,0,-1.0809e-07,0,0,0,0,0,0,0,0,0,-0.00138005,-0.00274875,-0.00457577,-0.00816293,-0.0135403,-0.0182516,-0.0237659,-0.0324105,0,0,0,0,0,0,0,0,-1.49687,0,0.43519,-5.79088e-06,0,1.53686e-05,-0.000295659,0,0.000548283,0,2.34503e-07,10,0,182.956,155.211,128.109,105.846,86.1747,72.8469,64.1703,53.4094,0.000200181,6.84222e-05,3.05204e-05,2.52103e-05,4.69841e-05,3.344e-05,1.96662e-05,9.50307e-06
0.07,8.34463e-11,0,0.94985,0,-1.23559e-07,0,0,0,0,0,0,0,0,0,-0.00138531,-0.00274063,-0.00457092,-0.00816738,-0.0135499,-0.0182594,-0.0237711,-0.0324134,0,0,0,0,0,0,0,0,-1.49687,0,0.435191,-7.30005e-06,0,1.8155e-05,-0.000304038,0,0.000561161,0,3.21489e-07,10,0,182.956,155.211,128.109,105.846,86.1747,72.8469,64.1703,53.4094,0.000195639,6.58117e-05,2.95589e-05,2.46493e-05,4.63238e-05,3.30652e-05,1.94494e-05,9.36726e-06
0.075,9.30918e-11,0,0.94985,0,-1.36586e-07,0,0,0,0,0,0,0,0,0,-0.00139042,-0.00273285,-0.00456624,-0.00817174,-0.0135594,-0.0182671,-0.0237763,-0.0324163,0,0,0,0,0,0,0,0,-1.49687,0,0.435191,-8.84252e-06,0,2.09923e-05,-0.000310057,0,0.000570267,0,4.25447e-07,10,0,182.956,155.211,128.109,105.846,86.1747,72.8468,64.1703,53.4094,0.000189595,6.17261e-05,2.80693e-05,2.37329e-05,4.51622e-05,3.2342e-05,1.90416e-05,9.15931e-06
0.08,1.01258e-10,0,0.94985,0,-1.47538e-07,0,0,0,0,0,0,0,0,0,-0.00139541,-0.00272542,-0.00456175,-0.00817599,-0.0135687,-0.0182747,-0.0237814,-0.0324192,0,0,0,0,0,0,0,0,-1.49687,0,0.435191,-1.03976e-05,0,2.38475e-05,-0.000312837,0,0.000574135,0,5.46209e-07,10,0,182.956,155.211,128.109,105.846,86.1746,72.8468,64.1703,53.4094,0.000185323,5.93245e-05,2.71567e-05,2.32065e-05,4.45213e-05,3.19845e-05,1.88574e-05,9.06606e-06
0.085,1.0815e-10,0,0.94985,0,-1.56718e-07,0,0,0,0,0,0,0,0,0,-0.00140027,-0.00271835,-0.00455743,-0.00818012,-0.0135778,-0.0182822,-0.0237864,-0.032422,0,0,0,0,0,0,0,0,-1.49687,0,0.435191,-1.1947e-05,0,2.66911e-05,-0.000312837,0,0.000574134,0,6.83584e-07,10,0,182.956,155.211,128.109,105.846,86.1746,72.8468,64.1702,53.4094,0.000180582,5.50598e-05,2.56435e-05,2.21501e-05,4.30643e-05,3.09723e-05,1.82755e-05,8.80811e-06
0.09,1.13943e-10,0,0.94985,0,-1.64379e-07,0,0,0,0,0,0,0,0,0,-0.00140502,-0.00271163,-0.00455329,-0.00818415,-0.0135867,-0.0182896,-0.0237914,-0.0324248,0,0,0,0,0,0,0,0,-1.49687,0,0.435191,-1.3473e-05,0,2.94954e-05,-0.000309329,0,0.000567743,0,8.37293e-07,10,0,182.956,155.211,128.109,105.846,86.1746,72.8468,64.1702,53.4094,0.000176515,5.28915e-05,2.47718e-05,2.16997e-05,4.25022e-05,3.06894e-05,1.8165e-05,8.77868e-06
0.095,1.18782e-10,0,0.94985,0,-1.70741e-07,0,0,0,0,0,0,0,0,0,-0.00140965,-0.00270526,-0.00454933,-0.00818806,-0.0135955,-0.0182968,-0.0237962,-0.0324276,0,0,0,0,0,0,0,0,-1.49687,0,0.435191,-1.49614e-05,0,3.22368e-05,-0.000309329,0,0.000567743,0,1.00696e-06,10,0,182.956,155.211,128.109,105.846,86.1745,72.8468,64.1702,53.4094,0.000171967,4.90794e-05,2.34103e-05,2.06798e-05,4.10881e-05,2.97014e-05,1.75929e-05,8.52104e-06
0.1,1.22808e-10,0,0.94985,0,-1.75994e-07,0,0,0,0,0,0,0,0,0,-0.00141419,-0.00269925,-0.00454555,-0.00819186,-0.0136041,-0.018304,-0.023801,-0.0324303,0,0,0,0,0,0,0,0,-1.49687,0,0.435191,-1.63976e-05,0,3.48919e-05,-0.000309328,0,0.000567743,0,1.1921e-06,10,0,182.956,155.211,128.109,105.846,86.1745,72.8467,64.1702,53.4094,0.000168993,4.66886e-05,2.25527e-05,2.00124e-05,4.01607e-05,2.90515e-05,1.72149e-05,8.34898e-06
0.105,1.26091e-10,0,0.94985,0,-1.80247e-07,0,0,0,0,0,0,0,0,0,-0.00141863,-0.00269357,-0.00454194,-0.00819555,-0.0136125,-0.0183109,-0.0238058,-0.0324331,0,0,0,0,0,0,0,0,-1.49687,0,0.435192,-1.7772e-05,0,3.74449e-05,-0.000285649,0,0.000528238,0,1.39211e-06,10,0,182.956,155.211,128.109,105.846,86.1745,72.8467,64.1702,53.4094,0.00016395,4.35587e-05,2.11764e-05,1.95006e-05,3.9419e-05,2.87228e-05,1.71821e-05,8.45383e-06
0.11,1.28731e-10,0,0.94985,0,-1.83643e-07,0,0,0,0,0,0,0,0,0,-0.00142297,-0.00268822,-0.00453851,-0.00819914,-0.0136207,-0.0183178,-0.0238104,-0.0324358,0,0,0,0,0,0,0,0,-1.49687,0,0.435192,-1.90754e-05,0,3.98813e-05,-0.000285649,0,0.000528239,0,1.60634e-06,10,0,182.956,155.211,128.109,105.846,86.1745,72.8467,64.1702,53.4094,0.000161078,4.14554e-05,2.04193e-05,1.88556e-05,3.85215e-05,2.80907e-05,1.6811e-05,8.28131e-06
0.115,1.30812e-10,0,0.94985,0,-1.86296e-07,0,0,0,0,0,0,0,0,0,-0.00142724,-0.00268319,-0.00453526,-0.00820264,-0.0136287,-0.0183245,-0.023815,-0.0324385,0,0,0,0,0,0,0,0,-1.49687,0,0.435192,-2.02982e-05,0,4.21841e-05,-0.000247998,0,0.000465991,0,1.83404e-06,10,0,182.956,155.211,128.109,105.846,86.1744,72.8467,64.1702,53.4094,0.000157211,3.80521e-05,1.88107e-05,1.85191e-05,3.78504e-05,2.78076e-05,1.68542e-05,8.48639e-06
0.12,1.32401e-10,0,0.94985,0,-1.88297e-07,0,0,0,0,0,0,0,0,0,-0.00143142,-0.00267848,-0.00453219,-0.00820605,-0.0136366,-0.0183311,-0.0238196,-0.0324412,0,0,0,0,0,0,0,0,-1.49687,0,0.435192,-2.1437e-05,0,4.43486e-05,-0.000247998,0,0.000465991,0,2.07439e-06,10,0,182.956,155.211,128.109,105.846,86.1744,72.8467,64.1702,53.4094,0.000154429,3.62236e-05,1.81535e-05,1.78937e-05,3.69816e-05,2.71926e-05,1.64894e-05,8.31299e-06
0.125,1.33562e-10,0,0.94985,0,-1.89734e-07,0,0,0,0,0,0,0,0,0,-0.00143553,-0.00267407,-0.00452929,-0.00820937,-0.0136443,-0.0183376,-0.023824,-0.0324438,0,0,0,0,0,0,0,0,-1.49687,0,0.435192,-2.24858e-05,0,4.63636e-05,-0.000215053,0,0.000411529,0,2.32655e-06,10,0,182.956,155.211,128.109,105.846,86.1744,72.8466,64.1701,53.4093,0.000151093,3.29728e-05,1.66002e-05,1.75535e-05,3.62486e-05,2.68093e-05,1.64318e-05,8.44145e-06
0.13,1.3435e-10,0,0.94985,0,-1.90677e-07,0,0,0,0,0,0,0,0,0,-0.00143956,-0.00266996,-0.00452657,-0.00821262,-0.0136518,-0.0183439,-0.0238285,-0.0324465,0,0,0,0,0,0,0,0,-1.49687,0,0.435193,-2.34438e-05,0,4.82284e-05,-0.000215052,0,0.00041153,0,2.58963e-06,10,0,182.956,155.211,128.109,105.846,86.1744,72.8466,64.1701,53.4093,0.000148391,3.14047e-05,1.60422e-05,1.69437e-05,3.54063e-05,2.62103e-05,1.60727e-05,8.26705e-06
0.135,1.34811e-10,0,0.94985,0,-1.91186e-07,0,0,0,0,0,0,0,0,0,-0.00144353,-0.00266614,-0.00452402,-0.0082158,-0.0136592,-0.0183502,-0.0238328,-0.0324492,0,0,0,0,0,0,0,0,-1.49687,0,0.435193,-2.43091e-05,0,4.99392e-05,-0.00018564,0,0.000362812,0,2.86275e-06,10,0,182.955,155.211,128.109,105.846,86.1744,72.8466,64.1701,53.4093,0.000145333,2.84229e-05,1.45841e-05,1.66294e-05,3.46835e-05,2.58052e-05,1.59752e-05,8.35362e-06
0.14,1.34983e-10,0,0.94985,0,-1.91311e-07,0,0,0,0,0,0,0,0,0,-0.00144743,-0.00266259,-0.00452165,-0.00821892,-0.0136665,-0.0183563,-0.0238372,-0.0324518,0,0,0,0,0,0,0,0,-1.49687,0,0.435193,-2.50821e-05,0,5.14963e-05,-0.000159653,0,0.00031965,0,3.145e-06,10,0,182.955,155.211,128.109,105.846,86.1743,72.8466,64.1701,53.4093,0.000143721,2.62304e-05,1.34026e-05,1.66236e-05,3.43692e-05,2.56715e-05,1.60205e-05,8.49203e-06
0.145,1.349e-10,0,0.94985,0,-1.91093e-07,0,0,0,0,0,0,0,0,0,-0.00145127,-0.00265932,-0.00451945,-0.00822199,-0.0136736,-0.0183624,-0.0238414,-0.0324545,0,0,0,0,0,0,0,0,-1.49687,0,0.435193,-2.57646e-05,0,5.29027e-05,-0.000135943,0,0.000280145,0,3.43549e-06,10,0,182.955,155.212,128.109,105.846,86.1743,72.8466,64.1701,53.4093,0.000140922,2.34919e-05,1.20247e-05,1.63462e-05,3.3666e-05,2.52458e-05,1.58739e-05,8.52179e-06
0.15,1.34589e-10,0,0.94985,0,-1.90567e-07,0,0,0,0,0,0,0,0,0,-0.00145504,-0.0026563,-0.00451742,-0.008225,-0.0136806,-0.0183683,-0.0238457,-0.0324571,0,0,0,0,0,0,0,0,-1.49687,0,0.435194,-2.63592e-05,0,5.41618e-05,-0.000135942,0,0.000280145,0,3.73335e-06,10,0,182.955,155.212,128.109,105.846,86.1743,72.8466,64.1701,53.4093,0.000138351,2.24016e-05,1.16634e-05,1.57566e-05,3.28693e-05,2.46742e-05,1.55243e-05,8.3458e-06
0.155,1.34071e-10,0,0.94985,0,-1.8976e-07,0,0,0,0,0,0,0,0,0,-0.00145876,-0.00265354,-0.00451557,-0.00822797,-0.0136874,-0.0183742,-0.0238498,-0.0324597,0,0,0,0,0,0,0,0,-1.49687,0,0.435194,-2.68691e-05,0,5.5279e-05,-9.64077e-05,0,0.000213917,0,4.03775e-06,10,0,182.955,155.212,128.109,105.846,86.1743,72.8465,64.1701,53.4093,0.000136825,1.9008e-05,9.63471e-06,1.61043e-05,3.26755e-05,2.46503e-05,1.5688e-05,8.59172e-06
0.16,1.33367e-10,0,0.94985,0,-1.88696e-07,0,0,0,0,0,0,0,0,0,-0.00146243,-0.00265102,-0.00451388,-0.00823091,-0.0136942,-0.01838,-0.023854,-0.0324624,0,0,0,0,0,0,0,0,-1.49687,0,0.435194,-2.72988e-05,0,5.6261e-05,-9.64074e-05,0,0.000213917,0,4.34788e-06,10,0,182.955,155.212,128.109,105.846,86.1742,72.8465,64.1701,53.4093,0.000134311,1.81363e-05,9.37025e-06,1.55195e-05,3.1898e-05,2.40903e-05,1.53427e-05,8.41541e-06
0.165,1.3249e-10,0,0.94985,0,-1.87394e-07,0,0,0,0,0,0,0,0,0,-0.00146604,-0.00264874,-0.00451236,-0.00823381,-0.0137008,-0.0183857,-0.0238581,-0.032465,0,0,0,0,0,0,0,0,-1.49687,0,0.435194,-2.7653e-05,0,5.71152e-05,-7.90694e-05,0,0.000184683,0,4.66297e-06,10,0,182.955,155.212,128.109,105.846,86.1742,72.8465,64.1701,53.4093,0.000131815,1.59462e-05,8.20827e-06,1.52934e-05,3.12535e-05,2.36686e-05,1.51549e-05,8.38614e-06
0.17,1.31454e-10,0,0.94985,0,-1.85872e-07,0,0,0,0,0,0,0,0,0,-0.00146961,-0.0026467,-0.00451102,-0.00823669,-0.0137073,-0.0183913,-0.0238622,-0.0324676,0,0,0,0,0,0,0,0,-1.49687,0,0.435195,-2.79371e-05,0,5.78503e-05,-6.43782e-05,0,0.000159789,0,4.98231e-06,10,0,182.955,155.212,128.109,105.846,86.1742,72.8465,64.17,53.4093,0.000130554,1.42718e-05,7.22936e-06,1.53336e-05,3.09738e-05,2.34981e-05,1.51082e-05,8.41663e-06
0.175,1.3027e-10,0,0.94985,0,-1.8414e-07,0,0,0,0,0,0,0,0,0,-0.00147313,-0.00264487,-0.00450983,-0.00823955,-0.0137137,-0.0183969,-0.0238662,-0.0324702,0,0,0,0,0,0,0,0,-1.49687,0,0.435195,-2.81569e-05,0,5.84753e-05,-3.95849e-05,0,0.000117421,0,5.30524e-06,10,0,182.955,155.212,128.109,105.846,86.1742,72.8465,64.17,53.4093,0.000129372,1.13437e-05,5.3857e-06,1.57239e-05,3.08017e-05,2.34122e-05,1.51464e-05,8.52246e-06
0.18,1.28945e-10,0,0.94985,0,-1.82213e-07,0,0,0,0,0,0,0,0,0,-0.0014766,-0.00264326,-0.00450881,-0.00824239,-0.0137201,-0.0184023,-0.0238702,-0.0324728,0,0,0,0,0,0,0,0,-1.49687,0,0.435195,-2.83183e-05,0,5.89996e-05,-3.95849e-05,0,0.000117421,0,5.63115e-06,10,0,182.955,155.212,128.109,105.846,86.1742,72.8465,64.17,53.4093,0.000126952,1.0871e-05,5.30848e-06,1.51391e-05,3.00557e-05,2.28724e-05,1.48092e-05,8.34709e-06
0.185,1.27488e-10,0,0.94985,0,-1.80099e-07,0,0,0,0,0,0,0,0,0,-0.00148003,-0.00264187,-0.00450795,-0.00824523,-0.0137263,-0.0184078,-0.0238742,-0.0324754,0,0,0,0,0,0,0,0,-1.49687,0,0.435196,-2.84275e-05,0,5.9433e-05,-2.0124e-05,0,8.36818e-05,0,5.95949e-06,10,0,182.955,155.212,128.109,105.846,86.1741,72.8464,64.17,53.4093,0.000125931,8.14981e-06,3.55201e-06,1.55488e-05,2.98985e-05,2.27673e-05,1.48029e-05,8.40291e-06
0.19,1.25905e-10,0,0.94985,0,-1.77806e-07,0,0,0,0,0,0,0,0,0,-0.00148341,-0.00264067,-0.00450724,-0.00824805,-0.0137325,-0.0184131,-0.0238781,-0.032478,0,0,0,0,0,0,0,0,-1.49687,0,0.435196,-2.84905e-05,0,5.97853e-05,-1.27606e-05,0,7.07369e-05,0,6.28977e-06,10,0,182.955,155.212,128.109,105.846,86.1741,72.8464,64.17,53.4093,0.000124763,6.84843e-06,2.76505e-06,1.55584e-05,2.95997e-05,2.25461e-05,1.46824e-05,8.35945e-06
0.195,1.24201e-10,0,0.94985,0,-1.75341e-07,0,0,0,0,0,0,0,0,0,-0.00148676,-0.00263967,-0.0045067,-0.00825087,-0.0137385,-0.0184184,-0.023882,-0.0324805,0,0,0,0,0,0,0,0,-1.49687,0,0.435196,-2.85134e-05,0,6.00663e-05,-6.18622e-06,0,5.9053e-05,0,6.62155e-06,10,0,182.955,155.212,128.109,105.846,86.1741,72.8464,64.17,53.4093,0.000122473,5.49941e-06,2.02727e-06,1.52843e-05,2.89496e-05,2.20651e-05,1.43932e-05,8.22353e-06
0.2,1.22379e-10,0,0.94985,0,-1.7271e-07,0,0,0,0,0,0,0,0,0,-0.00149008,-0.00263886,-0.0045063,-0.00825369,-0.0137445,-0.0184236,-0.0238859,-0.0324831,0,0,0,0,0,0,0,0,-1.49687,0,0.435197,-2.85025e-05,0,6.02857e-05,-3.88588e-07,0,4.8612e-05,0,6.95446e-06,10,0,182.955,155.212,128.109,105.846,86.1741,72.8464,64.17,53.4093,0.000121421,4.30575e-06,1.2821e-06,1.53164e-05,2.86741e-05,2.18501e-05,1.42658e-05,8.16818e-06
0.205,1.20207e-10,3.67057e-08,0.94985,0.000955863,-1.69809e-07,1.72614e-06,-0.000473632,-0.00080831,-0.000194606,0.000120057,0.000191803,0.000152993,8.87048e-05,3.85446e-05,-0.00149334,-0.00263824,-0.00450606,-0.0082565,-0.0137505,-0.0184288,-0.0238897,-0.0324856,-5.60417e-05,-4.35897e-05,-1.64803e-06,2.49053e-05,3.26177e-05,2.74821e-05,1.7418e-05,8.24318e-06,-1.49687,5.10206e-08,0.435197,-2.84413e-05,3.43644e-05,6.04795e-05,2.10076e-05,0.0145213,3.90692e-05,-0.000108267,1.96393e-05,10,0,182.956,155.212,128.109,105.846,86.1741,72.8464,64.17,53.4093,0.156022,0.0611465,0.0120514,0.00588634,0.00859897,0.00617959,0.00325377,0.00124831
0.21,9.99715e-11,3.039e-07,0.94985,0.00741476,-1.60535e-07,1.26069e-05,-0.00349481,-0.00618877,-0.00169068,0.000749458,0.00140584,0.00118679,0.000719522,0.000326008,-0.00149653,-0.00263771,-0.0045059,-0.00825929,-0.0137563,-0.0184339,-0.0238935,-0.0324881,-0.000419218,-0.00034245,-4.58038e-05,0.000154625,0.000225473,0.000200063,0.000132068,6.46353e-05,-1.49687,7.49944e-07,0.435197,-2.73723e-05,0.000271445,6.14426e-05,0.000243563,0.0538656,0.000187572,-0.0010035,0.000167182,10,0,182.962,155.215,128.11,105.846,86.1739,72.8463,64.1699,53.4092,0.349911,0.144087,0.0336171,0.0100055,0.0189,0.0146947,0.00820448,0.00331798
0.215,-8.6731e-11,9.45061e-07,0.94985,0.0241696,-9.84042e-08,3.86287e-05,-0.0108755,-0.019887,-0.00602309,0.00188642,0.00429999,0.00383155,0.0024161,0.00113381,-0.00149934,-0.0026364,-0.00450531,-0.00826197,-0.0137623,-0.0184392,-0.0238974,-0.0324907,-0.00130809,-0.00111083,-0.000242601,0.000386261,0.000646605,0.000606891,0.000417245,0.000210798,-1.49687,3.67392e-06,0.435197,-1.99385e-05,0.000919334,6.68307e-05,0.00227196,0.163906,0.00145517,-0.00349911,0.000574815,10,0,182.975,155.221,128.11,105.844,86.1724,72.8453,64.1693,53.4089,0.664764,0.289427,0.0803999,0.00991959,0.0337739,0.029227,0.0174952,0.00750172
0.22,-9.26474e-10,2.01222e-06,0.94985,0.0553851,1.59346e-07,8.31237e-05,-0.0238696,-0.0448849,-0.0148206,0.00312733,0.00918373,0.00862552,0.00563519,0.00272607,-0.00150083,-0.00263141,-0.0045024,-0.00826401,-0.0137688,-0.0184455,-0.0239022,-0.0324938,-0.00284973,-0.00249508,-0.00073836,0.000634415,0.00128463,0.00128356,0.000919716,0.000479075,-1.49687,1.14898e-05,0.435198,7.24597e-06,0.00220243,8.49215e-05,0.00602887,0.27341,0.00374222,-0.0083617,0.00135439,10,0,182.985,155.224,128.108,105.841,86.1698,72.8435,64.1683,53.4083,0.886579,0.397209,0.120343,0.00521859,0.0424479,0.0393785,0.0245267,0.0108554
0.225,-3.43377e-09,3.49991e-06,0.94985,0.104708,8.93623e-07,0.000147495,-0.043349,-0.0835259,-0.0296923,0.00379582,0.016073,0.015907,0.0107366,0.00533622,-0.00149896,-0.00261639,-0.00449274,-0.0082639,-0.0137764,-0.0184542,-0.0239093,-0.0324983,-0.0050879,-0.00456105,-0.00168501,0.00076216,0.00206912,0.00222093,0.00166103,0.000891417,-1.49687,2.80046e-05,0.435198,7.80027e-05,0.00435019,0.000129648,0.0181417,0.492667,0.0107652,-0.0163295,0.00260618,10,0,182.999,155.227,128.1,105.831,86.1615,72.8379,64.1649,53.4063,1.23127,0.570734,0.191835,0.00922558,0.0524522,0.054247,0.0356785,0.0164619
0.23,-9.12984e-09,5.32389e-06,0.94985,0.175357,2.53041e-06,0.000228798,-0.0718023,-0.135915,-0.0514205,0.00311478,0.0245588,0.0256131,0.0178268,0.0090837,-0.00149045,-0.00258069,-0.00446847,-0.00825829,-0.0137853,-0.0184675,-0.0239209,-0.0325059,-0.00787703,-0.00715823,-0.00315093,0.000615115,0.00286644,0.0033451,0.00261776,0.00144739,-1.49687,5.8005e-05,0.435199,0.000222089,0.00749393,0.000217281,0.0306938,0.650711,0.0179805,-0.0281199,0.00442012,10,0,182.988,155.214,128.087,105.82,86.153,72.8321,64.1613,53.4043,1.29556,0.608836,0.218294,0.0213373,0.0513467,0.0580688,0.0399014,0.0190446
0.235,-1.95308e-08,7.25151e-06,0.94985,0.270185,5.55582e-06,0.000316652,-0.116446,-0.197589,-0.0786227,0.000643036,0.0337301,0.0370222,0.0265248,0.0138369,-0.00147095,-0.00251018,-0.00441873,-0.00824175,-0.0137949,-0.0184874,-0.0239396,-0.0325184,-0.0107251,-0.00974297,-0.00498407,9.51949e-05,0.00349701,0.00450241,0.00369771,0.00210713,-1.49687,0.000106346,0.435201,0.000465462,0.0115885,0.000361451,0.0562104,0.877786,0.0320617,-0.0444035,0.00687692,10,0,182.955,155.182,128.058,105.796,86.136,72.8205,64.154,53.4002,1.30493,0.61651,0.237523,0.0361021,0.0461422,0.0592261,0.043095,0.0215246
0.24,-3.63374e-08,9.12062e-06,0.94985,0.391659,1.04412e-05,0.000403789,-0.183572,-0.265013,-0.109904,-0.00370469,0.0429415,0.0494971,0.0364258,0.0194209,-0.00143452,-0.0023866,-0.00433004,-0.00820712,-0.0138035,-0.0185153,-0.023968,-0.0325378,-0.0131567,-0.0118431,-0.00700999,-0.000826109,0.0038461,0.00557713,0.0048218,0.00283154,-1.49687,0.000177729,0.435203,0.000839901,0.016614,0.000580192,0.0782362,1.02616,0.0446594,-0.0657814,0.0100469,10,0,182.927,155.154,128.033,105.776,86.1211,72.8104,64.1477,53.3965,1.31239,0.620299,0.247289,0.0442506,0.042756,0.0592789,0.0445079,0.0228026
0.245,-6.15813e-08,1.0856e-05,0.94985,0.541884,1.76665e-05,0.000486619,-0.277765,-0.336111,-0.144289,-0.00985098,0.0518271,0.0625955,0.0472108,0.0256818,-0.00137297,-0.00218659,-0.0041858,-0.00814544,-0.0138082,-0.0185525,-0.0240084,-0.0325663,-0.014744,-0.013131,-0.00908603,-0.00213979,0.00385432,0.006497,0.0059346,0.00359023,-1.49686,0.00027675,0.435206,0.00138328,0.0225492,0.000895502,0.121248,1.24394,0.0685435,-0.0927896,0.0139907,10,0,182.873,155.1,127.984,105.737,86.0924,72.7908,64.1355,53.3895,1.32499,0.628651,0.260338,0.0548704,0.0380803,0.0588917,0.0460226,0.0243692
0.25,-9.7617e-08,1.24359e-05,0.94985,0.722625,2.77394e-05,0.000563994,-0.402224,-0.409823,-0.181182,-0.0176778,0.0601962,0.0760284,0.0586469,0.0324972,-0.0012754,-0.0018809,-0.00396576,-0.00804579,-0.0138054,-0.0185997,-0.0240632,-0.0326059,-0.0150798,-0.0133983,-0.0111064,-0.00382213,0.00349491,0.00721891,0.00699877,0.00436058,-1.49685,0.000407903,0.435212,0.00213965,0.029375,0.0013332,0.156865,1.38626,0.0892038,-0.125905,0.0187598,10,0,182.828,155.055,127.943,105.704,86.0684,72.7744,64.1252,53.3836,1.33417,0.637894,0.269371,0.0614589,0.0352353,0.0585356,0.0468231,0.0252752
0.255,-1.47028e-07,1.38686e-05,0.94985,0.935332,4.11879e-05,0.000636305,-0.559008,-0.485794,-0.220312,-0.0270996,0.0679549,0.0896186,0.0705754,0.0397776,-0.00112797,-0.00143412,-0.00364552,-0.00789482,-0.0137903,-0.0186574,-0.0241349,-0.0326589,-0.0137641,-0.0125279,-0.0130015,-0.00584885,0.00275772,0.00771803,0.00798995,0.00512643,-1.49684,0.000575596,0.43522,0.00315853,0.0370757,0.00192231,0.222995,1.59633,0.126344,-0.165548,0.0243972,10,0,182.748,154.971,127.868,105.644,86.0241,72.7442,64.1063,53.3727,1.34903,0.659479,0.285332,0.0715784,0.031202,0.0580258,0.0479225,0.0265428
0.26,-2.12463e-07,1.51783e-05,0.94985,1.18115,5.8531e-05,0.000704842,-0.749218,-0.564154,-0.261684,-0.0381043,0.0750501,0.103263,0.0828965,0.0474629,-0.000913789,-0.000804913,-0.00319624,-0.00767638,-0.0137566,-0.0187254,-0.0242258,-0.0327277,-0.0103977,-0.0104685,-0.0147338,-0.00820327,0.00163849,0.00797948,0.00889246,0.00587659,-1.49682,0.00078417,0.435231,0.0044937,0.0456398,0.00269424,0.275615,1.73462,0.157135,-0.212092,0.0309379,10,0,182.685,154.904,127.808,105.596,85.9888,72.7201,64.0911,53.364,1.35967,0.679835,0.29845,0.0790188,0.0285062,0.0577145,0.0486526,0.0273689
0.265,-2.96436e-07,1.63946e-05,0.94985,1.46094,8.02333e-05,0.000771347,-0.973134,-0.645365,-0.305528,-0.0507736,0.0814293,0.116901,0.0955516,0.0555157,-0.000613072,5.3096e-05,-0.00258469,-0.00737113,-0.0136961,-0.0188029,-0.0243381,-0.0328145,-0.00458172,-0.00721227,-0.0162916,-0.01088,0.000131837,0.00799235,0.00969561,0.00660333,-1.49679,0.00103792,0.435246,0.00620191,0.0550588,0.00368194,0.368544,1.94023,0.209653,-0.265858,0.0384089,10,0,182.579,154.788,127.705,105.512,85.927,72.6777,64.0645,53.3487,1.37686,0.720109,0.322978,0.0920593,0.0241457,0.0571997,0.0497724,0.0286145
0.27,-4.01114e-07,1.75474e-05,0.94985,1.77528,0.000106651,0.000837721,-1.23034,-0.730107,-0.352256,-0.0652906,0.0870128,0.130485,0.108507,0.0639147,-0.000203479,0.00118995,-0.00177364,-0.00695624,-0.0135985,-0.0188878,-0.0244733,-0.0329216,0.00408159,-0.00277539,-0.0176818,-0.0138857,-0.00177281,0.0077455,0.0103909,0.00730112,-1.49676,0.0013411,0.435268,0.00834156,0.0653263,0.00491914,0.440033,2.07615,0.251636,-0.327125,0.0468303,10,0,182.501,154.701,127.627,105.448,85.8798,72.6453,64.0442,53.3369,1.38926,0.753631,0.343044,0.10244,0.0208966,0.0567243,0.0505138,0.0294508
0.275,-5.28124e-07,1.86633e-05,0.94985,2.12447,0.000137981,0.000905821,-1.5198,-0.819193,-0.40242,-0.0819376,0.0916753,0.143963,0.121737,0.0726473,0.000339405,0.00265748,-0.000722738,-0.00640534,-0.0134504,-0.0189761,-0.0246324,-0.033051,0.0159859,0.00281755,-0.0189229,-0.0172381,-0.00409323,0.00722479,0.0109699,0.00796547,-1.49671,0.00169793,0.435295,0.0109713,0.0764363,0.00643964,0.560851,2.27866,0.320148,-0.396125,0.0562145,10,0,182.376,154.558,127.498,105.342,85.8005,72.5907,64.0097,53.3171,1.40954,0.813851,0.379268,0.12118,0.0156752,0.0555874,0.051531,0.0306913
0.28,-6.7839e-07,1.97641e-05,0.94985,2.50858,0.000174205,0.000977347,-1.83998,-0.913506,-0.456674,-0.10109,0.0952355,0.157261,0.135216,0.0817027,0.00104145,0.00450698,0.00061035,-0.00568867,-0.0132352,-0.0190618,-0.0248148,-0.0332039,0.0315173,0.00954627,-0.0200375,-0.0209635,-0.00685493,0.00641141,0.0114225,0.00859197,-1.49664,0.00211261,0.435332,0.0141489,0.0883806,0.00827679,0.651455,2.41187,0.373487,-0.473049,0.0665674,10,0,182.29,154.456,127.404,105.264,85.7423,72.5504,63.9843,53.3024,1.42436,0.860402,0.407686,0.136095,0.0128624,0.054396,0.0520736,0.0314836
0.285,-8.52005e-07,2.08659e-05,0.94985,2.9274,0.000215055,0.00105376,-2.18887,-1.01395,-0.515748,-0.123204,0.0974498,0.170271,0.148902,0.091067,0.00192924,0.00678666,0.0022683,-0.00477359,-0.0129331,-0.0191359,-0.0250184,-0.033381,0.0510513,0.0174048,-0.0210462,-0.0250933,-0.0100905,0.00528116,0.011736,0.00917558,-1.49656,0.00258927,0.435378,0.0179302,0.101147,0.010463,0.798829,2.60896,0.457467,-0.558048,0.0778881,10,0,182.159,154.295,127.255,105.139,85.6478,72.4848,63.9426,53.2782,1.44887,0.939205,0.456826,0.162521,0.0142849,0.0516879,0.0525351,0.0325608
0.29,-1.04824e-06,2.19804e-05,0.94985,3.38051,0.000259976,0.00113627,-2.56391,-1.1217,-0.580352,-0.148766,0.0980324,0.182848,0.162734,0.100716,0.00302926,0.00953875,0.0042922,-0.00362534,-0.0125205,-0.0191864,-0.025239,-0.0335817,0.0749476,0.0264092,-0.0219577,-0.0296571,-0.013836,0.0038054,0.0118946,0.00970996,-1.49646,0.00313198,0.435436,0.0223726,0.114706,0.0130323,0.907446,2.73624,0.5217,-0.651227,0.0901693,10,0,182.072,154.185,127.152,105.05,85.5806,72.4379,63.9128,53.2609,1.46691,0.997238,0.493886,0.183023,0.0204278,0.049113,0.0525119,0.0331639
0.295,-1.2697e-06,2.31563e-05,0.94985,3.86724,0.000307916,0.00122577,-2.95738,-1.24628,-0.649506,-0.177058,0.0972893,0.195041,0.176661,0.110598,0.00436593,0.0127924,0.00671723,-0.00220921,-0.0119711,-0.0191976,-0.0254695,-0.033804,0.103527,0.0366167,-0.0226722,-0.0345701,-0.0180527,0.00198834,0.0118887,0.0101851,-1.49634,0.00374417,0.435507,0.0276188,0.128843,0.016069,1.10866,2.86139,0.638294,-0.752628,0.103397,10,0,181.945,153.976,126.945,104.878,85.452,72.3489,63.8562,53.228,1.48987,1.01417,0.486231,0.175959,0.0192201,0.0504148,0.0530397,0.033615
0.3,-1.52177e-06,2.44651e-05,0.94985,4.38673,0.000356996,0.00132264,-3.35667,-1.40467,-0.721097,-0.206418,0.0961346,0.207204,0.190748,0.120684,0.00595577,0.0165544,0.00956769,-0.000492765,-0.0112568,-0.0191509,-0.0256997,-0.0340438,0.137089,0.0482016,-0.0230279,-0.0396697,-0.0226355,-0.000123327,0.011728,0.0105955,-1.49618,0.00442837,0.435596,0.0337791,0.143462,0.0196403,1.26054,2.93709,0.728795,-0.862216,0.11755,10,0,181.853,153.829,126.796,104.753,85.3583,72.284,63.8149,53.2039,1.50515,1.02451,0.482908,0.17011,0.0178937,0.0529819,0.0543358,0.0342637
0.305,-1.80456e-06,2.59186e-05,0.949851,4.93791,0.000404609,0.00142654,-3.75126,-1.60947,-0.794297,-0.236033,0.0951593,0.219675,0.205139,0.131012,0.00780433,0.0208076,0.0128534,0.00155225,-0.0103483,-0.0190243,-0.025917,-0.0342954,0.175941,0.0615247,-0.0229565,-0.0448897,-0.0275318,-0.00249643,0.0114276,0.0109444,-1.496,0.00518701,0.435703,0.0409299,0.158579,0.0237958,1.49931,3.0601,0.870571,-0.979922,0.132601,10,0,181.696,153.603,126.562,104.555,85.2088,72.18,63.7486,53.1652,1.52998,1.04154,0.49241,0.168691,0.0183251,0.0572332,0.0570655,0.0356896
0.31,-2.11317e-06,2.74799e-05,0.949851,5.51952,0.00044765,0.0015366,-4.13359,-1.86762,-0.869444,-0.266012,0.0944667,0.23262,0.219959,0.141643,0.00990622,0.0255114,0.0165654,0.00394655,-0.00921597,-0.0187931,-0.0261054,-0.0345511,0.220377,0.0771445,-0.0224763,-0.0502613,-0.0327553,-0.00512963,0.0109952,0.0112373,-1.49577,0.00602271,0.435833,0.0491336,0.174245,0.0285799,1.67356,3.14807,0.976098,-1.10566,0.148521,10,0,181.573,153.454,126.402,104.418,85.1049,72.1074,63.7022,53.1381,1.54871,1.05317,0.511368,0.175691,0.0196985,0.0591341,0.0588856,0.0367843
0.315,-2.43852e-06,2.90815e-05,0.949851,6.13014,0.000482827,0.0016515,-4.49922,-2.18055,-0.947754,-0.29726,0.0936447,0.24595,0.235243,0.152618,0.0122459,0.0306048,0.0206732,0.00670008,-0.00783251,-0.0184304,-0.0262463,-0.0348013,0.270664,0.0957859,-0.0216624,-0.0558907,-0.0383823,-0.00805967,0.0104219,0.0114761,-1.4955,0.00693839,0.435989,0.0584256,0.190518,0.0340243,1.93144,3.29808,1.13471,-1.23932,0.165273,10,0,181.367,153.242,126.168,104.215,84.9486,71.9975,63.6316,53.0966,1.58131,1.07021,0.560979,0.201406,0.024737,0.0586978,0.0606292,0.038277
0.32,-2.76794e-06,3.06429e-05,0.949851,6.76818,0.000506994,0.00176971,-4.8466,-2.54478,-1.03102,-0.331291,0.0918103,0.259289,0.25089,0.163931,0.0147992,0.0360112,0.025124,0.00980942,-0.00617471,-0.0179083,-0.0263185,-0.0350343,0.327035,0.118283,-0.0206102,-0.0619288,-0.0445373,-0.0113597,0.00967928,0.0116562,-1.49518,0.00793719,0.436173,0.0688027,0.20744,0.0401397,2.11002,3.39996,1.24574,-1.38078,0.182817,10,0,181.222,153.119,126.023,104.088,84.8487,71.9266,63.5857,53.0695,1.60652,1.0811,0.607958,0.229486,0.0337843,0.0553544,0.0605852,0.0389381
0.325,-3.08362e-06,3.20704e-05,0.949851,7.4319,0.000517513,0.00188906,-5.17777,-2.95111,-1.12155,-0.370202,0.087572,0.271917,0.266616,0.175503,0.0175358,0.0416467,0.0298448,0.0132559,-0.00422607,-0.0171996,-0.0262994,-0.0352371,0.389705,0.145535,-0.0194037,-0.0685542,-0.0513888,-0.0151425,0.00871378,0.0117624,-1.49481,0.00902245,0.43639,0.0801477,0.225043,0.0468718,2.32308,3.56741,1.38499,-1.52992,0.201109,10,0,181.811,153.005,125.873,103.947,84.733,71.8417,63.5297,53.036,1.65507,1.09441,0.706428,0.297027,0.0653883,0.0423285,0.0568798,0.0387684
0.33,-3.35514e-06,3.32456e-05,0.949851,8.11942,0.000512924,0.00200615,-5.50238,-3.37298,-1.23285,-0.41504,0.0801283,0.283298,0.282123,0.187204,0.0204295,0.0474396,0.0347479,0.0170022,-0.00198349,-0.016283,-0.0261669,-0.0353951,0.458915,0.178456,-0.0180585,-0.0758513,-0.0590298,-0.0194861,0.00747684,0.0117734,-1.49438,0.0101971,0.436642,0.0922297,0.243077,0.0540983,2.44152,3.60781,1.4627,-1.68655,0.220101,10,0,182.593,153.045,125.844,103.896,84.6853,71.8049,63.5042,53.0201,1.69994,1.09216,0.724145,0.301485,0.0671297,0.0422184,0.0567482,0.0388289
0.335,-3.55125e-06,3.41243e-05,0.949851,8.82872,0.000492772,0.00211861,-5.83386,-3.76881,-1.39504,-0.464124,0.0705758,0.293889,0.297502,0.199007,0.0234612,0.05332,0.0397284,0.0209871,0.00053576,-0.0151495,-0.0259036,-0.0354943,0.534875,0.217782,-0.0163605,-0.0836741,-0.0673388,-0.0243295,0.00598321,0.0116845,-1.49388,0.0114626,0.436931,0.104943,0.261384,0.0617673,2.5832,3.67986,1.56712,-1.85042,0.239739,10,0,183.836,153.154,125.842,103.845,84.63,71.7599,63.4719,52.9994,1.77331,1.08612,0.743605,0.311774,0.0709572,0.0421844,0.0569982,0.0391786
0.34,-3.66014e-06,3.47278e-05,0.949851,9.55767,0.000456455,0.0022252,-6.17988,-4.11123,-1.62733,-0.516916,0.0591889,0.303776,0.312745,0.21088,0.0266125,0.0591897,0.0446625,0.0251295,0.00329909,-0.0138002,-0.0254983,-0.0355236,0.617686,0.263946,-0.0137545,-0.09191,-0.0762619,-0.0296551,0.00423414,0.0114923,-1.49332,0.0128205,0.43726,0.118349,0.279997,0.0699267,2.70985,3.72327,1.65161,-2.02123,0.259966,10,0,184.686,153.197,125.83,103.8,84.5854,71.7242,63.4467,52.9834,1.82309,1.08418,0.754334,0.330008,0.0805997,0.0387881,0.0557067,0.0389945
0.345,-3.69221e-06,3.51153e-05,0.949851,10.304,0.000402639,0.00232533,-6.54051,-4.39277,-1.93342,-0.574156,0.045177,0.31242,0.327564,0.222701,0.0298603,0.064902,0.0494037,0.0293265,0.00625999,-0.012245,-0.0249445,-0.0354743,0.707354,0.317061,-0.00936114,-0.100501,-0.0858346,-0.0355146,0.00219554,0.0111833,-1.49269,0.0142722,0.437631,0.132623,0.298895,0.0786934,2.91825,3.79362,1.80536,-2.19869,0.280723,10,0,185.948,153.156,125.759,103.692,84.4896,71.6509,63.3963,52.952,1.89523,1.08812,0.764816,0.377136,0.109727,0.0275673,0.0497658,0.0372849
0.35,-3.67241e-06,3.53577e-05,0.949851,11.0654,0.000329298,0.00241858,-6.90909,-4.62342,-2.30369,-0.637391,0.0269883,0.318753,0.341385,0.234228,0.0331703,0.0702533,0.0537836,0.0334551,0.00935982,-0.0105001,-0.0242393,-0.0353395,0.803807,0.377004,-0.00209976,-0.109415,-0.0961473,-0.0420111,-0.00019984,0.01073,-1.49199,0.015819,0.438048,0.147932,0.317971,0.0881795,3.10538,3.80736,1.92758,-2.38245,0.301946,10,0,186.766,153.061,125.682,103.598,84.4104,71.5913,63.356,52.927,1.94031,1.09629,0.7681,0.420631,0.139294,0.0215002,0.0426546,0.0348828
0.355,-3.62713e-06,3.55166e-05,0.949851,11.8395,0.000234015,0.00250554,-7.27477,-4.82455,-2.71999,-0.708518,0.00270001,0.321373,0.353404,0.245095,0.0364674,0.0748962,0.0575397,0.0373311,0.0125137,-0.00858731,-0.0233773,-0.0351091,0.90876,0.44324,0.00892566,-0.118764,-0.107392,-0.0493237,-0.00306997,0.0100778,-1.49121,0.017461,0.438515,0.164315,0.336933,0.0984105,3.3433,3.75722,2.10965,-2.57216,0.323569,10,0,187.964,152.879,125.57,103.46,84.2971,71.5059,63.2976,52.8906,1.97612,1.10775,0.768125,0.500081,0.197789,0.0407362,0.0272601,0.0289438
0.36,-3.56405e-06,3.56353e-05,0.94985,12.6237,0.000110163,0.00258974,-7.62647,-5.0222,-3.15346,-0.798745,-0.0282667,0.319708,0.363168,0.25504,0.0395359,0.0779799,0.0599862,0.040503,0.0155152,-0.00655585,-0.0223388,-0.0347527,1.0326,0.514106,0.0236044,-0.129209,-0.120018,-0.0577534,-0.00660247,0.00912424,-1.49035,0.0191962,0.439036,0.181566,0.355247,0.109283,3.49031,3.62302,2.20944,-2.76732,0.345522,10,0,188.783,152.825,125.584,103.422,84.2548,71.4719,63.2729,52.8742,1.98364,1.11732,0.75854,0.516961,0.205495,0.0458639,0.0247506,0.0272875
0.365,-3.45858e-06,3.57259e-05,0.94985,13.4155,-5.66584e-05,0.00266963,-7.95593,-5.2405,-3.56319,-0.936133,-0.0639293,0.315046,0.371244,0.264218,0.0421098,0.0785067,0.0602685,0.0423574,0.0180335,-0.00453052,-0.0211384,-0.0342499,1.18619,0.588588,0.041872,-0.141096,-0.134175,-0.0673497,-0.0108313,0.00783313,-1.48939,0.0210209,0.439613,0.199436,0.372821,0.120692,3.60336,3.45942,2.34968,-2.96738,0.367732,10,0,189.944,152.824,125.681,103.424,84.2299,71.4468,63.2523,52.8588,1.99624,1.13958,0.74481,0.533019,0.213747,0.0506315,0.0231393,0.0258193
0.37,-3.57328e-06,3.6549e-05,0.94985,14.2122,-0.000292005,0.00276283,-8.18689,-5.61323,-3.89704,-1.11261,-0.103487,0.307365,0.377416,0.272454,0.0438703,0.0751422,0.0576383,0.0425669,0.0199479,-0.00254488,-0.0197789,-0.0335997,1.36692,0.666715,0.0651575,-0.152929,-0.149172,-0.0777853,-0.0156192,0.0062599,-1.48834,0.0229309,0.440258,0.224722,0.389411,0.136543,5.72453,3.2445,3.60702,-3.17174,0.390121,10,0,189.704,150.142,122.909,101.333,82.7695,70.4717,62.6481,52.5121,3.40032,1.29165,0.629735,0.50692,0.236249,0.0724969,0.0124584,0.0183976
0.375,-4.17806e-06,3.8889e-05,0.949849,15.0111,-0.000638378,0.00287272,-8.23839,-6.26439,-4.13728,-1.29949,-0.146051,0.296791,0.381535,0.279589,0.0442991,0.0662746,0.0510816,0.0407288,0.0211819,-0.000553381,-0.0182015,-0.0327698,1.5686,0.749528,0.0939171,-0.163355,-0.164352,-0.0887119,-0.0208086,0.00446917,-1.48714,0.0249203,0.44099,0.25216,0.40488,0.153841,5.33878,3.02345,3.47195,-3.37979,0.412602,10,0,189.508,150.795,123.713,101.858,83.1013,70.6866,62.7767,52.5815,2.94148,1.31032,0.725166,0.518139,0.229267,0.0638896,0.0156683,0.0199351
0.38,-4.57259e-06,4.11047e-05,0.949849,15.81,-0.00111793,0.00294854,-8.19722,-7.02114,-4.35084,-1.51994,-0.190718,0.284786,0.384626,0.286102,0.0430203,0.0513548,0.039183,0.0354772,0.0208408,0.00101628,-0.0165384,-0.031764,1.80387,0.83928,0.125737,-0.173496,-0.180373,-0.100379,-0.0264819,0.00242316,-1.48582,0.0269846,0.441809,0.277646,0.419532,0.170303,5.04266,2.87049,3.31181,-3.59105,0.435113,10,0,189.356,152.99,124.295,102.275,83.3779,70.868,62.8865,52.6417,2.67932,1.32686,0.758736,0.527401,0.241749,0.0699158,0.015427,0.018812
0.385,-4.37865e-06,4.23937e-05,0.949848,16.6063,-0.001731,0.0029601,-8.13067,-7.74138,-4.60808,-1.7773,-0.237892,0.271282,0.386746,0.292049,0.0398204,0.0301836,0.0208044,0.0255455,0.0179552,0.00159603,-0.015046,-0.0306618,2.07844,0.938553,0.159891,-0.183235,-0.197375,-0.112869,-0.0326765,0.000109256,-1.48438,0.02912,0.44271,0.301093,0.433476,0.185942,4.54355,2.72946,3.13621,-3.80502,0.457586,10,0,189.32,156.328,125.097,102.867,83.7681,71.1253,63.0432,52.7282,2.48787,1.36566,0.812177,0.544061,0.266911,0.0820115,0.0156333,0.0167225
0.39,-3.53085e-06,4.26403e-05,0.949847,17.3975,-0.00245461,0.00289807,-8.07418,-8.34867,-4.94338,-2.07517,-0.288248,0.255919,0.387772,0.297406,0.0346708,0.00288718,-0.00470584,0.00996484,0.0116314,0.000560976,-0.0140724,-0.0296109,2.39085,1.04944,0.197216,-0.1917,-0.215095,-0.126046,-0.0393175,-0.00242759,-1.48282,0.0313232,0.44369,0.323311,0.446847,0.201186,4.44244,2.62323,3.06382,-4.02121,0.479951,10,0,189.219,158.045,125.38,103.084,83.9034,71.2145,63.098,52.758,2.47186,1.40099,0.843246,0.557479,0.288323,0.0927045,0.0172269,0.0149744
0.395,-2.17253e-06,4.20735e-05,0.949846,18.181,-0.00325031,0.0027674,-8.03679,-8.82406,-5.35499,-2.42103,-0.342622,0.238178,0.387478,0.302099,0.0276876,-0.0301579,-0.03752,-0.011903,0.0011128,-0.00271025,-0.0140169,-0.0288075,2.73474,1.17318,0.239554,-0.197677,-0.233084,-0.13967,-0.0462763,-0.00511475,-1.48115,0.0335917,0.444748,0.345312,0.459702,0.216471,4.38453,2.51968,3.09366,-4.23911,0.502135,10,0,188.902,159.77,125.535,103.226,83.9735,71.2607,63.1274,52.7736,2.4811,1.45982,0.882907,0.581866,0.328587,0.11406,0.0240017,0.0119324
0.4,-4.74452e-07,4.09177e-05,0.949844,18.9542,-0.00407443,0.00257722,-8.01854,-9.17311,-5.81994,-2.82707,-0.402107,0.217342,0.385513,0.305997,0.0190811,-0.0683053,-0.0774109,-0.0404443,-0.0142518,-0.00882819,-0.0153085,-0.0284792,3.10209,1.31016,0.289028,-0.199957,-0.250941,-0.153532,-0.053442,-0.00788839,-1.47938,0.0359229,0.445883,0.367279,0.472073,0.231685,4.42686,2.42141,3.03994,-4.45829,0.52407,10,0,188.665,160.49,125.605,103.313,84.0112,71.2856,63.1441,52.7831,2.4392,1.48764,0.905994,0.602066,0.363165,0.133505,0.0322116,0.00997532
0.405,1.43825e-06,3.92456e-05,0.949843,19.7146,-0.0048847,0.0023339,-8.0144,-9.42569,-6.28677,-3.3095,-0.473448,0.192758,0.381594,0.309,0.00904624,-0.110681,-0.123785,-0.0758288,-0.0350357,-0.0183993,-0.0184008,-0.0288761,3.48381,1.46325,0.347518,-0.197592,-0.268536,-0.167565,-0.0607741,-0.010719,-1.47749,0.0383146,0.447094,0.38889,0.484014,0.246349,4.29323,2.34262,2.90508,-4.67832,0.545688,10,0,188.306,161.064,125.774,103.58,84.1515,71.3753,63.2024,52.8175,2.21418,1.44355,0.924372,0.633754,0.409836,0.155583,0.0430139,0.0119847
0.41,3.48417e-06,3.71179e-05,0.949842,20.46,-0.00565436,0.0020458,-8.01729,-9.61654,-6.71004,-3.85983,-0.58482,0.165759,0.376764,0.311649,-0.00197785,-0.155818,-0.175759,-0.118177,-0.061903,-0.0321434,-0.0238279,-0.0302878,3.85937,1.65656,0.415306,-0.190394,-0.286291,-0.181919,-0.0682939,-0.0136051,-1.4755,0.0407652,0.448378,0.410228,0.49576,0.260155,4.30097,2.30372,2.71881,-4.89884,0.566926,10,0,188.224,161.301,125.875,103.772,84.2428,71.4287,63.2375,52.8393,2.10606,1.42474,0.937509,0.650129,0.433265,0.165193,0.0495784,0.0165305
0.415,5.61231e-06,3.46365e-05,0.949841,21.1878,-0.00637285,0.0017215,-8.02207,-9.76802,-7.06796,-4.45145,-0.769321,0.137339,0.371876,0.314428,-0.0135727,-0.202347,-0.232541,-0.167557,-0.0955067,-0.0508059,-0.0321607,-0.033033,4.20939,1.9131,0.492409,-0.177765,-0.304296,-0.196685,-0.0760054,-0.0165337,-1.47341,0.0432748,0.449729,0.431412,0.507724,0.272814,4.2262,2.3964,2.46643,-5.11958,0.587724,10,0,188.249,161.438,125.996,104.078,84.3884,71.5043,63.2869,52.8714,1.94903,1.40361,0.964582,0.672774,0.47124,0.188867,0.0649266,0.0243433
0.42,7.78929e-06,3.18891e-05,0.94984,21.8958,-0.00703381,0.00136853,-8.02561,-9.89346,-7.35316,-5.05158,-1.05643,0.107438,0.367058,0.317481,-0.0255517,-0.249383,-0.293559,-0.223918,-0.136359,-0.0750481,-0.0439424,-0.037434,4.52448,2.24018,0.579178,-0.158441,-0.321984,-0.211787,-0.0838589,-0.0194674,-1.47121,0.0458454,0.45114,0.452582,0.52018,0.284042,4.28232,2.45835,2.177,-5.34038,0.608028,10,0,188.332,161.401,126.049,104.286,84.4891,71.5483,63.315,52.891,1.84036,1.38514,0.986494,0.688097,0.496949,0.211372,0.0779627,0.0297012
0.425,9.98724e-06,2.89291e-05,0.949839,22.582,-0.00762742,0.000993953,-8.02642,-9.99921,-7.56997,-5.62386,-1.46988,0.0749559,0.361637,0.320538,-0.0379398,-0.296439,-0.358386,-0.287063,-0.184803,-0.105416,-0.0596609,-0.0437993,4.80433,2.63167,0.676008,-0.130901,-0.338269,-0.22708,-0.0918111,-0.0223807,-1.4689,0.0484796,0.452605,0.473896,0.533103,0.293526,4.2748,2.57605,1.77696,-5.56115,0.627785,10,0,188.42,161.105,126.46,104.555,84.6435,71.6012,63.348,52.9166,1.64747,1.3158,1.00474,0.708505,0.535795,0.257928,0.102159,0.0377752
0.43,1.21369e-05,2.58862e-05,0.949839,23.2442,-0.00814525,0.000611294,-8.02512,-10.072,-7.75331,-6.12726,-2.02119,0.0379163,0.354153,0.322874,-0.0507505,-0.343384,-0.426768,-0.35659,-0.240856,-0.142206,-0.0796665,-0.0523874,5.05424,3.07049,0.783176,-0.0935111,-0.351489,-0.242296,-0.0998035,-0.0252564,-1.46649,0.0511785,0.454113,0.497148,0.545942,0.301805,4.82665,2.49219,1.64094,-5.78176,0.646947,10,0,188.471,160.688,126.352,104.289,84.43,71.4146,63.2325,52.8562,1.7531,1.40046,1.07213,0.725432,0.553023,0.293101,0.120729,0.0438892
0.435,1.41707e-05,2.29201e-05,0.949838,23.8805,-0.00858397,0.000231764,-8.02279,-10.0982,-7.92623,-6.54928,-2.70283,-0.00597039,0.342791,0.323523,-0.0640127,-0.390134,-0.498236,-0.43157,-0.30575,-0.185034,-0.103891,-0.0632705,5.2823,3.53398,0.900723,-0.0452066,-0.35978,-0.257167,-0.107798,-0.0280992,-1.46395,0.0539401,0.45566,0.521638,0.558166,0.308247,4.93601,2.34835,1.14368,-6.002,0.665461,10,0,188.52,160.05,126.668,104.426,84.5591,71.4142,63.2279,52.8617,1.57366,1.30663,1.10202,0.746867,0.565699,0.348276,0.149331,0.0532117
0.44,1.61305e-05,1.9833e-05,0.949838,24.4892,-0.00892531,-0.000148703,-8.01824,-10.0926,-8.0716,-6.88999,-3.50503,-0.0617278,0.325449,0.321358,-0.0782171,-0.436493,-0.571303,-0.509984,-0.385002,-0.232405,-0.13156,-0.0761833,5.50034,4.00182,1.02875,0.0142529,-0.361766,-0.271793,-0.11596,-0.0310211,-1.4613,0.0567596,0.457232,0.546108,0.5692,0.312054,4.94142,2.07685,0.659107,-6.22156,0.683285,10,0,188.452,159.52,126.794,104.558,84.7416,71.4786,63.2636,52.8878,1.53237,1.20198,1.05627,0.750665,0.568681,0.390871,0.172293,0.0614881
0.445,1.80428e-05,1.64396e-05,0.949837,25.0689,-0.0091483,-0.000531983,-8.00931,-10.0685,-8.18959,-7.13973,-4.3899,-0.165177,0.302558,0.316681,-0.093837,-0.482199,-0.644297,-0.590091,-0.482942,-0.283337,-0.162174,-0.0909548,5.71883,4.45256,1.17729,0.0845375,-0.356554,-0.286571,-0.12444,-0.034073,-1.45852,0.0596338,0.458815,0.570315,0.580149,0.312703,4.87446,2.13967,-0.0795659,-6.44023,0.700378,10,0,188.396,158.787,126.883,104.694,85.0413,71.6035,63.3268,52.9325,1.80063,1.16667,0.967739,0.738407,0.554196,0.420302,0.183918,0.0675431
0.45,1.98747e-05,1.27595e-05,0.949837,25.618,-0.00924888,-0.000912532,-7.99209,-10.0349,-8.28141,-7.3201,-5.27404,-0.375118,0.275516,0.310324,-0.110939,-0.526655,-0.715655,-0.670667,-0.602206,-0.33751,-0.195653,-0.107598,5.94225,4.86128,1.37465,0.164528,-0.343558,-0.301907,-0.133423,-0.0373153,-1.45562,0.0625621,0.460393,0.594731,0.590853,0.310126,4.96461,2.04313,-0.639718,-6.65792,0.716707,10,0,188.412,158.381,126.838,104.697,85.1751,71.6715,63.3535,52.9532,2.02683,1.19922,0.925995,0.729225,0.541623,0.440481,0.196259,0.0734618
0.455,2.15637e-05,9.00288e-06,0.949838,26.1352,-0.00924235,-0.00127705,-7.96249,-9.99316,-8.3533,-7.45843,-6.0826,-0.735567,0.244614,0.302449,-0.129146,-0.569174,-0.78438,-0.750982,-0.743025,-0.39496,-0.232168,-0.126255,6.16862,5.21315,1.63856,0.25347,-0.321929,-0.317422,-0.142906,-0.0407478,-1.4526,0.0655423,0.46195,0.620641,0.600803,0.304756,5.3471,1.8598,-1.24428,-6.87451,0.732241,10,0,188.329,157.667,126.397,104.417,85.0578,71.6021,63.2743,52.9156,2.07572,1.18135,0.915515,0.749464,0.529869,0.464427,0.221278,0.0851668
0.46,2.30146e-05,5.4609e-06,0.949838,26.6194,-0.0091517,-0.00161104,-7.91327,-9.9463,-8.41338,-7.573,-6.76744,-1.26852,0.209165,0.292586,-0.147934,-0.609181,-0.849898,-0.830626,-0.903376,-0.455867,-0.271987,-0.147122,6.39047,5.50543,1.97316,0.350895,-0.29094,-0.332093,-0.152773,-0.0443465,-1.44944,0.068568,0.463473,0.648723,0.608935,0.29679,5.75007,1.45465,-1.68481,-7.08973,0.746945,10,0,188.236,157.221,126.017,104.188,84.8719,71.5249,63.192,52.8736,2.07233,1.16202,0.911742,0.768994,0.526938,0.476128,0.244121,0.0956435
0.465,2.41912e-05,2.28323e-06,0.949838,27.0696,-0.00899766,-0.00190706,-7.83892,-9.89664,-8.4672,-7.67493,-7.30675,-1.97438,0.167592,0.279665,-0.166846,-0.646122,-0.911821,-0.909449,-1.07962,-0.521114,-0.315286,-0.170337,6.59766,5.74772,2.3693,0.456436,-0.250215,-0.34453,-0.162907,-0.0481179,-1.44613,0.0716262,0.46495,0.679067,0.613754,0.286343,6.23516,0.63147,-2.22573,-7.30309,0.760787,10,0,188.015,156.585,125.35,103.77,84.4105,71.3743,63.0297,52.7881,2.05858,1.1337,0.902512,0.798032,0.528772,0.483762,0.286156,0.114992
0.47,2.50912e-05,-4.83393e-07,0.949839,27.4853,-0.00879577,-0.00216159,-7.73582,-9.84518,-8.51796,-7.77031,-7.70179,-2.83326,0.11767,0.262176,-0.185545,-0.679693,-0.970109,-0.987578,-1.26257,-0.598092,-0.361426,-0.195567,6.77909,5.95797,2.80827,0.5698,-0.199694,-0.353148,-0.1732,-0.0520996,-1.44267,0.0746956,0.466368,0.711378,0.613464,0.27404,6.57164,-0.340024,-2.49806,-7.51377,0.773732,10,0,187.778,156.148,124.842,103.422,83.9792,71.2476,62.9007,52.7194,2.04817,1.12506,0.894069,0.814224,0.532846,0.480126,0.318375,0.130285
0.475,2.5723e-05,-2.84226e-06,0.94984,27.8661,-0.00855294,-0.00237001,-7.60182,-9.79202,-8.56708,-7.86202,-7.974,-3.79748,0.0420739,0.239398,-0.204005,-0.710424,-1.02529,-1.06533,-1.44136,-0.695488,-0.409631,-0.222376,6.93261,6.1485,3.26695,0.691475,-0.139587,-0.356442,-0.183595,-0.0562837,-1.43904,0.077751,0.46772,0.745698,0.609057,0.259847,7.04018,-1.08696,-2.97882,-7.72081,0.785751,10,0,187.36,155.543,124.11,102.905,83.3059,71.0745,62.7288,52.6275,2.01081,1.11337,0.8771,0.829352,0.54084,0.459211,0.349368,0.143045
0.48,2.6107e-05,-4.81737e-06,0.94984,28.2117,-0.0082727,-0.00253018,-7.43562,-9.73681,-8.61487,-7.95099,-8.16319,-4.78001,-0.111437,0.212456,-0.222311,-0.738904,-1.07777,-1.14283,-1.60791,-0.818597,-0.459537,-0.25057,7.05883,6.32929,3.71578,0.836132,-0.0708159,-0.353546,-0.194235,-0.0606409,-1.43523,0.0807777,0.468994,0.782031,0.601903,0.243356,7.40002,-1.66097,-3.32192,-7.92373,0.796828,10,0,187,155.13,123.622,102.527,82.8395,70.9411,62.6233,52.5685,2.05632,1.13426,0.855818,0.82505,0.548045,0.443495,0.365344,0.150043
0.485,2.62816e-05,-6.48228e-06,0.949841,28.5222,-0.00797422,-0.00266163,-7.23488,-9.67978,-8.66232,-8.03853,-8.30699,-5.69779,-0.391987,0.181948,-0.239603,-0.762056,-1.125,-1.21869,-1.7519,-0.972217,-0.51123,-0.280232,7.12181,6.52174,4.14276,1.02873,0.00548457,-0.343974,-0.205121,-0.065184,-1.43124,0.08376,0.470178,0.81976,0.591254,0.224195,7.61257,-2.45871,-4.02164,-8.12206,0.806955,10,0,186.483,154.681,123.096,102.08,82.3258,70.7551,62.5282,52.5091,2.03446,1.13937,0.829828,0.825545,0.567412,0.423495,0.385448,0.164358
0.49,2.62743e-05,-7.86653e-06,0.949841,28.7982,-0.00765774,-0.00275798,-6.99952,-9.62034,-8.70902,-8.12493,-8.44166,-6.48226,-0.832808,0.147644,-0.256241,-0.781221,-1.16766,-1.29276,-1.86952,-1.15433,-0.564907,-0.311528,7.13515,6.71309,4.53034,1.28334,0.0885117,-0.327383,-0.215906,-0.069918,-1.42706,0.0866767,0.471258,0.857829,0.575614,0.202063,7.64282,-3.42556,-4.46952,-8.31505,0.816127,10,0,186.05,154.415,122.802,101.775,82.0533,70.5639,62.4749,52.4701,2.01007,1.14415,0.812468,0.820148,0.575976,0.412305,0.395309,0.178073
0.495,2.61047e-05,-8.9913e-06,0.949842,29.0401,-0.00731718,-0.00281012,-6.73065,-9.55766,-8.75396,-8.21007,-8.59564,-7.08944,-1.44521,0.108693,-0.272808,-0.798539,-1.20697,-1.36484,-1.96684,-1.3542,-0.620843,-0.344706,7.12191,6.89225,4.86111,1.60217,0.177666,-0.303768,-0.22597,-0.0748542,-1.42268,0.0894974,0.472217,0.895413,0.552928,0.17682,7.45557,-5.14127,-5.24121,-8.50154,0.824335,10,0,185.291,154.052,122.427,101.298,81.7389,70.1511,62.3958,52.4025,1.96601,1.12684,0.782643,0.809059,0.585898,0.401627,0.402189,0.204895
0.5,2.57952e-05,-9.88983e-06,0.949842,29.2491,-0.0069496,-0.00281467,-6.43001,-9.49113,-8.79622,-8.29398,-8.78339,-7.50819,-2.21494,0.063861,-0.289713,-0.8156,-1.24406,-1.43505,-2.05162,-1.55994,-0.679195,-0.379894,7.09894,7.05654,5.12614,1.97535,0.2725,-0.273441,-0.234463,-0.0799862,-1.41813,0.0921806,0.473042,0.931519,0.52081,0.148885,7.1101,-6.79322,-5.60156,-8.67985,0.831568,10,0,184.707,153.807,122.205,100.956,81.5496,69.7954,62.3414,52.3492,1.93791,1.1105,0.755877,0.803352,0.594779,0.400413,0.400645,0.226194
0.505,2.53483e-05,-1.06288e-05,0.949843,29.4263,-0.00655308,-0.00278722,-6.09873,-9.42076,-8.83606,-8.37756,-8.99549,-7.78033,-3.09007,0.0116972,-0.306906,-0.831071,-1.27676,-1.5014,-2.1278,-1.7586,-0.740127,-0.417226,7.07715,7.15045,5.36639,2.39633,0.372836,-0.236756,-0.240201,-0.0852074,-1.41339,0.0946703,0.473719,0.9652,0.476281,0.11876,6.44425,-9.78919,-6.16851,-8.84761,0.83781,10,0,183.581,153.287,121.798,100.347,81.172,69.042,62.1824,52.2216,1.98442,1.21618,0.757447,0.786569,0.58932,0.387075,0.38529,0.262811
0.51,2.47928e-05,-1.12554e-05,0.949844,29.5733,-0.00612763,-0.00272564,-5.73996,-9.34604,-8.87292,-8.46124,-9.21701,-7.96388,-3.9985,-0.0653086,-0.324301,-0.845087,-1.30565,-1.56428,-2.19859,-1.94032,-0.803349,-0.456451,7.06064,7.17793,5.58152,2.84721,0.478818,-0.194302,-0.242296,-0.0904567,-1.4085,0.0969119,0.474237,0.995912,0.423256,0.0861566,6.02241,-10.825,-6.50577,-9.0025,0.843052,10,0,182.927,153.067,121.643,100.045,81.0254,68.6614,62.1747,52.1795,1.94848,1.21025,0.741041,0.7818,0.596798,0.392886,0.37155,0.276567
0.515,2.41742e-05,-1.17973e-05,0.949844,29.6921,-0.00567748,-0.00262538,-5.3582,-9.26585,-8.90555,-8.54489,-9.44396,-8.09647,-4.86685,-0.212086,-0.341914,-0.85854,-1.33246,-1.62523,-2.26671,-2.09955,-0.868373,-0.497151,7.04966,7.16755,5.76692,3.2934,0.599105,-0.147132,-0.240589,-0.0958304,-1.40346,0.098873,0.474584,1.02324,0.364402,0.0506778,5.15707,-12.1785,-7.29003,-9.14314,0.847318,10,0,182.702,152.828,121.544,99.7258,80.9088,68.2527,62.2606,52.1621,1.88062,1.21758,0.691988,0.768296,0.607325,0.413022,0.35501,0.293933
0.52,2.35527e-05,-1.23024e-05,0.949845,29.7849,-0.00521026,-0.00248975,-4.95961,-9.17796,-8.93229,-8.62814,-9.67724,-8.20275,-5.63561,-0.467248,-0.359776,-0.872075,-1.35844,-1.68542,-2.33394,-2.23402,-0.93473,-0.538934,7.04328,7.14148,5.93158,3.69514,0.748986,-0.0963995,-0.235246,-0.101391,-1.3983,0.100523,0.474743,1.0456,0.299132,0.012351,4.23125,-13.2835,-7.65194,-9.26822,0.850638,10,0,182.995,152.681,121.517,99.579,80.8583,68.0601,62.3433,52.1654,1.8445,1.25394,0.666466,0.757451,0.613642,0.429879,0.34679,0.301996
0.525,2.29696e-05,-1.28088e-05,0.949846,29.8543,-0.00473409,-0.00232767,-4.55075,-9.08046,-8.95189,-8.71058,-9.91006,-8.31557,-6.25405,-0.852333,-0.377956,-0.885957,-1.38394,-1.7451,-2.40092,-2.34318,-1.00181,-0.581384,7.04034,7.11403,6.08257,4.02662,0.938951,-0.042866,-0.226365,-0.106994,-1.39304,0.101825,0.474703,1.0613,0.225578,-0.0282366,2.57728,-15.331,-8.22955,-9.37607,0.853047,10,0,183.473,152.435,121.484,99.4126,80.7663,67.8259,62.4293,52.1688,1.80634,1.33491,0.644853,0.738079,0.609786,0.434738,0.328686,0.304383
0.53,2.24787e-05,-1.3357e-05,0.949846,29.9034,-0.00425804,-0.00215079,-4.14249,-8.96477,-8.96508,-8.79255,-10.1326,-8.46821,-6.68868,-1.36624,-0.396382,-0.899782,-1.40854,-1.80365,-2.46692,-2.43287,-1.0682,-0.623687,7.0393,7.09238,6.22466,4.28208,1.17261,0.012977,-0.214176,-0.112364,-1.38772,0.102733,0.474454,1.06827,0.142243,-0.070386,0.988098,-16.9212,-8.40373,-9.46451,0.854581,10,0,184.086,152.507,121.641,99.4261,80.7278,67.7454,62.4707,52.1815,1.77117,1.34648,0.630986,0.73369,0.605872,0.434011,0.318163,0.299407
0.535,2.21842e-05,-1.40105e-05,0.949847,29.9355,-0.00379715,-0.00197111,-3.75333,-8.81008,-8.97502,-8.87557,-10.3443,-8.65766,-6.9692,-1.96531,-0.414648,-0.912334,-1.43169,-1.86108,-2.5321,-2.51013,-1.13338,-0.665481,7.03871,7.07842,6.35997,4.48218,1.43728,0.0705011,-0.199079,-0.117037,-1.3824,0.103194,0.473991,1.06486,0.0477602,-0.113713,-1.50774,-19.6245,-8.72826,-9.53095,0.855274,10,0,184.981,152.532,121.859,99.4504,80.6323,67.6574,62.4058,52.1661,1.70932,1.35475,0.607177,0.730498,0.603271,0.424808,0.293537,0.27255
0.54,2.21173e-05,-1.47802e-05,0.949848,29.9545,-0.00336644,-0.00179975,-3.40035,-8.59924,-8.98341,-8.96077,-10.5478,-8.86462,-7.15435,-2.58602,-0.432381,-0.922615,-1.45272,-1.91719,-2.59665,-2.57971,-1.19742,-0.706716,7.03778,7.07126,6.49018,4.64771,1.71928,0.129393,-0.181452,-0.120537,-1.37712,0.103152,0.473307,1.04956,-0.0578711,-0.157995,-3.57528,-21.2942,-8.83306,-9.57256,0.855169,10,0,185.458,152.399,121.92,99.4001,80.5111,67.5924,62.3476,52.1698,1.66654,1.36343,0.597011,0.725218,0.600141,0.422359,0.289451,0.258239
0.545,2.22374e-05,-1.56265e-05,0.949848,29.9644,-0.00297688,-0.00164466,-3.09783,-8.32063,-8.9904,-9.04886,-10.7444,-9.07983,-7.28256,-3.17632,-0.449303,-0.930059,-1.47089,-1.97139,-2.66036,-2.64444,-1.26039,-0.747384,7.03635,7.06889,6.61695,4.79205,2.01013,0.189722,-0.161628,-0.122585,-1.37196,0.102552,0.472399,1.02121,-0.17389,-0.203155,-6.64338,-23.7793,-9.08624,-9.58656,0.854315,10,0,185.94,151.947,121.905,99.2479,80.2716,67.483,62.2473,52.1913,1.60143,1.37484,0.588386,0.714528,0.593731,0.421138,0.292151,0.241087
0.55,2.24595e-05,-1.64785e-05,0.949849,29.9699,-0.00263406,-0.00150979,-2.85634,-7.96985,-8.99534,-9.13684,-10.9361,-9.30019,-7.3779,-3.69541,-0.465233,-0.934491,-1.48549,-2.02291,-2.72277,-2.70596,-1.32235,-0.787467,7.03458,7.06919,6.74177,4.92388,2.3047,0.251667,-0.139901,-0.123065,-1.36697,0.101347,0.471262,0.979306,-0.299118,-0.249094,-8.8971,-25.0553,-9.16434,-9.57035,0.852776,10,0,186.084,151.471,121.824,99.0958,80.0818,67.4025,62.1743,52.2099,1.5581,1.37886,0.586652,0.702742,0.587529,0.42076,0.29712,0.232294
0.555,2.26831e-05,-1.72536e-05,0.94985,29.9749,-0.00233845,-0.00139551,-2.68108,-7.5492,-8.99682,-9.22297,-11.1216,-9.526,-7.45525,-4.11372,-0.480097,-0.936193,-1.49598,-2.07083,-2.7832,-2.76507,-1.38325,-0.826933,7.0327,7.07042,6.8658,5.04883,2.60066,0.315372,-0.116568,-0.122,-1.36223,0.0994925,0.469894,0.924001,-0.432026,-0.295741,-11.9841,-26.921,-9.36845,-9.5216,0.850613,10,0,186.102,150.554,121.645,98.8293,79.783,67.2842,62.0629,52.235,1.50042,1.37366,0.59063,0.677336,0.575168,0.419521,0.306244,0.222816
0.56,2.27977e-05,-1.78605e-05,0.94985,29.9799,-0.00208359,-0.00129741,-2.56214,-7.07565,-8.99289,-9.30576,-11.2956,-9.75839,-7.52352,-4.41413,-0.494078,-0.936347,-1.50232,-2.11426,-2.84078,-2.82203,-1.44299,-0.86573,7.03084,7.07137,6.98988,5.1706,2.8975,0.380892,-0.0919576,-0.119544,-1.3578,0.0969563,0.46829,0.856833,-0.570615,-0.342926,-13.9074,-27.7283,-9.37155,-9.43789,0.847809,10,0,185.729,149.592,121.317,98.5156,79.5104,67.167,61.9619,52.2283,1.39083,1.35554,0.602406,0.650326,0.562997,0.417236,0.31224,0.219012
0.565,2.26366e-05,-1.81647e-05,0.94985,29.9844,-0.00185466,-0.00121372,-2.47931,-6.5793,-8.98103,-9.38346,-11.4525,-9.98886,-7.58644,-4.61504,-0.507678,-0.936488,-1.50366,-2.15039,-2.89253,-2.87522,-1.50057,-0.903431,7.02954,7.07212,7.08869,5.30186,3.2075,0.448313,-0.0665534,-0.115957,-1.35372,0.0937275,0.46645,0.784775,-0.707996,-0.390185,-14.6621,-27.1895,-9.44916,-9.318,0.844343,10,0,185.178,148.898,120.928,98.1525,79.1692,67.024,61.7834,52.1465,1.36432,1.37776,0.733776,0.633458,0.533544,0.389253,0.285215,0.184645
0.57,2.21795e-05,-1.81864e-05,0.949851,29.9883,-0.00163244,-0.00114579,-2.41737,-6.08402,-8.95868,-9.45482,-11.5902,-10.2032,-7.64544,-4.7525,-0.521284,-0.936967,-1.49889,-2.17684,-2.93598,-2.9231,-1.55502,-0.939606,7.02899,7.07254,7.1315,5.4649,3.53986,0.517533,-0.0408579,-0.111552,-1.35002,0.0898192,0.464371,0.7082,-0.842632,-0.437778,-15.3909,-26.6621,-9.40499,-9.162,0.84022,10,0,185.059,149.21,120.933,98.1243,79.1008,67.0316,61.7334,52.1291,1.41147,1.34155,0.756423,0.607063,0.522933,0.38262,0.278869,0.172681
0.575,2.15109e-05,-1.80044e-05,0.949851,29.9916,-0.00140977,-0.00108837,-2.36526,-5.6087,-8.92373,-9.51849,-11.7047,-10.3912,-7.70201,-4.85033,-0.535006,-0.938083,-1.489,-2.19476,-2.97211,-2.96646,-1.60664,-0.974327,7.02829,7.07152,7.13763,5.65749,3.88299,0.588273,-0.015167,-0.106597,-1.3467,0.0852434,0.462055,0.626627,-0.975221,-0.485255,-16.625,-26.3927,-9.41232,-8.97001,0.835451,10,0,184.808,149.631,120.905,98.0735,79.0506,67.0194,61.658,52.1009,1.46279,1.28394,0.814542,0.564326,0.502513,0.373284,0.27369,0.162596
0.58,2.06451e-05,-1.76223e-05,0.949851,29.9943,-0.00118529,-0.00103592,-2.30912,-5.17547,-8.87386,-9.57178,-11.7985,-10.5393,-7.75719,-4.92365,-0.54903,-0.940664,-1.47529,-2.2052,-3.00148,-3.00561,-1.65551,-1.0076,7.02699,7.06882,7.12543,5.87401,4.22755,0.660558,0.0104963,-0.101259,-1.34381,0.0800075,0.459502,0.540208,-1.10663,-0.532055,-17.2565,-26.1542,-9.14018,-8.74198,0.830042,10,0,184.562,149.816,120.809,97.9847,78.9234,66.9504,61.5824,52.0707,1.46294,1.24443,0.871613,0.531563,0.471368,0.354052,0.264048,0.155917
0.585,1.95958e-05,-1.70468e-05,0.949852,29.9965,-0.00096148,-0.000985494,-2.23802,-4.80135,-8.80715,-9.6108,-11.8733,-10.6475,-7.80814,-4.98017,-0.56344,-0.945325,-1.45912,-2.20924,-3.02441,-3.04025,-1.70129,-1.03919,7.02507,7.06487,7.10775,6.10706,4.56699,0.73469,0.036555,-0.0954537,-1.34136,0.0741207,0.456718,0.450414,-1.23559,-0.577459,-18.0586,-25.5984,-8.87059,-8.47806,0.824004,10,0,184.275,150.066,120.656,97.831,78.6093,66.6847,61.3633,51.9758,1.46497,1.19439,0.97144,0.49675,0.394912,0.277434,0.209999,0.128666
0.59,1.84269e-05,-1.63336e-05,0.949852,29.9982,-0.000740162,-0.000937794,-2.14383,-4.50399,-8.71219,-9.63484,-11.93,-10.7247,-7.85163,-5.02379,-0.578244,-0.952073,-1.44137,-2.20786,-3.0412,-3.06993,-1.74335,-1.06866,7.02279,7.06041,7.09191,6.34873,4.89651,0.810916,0.0634798,-0.0890169,-1.33936,0.0675976,0.453713,0.358848,-1.36126,-0.620373,-18.0412,-25.0319,-8.23991,-8.17882,0.817352,10,0,184.278,150.365,120.746,97.9062,78.4842,66.5435,61.2256,51.9075,1.47531,1.16273,0.993407,0.494964,0.373923,0.24884,0.179827,0.111501
0.595,1.72793e-05,-1.5614e-05,0.949853,29.9995,-0.000526553,-0.000895935,-2.02978,-4.28208,-8.5805,-9.647,-11.9714,-10.7775,-7.88629,-5.05705,-0.593143,-0.959976,-1.42265,-2.20212,-3.05229,-3.09422,-1.78106,-1.09552,7.0205,7.05626,7.0809,6.59133,5.21329,0.88934,0.0915674,-0.0818375,-1.33783,0.0604561,0.450503,0.267,-1.48327,-0.659702,-18.2038,-24.2013,-7.48635,-7.84513,0.810107,10,0,184.517,150.777,120.743,97.9418,78.2172,66.2898,61.0018,51.7922,1.45473,1.05189,1.00177,0.495274,0.350067,0.220566,0.137434,0.0859305
0.6,1.62785e-05,-1.50195e-05,0.949853,30.0006,-0.000328456,-0.000862576,-1.90947,-4.10947,-8.42074,-9.64947,-11.9992,-10.8108,-7.9116,-5.08167,-0.607685,-0.967818,-1.40338,-2.1928,-3.05794,-3.11276,-1.81388,-1.11937,7.0184,7.05292,7.07492,6.82862,5.51679,0.969981,0.120978,-0.0738636,-1.33674,0.052715,0.447106,0.17625,-1.60143,-0.694674,-17.6633,-23.6246,-6.56804,-7.47805,0.80229,10,0,184.624,150.942,120.673,97.9699,78.0415,66.1277,60.8577,51.714,1.44064,1.00688,1.00803,0.498174,0.343339,0.215219,0.115574,0.0704543
0.605,1.54678e-05,-1.45998e-05,0.949853,30.0015,-0.000148818,-0.000839613,-1.79258,-3.96828,-8.23766,-9.64397,-12.0153,-10.828,-7.92778,-5.09887,-0.621624,-0.974687,-1.38352,-2.18003,-3.05807,-3.12512,-1.84137,-1.13986,7.01661,7.05078,7.07297,7.05271,5.80935,1.05281,0.151774,-0.0650825,-1.33611,0.0443941,0.443548,0.0879423,-1.71561,-0.724396,-17.2737,-22.6502,-5.5176,-7.0788,0.793924,10,0,184.712,151.086,120.546,98.0167,77.8063,65.8983,60.6522,51.5975,1.41924,0.966971,1.01686,0.505922,0.34327,0.22214,0.0949369,0.0504085
0.61,1.48184e-05,-1.43576e-05,0.949853,30.0021,1.62908e-05,-0.000836966,-1.68558,-3.84666,-8.03281,-9.63185,-12.0226,-10.8332,-7.936,-5.10989,-0.635053,-0.980173,-1.36161,-2.16042,-3.04782,-3.1268,-1.86038,-1.15531,7.01621,7.05124,7.07527,7.18253,6.14798,1.13908,0.184496,-0.0552557,-1.33591,0.0355135,0.439864,0.00342781,-1.82567,-0.745823,-16.2038,-22.0585,-3.84369,-6.64875,0.785031,10,0,184.597,151.009,120.558,97.9404,77.6653,65.7148,60.4849,51.4915,1.42612,1.02819,1.10505,0.631215,0.403424,0.25721,0.0809559,0.02849
0.615,1.42916e-05,-1.42508e-05,0.949854,30.0027,0.000166477,-0.000851682,-1.59186,-3.73682,-7.81012,-9.61266,-12.0216,-10.828,-7.93686,-5.11545,-0.647873,-0.983574,-1.33697,-2.13374,-3.0274,-3.11798,-1.87095,-1.16564,7.01657,7.05293,7.07928,7.21735,6.53325,1.22836,0.218942,-0.0445006,-1.33612,0.0260951,0.436088,-0.0769976,-1.93122,-0.761225,-15.5369,-20.915,-2.55563,-6.18941,0.775636,10,0,184.554,151.051,120.792,97.9885,77.579,65.5672,60.347,51.4059,1.39923,1.00723,1.08735,0.633336,0.407786,0.281814,0.0970757,0.0279551
0.62,1.38579e-05,-1.42273e-05,0.949854,30.0031,0.000296993,-0.000876789,-1.51305,-3.63384,-7.57396,-9.58529,-12.012,-10.8131,-7.9305,-5.11592,-0.659888,-0.984374,-1.3099,-2.10167,-2.99949,-3.10104,-1.87458,-1.17154,7.01664,7.0541,7.08252,7.19978,6.92962,1.31976,0.254731,-0.0330133,-1.33672,0.016162,0.432252,-0.152401,-2.03208,-0.770277,-14.2797,-20.2518,-1.36321,-5.70243,0.765764,10,0,184.487,151.067,120.949,98.0044,77.5412,65.4784,60.2631,51.3513,1.38106,0.994036,1.07278,0.643752,0.412815,0.300781,0.113478,0.0364661
0.625,1.34699e-05,-1.42415e-05,0.949854,30.0035,0.000404076,-0.000914327,-1.44992,-3.53512,-7.32624,-9.54825,-11.9937,-10.7899,-7.91813,-5.11219,-0.671086,-0.98292,-1.28108,-2.06454,-2.96276,-3.07283,-1.86804,-1.17075,7.01682,7.05523,7.08552,7.16393,7.22887,1.43484,0.293541,-0.019987,-1.33768,0.00574283,0.42841,-0.222832,-2.12563,-0.762215,-13.342,-18.2345,2.88907,-5.18977,0.755445,10,0,184.066,150.812,120.903,97.7211,77.2431,65.2045,60.0468,51.1994,1.29439,1.04516,1.16684,0.827138,0.59893,0.440103,0.207881,0.0907655
0.63,1.3026e-05,-1.41916e-05,0.949854,30.0037,0.00048566,-0.000964406,-1.39981,-3.44087,-7.07072,-9.50001,-11.9655,-10.7593,-7.90057,-5.10492,-0.681601,-0.98002,-1.25088,-2.02147,-2.91456,-3.02761,-1.84785,-1.16096,7.01749,7.05678,7.08886,7.13018,7.32103,1.59423,0.336737,-0.00477289,-1.33898,-0.00512518,0.424643,-0.287573,-2.21299,-0.744509,-11.8062,-17.4794,3.50671,-4.65384,0.744718,10,0,183.828,150.722,120.993,97.7107,77.2541,65.1304,60.0067,51.1751,1.18167,0.98748,1.12966,0.826011,0.586067,0.444885,0.215349,0.0961007
0.635,1.24879e-05,-1.39937e-05,0.949854,30.0038,0.000540222,-0.00101407,-1.35853,-3.35097,-6.81591,-9.44041,-11.9262,-10.7191,-7.87603,-5.09311,-0.691364,-0.975461,-1.21924,-1.97365,-2.85891,-2.97253,-1.8198,-1.14585,7.01723,7.05688,7.09006,7.10415,7.29393,1.75208,0.381566,0.0112644,-1.34059,-0.0164158,0.420974,-0.345482,-2.2953,-0.723836,-10.7661,-16.2463,4.21949,-4.09656,0.733608,10,0,183.542,150.672,121.209,97.7763,77.3212,65.0784,59.9816,51.1562,1.06021,0.90747,1.06824,0.824137,0.58223,0.456826,0.23084,0.106066
0.64,1.18702e-05,-1.3643e-05,0.949854,30.0039,0.000568983,-0.00105643,-1.32309,-3.26435,-6.57078,-9.36728,-11.8756,-10.667,-7.84372,-5.07616,-0.700333,-0.969079,-1.18629,-1.92242,-2.79914,-2.91461,-1.78857,-1.12853,7.01544,7.05487,7.08824,7.08639,7.22357,1.88814,0.425709,0.0269723,-1.34246,-0.0281059,0.41741,-0.395686,-2.37341,-0.702632,-9.19259,-15.7053,4.38961,-3.5197,0.72214,10,0,183.432,150.731,121.449,97.9354,77.4604,65.1331,60.0066,51.1603,1.03446,0.870502,1.02511,0.80776,0.565744,0.443552,0.228865,0.107985
0.645,1.12241e-05,-1.31915e-05,0.949854,30.0039,0.000577979,-0.00109078,-1.29104,-3.17908,-6.34953,-9.27066,-11.8162,-10.5985,-7.80524,-5.05467,-0.708582,-0.960895,-1.15215,-1.86884,-2.73763,-2.85691,-1.75731,-1.11105,7.01223,7.05114,7.08398,7.07547,7.15129,2.00684,0.467708,0.0416265,-1.34457,-0.0401749,0.413956,-0.438182,-2.44737,-0.679862,-7.79583,-14.5746,4.80443,-2.92491,0.710336,10,0,183.327,150.892,121.86,98.2399,77.7082,65.2517,60.0529,51.1633,1.04731,0.848003,0.97973,0.789513,0.548141,0.423841,0.225465,0.112144
0.65,1.05958e-05,-1.2701e-05,0.949854,30.0039,0.00057391,-0.00111918,-1.26071,-3.09376,-6.16225,-9.14556,-11.7449,-10.5124,-7.76222,-5.02941,-0.716177,-0.951048,-1.11703,-1.81369,-2.67553,-2.80049,-1.72717,-1.09415,7.00811,7.04673,7.07848,7.06952,7.09453,2.11269,0.507278,0.0550752,-1.34687,-0.0526011,0.410621,-0.47313,-2.51681,-0.65461,-6.37469,-13.8997,5.37906,-2.31382,0.698216,10,0,183.264,151.013,122.12,98.4383,77.8569,65.317,60.071,51.1578,1.06328,0.839302,0.957057,0.781171,0.542961,0.415882,0.226461,0.116393
0.655,1.00127e-05,-1.22189e-05,0.949854,30.0039,0.000561765,-0.00114356,-1.23137,-3.00876,-6.00847,-8.99861,-11.6539,-10.4091,-7.71573,-5.00099,-0.723093,-0.939614,-1.08125,-1.7576,-2.61322,-2.74527,-1.69813,-1.0778,7.00322,7.04267,7.07288,7.06671,7.05797,2.20927,0.544689,0.0674368,-1.34932,-0.0653613,0.407422,-0.500679,-2.58155,-0.626147,-4.88035,-12.6602,6.04047,-1.68812,0.685805,10,0,183.154,151.187,122.442,98.6648,78.0016,65.3591,60.0621,51.1299,1.02687,0.786885,0.906361,0.767889,0.544983,0.412623,0.232293,0.124131
0.66,9.48249e-06,-1.17684e-05,0.949854,30.0039,0.000543869,-0.00116515,-1.20302,-2.92598,-5.87783,-8.84706,-11.5331,-10.2887,-7.66646,-4.96986,-0.72922,-0.926567,-1.04506,-1.701,-2.55056,-2.69055,-1.66954,-1.06161,6.99701,7.0396,7.06792,7.06562,7.03948,2.29935,0.580413,0.0789249,-1.35189,-0.0784316,0.404373,-0.521102,-2.64137,-0.594214,-3.58329,-11.8877,6.68266,-1.04945,0.673126,10,0,183.066,151.294,122.626,98.8015,78.082,65.3737,60.0475,51.1073,0.993728,0.749662,0.877828,0.760331,0.5485,0.413404,0.237776,0.12964
0.665,9.00119e-06,-1.13571e-05,0.949854,30.0039,0.000521743,-0.00118503,-1.17569,-2.84648,-5.76264,-8.70401,-11.3756,-10.1506,-7.61483,-4.93634,-0.734497,-0.911949,-1.0086,-1.64407,-2.4873,-2.6356,-1.64074,-1.04517,6.98916,7.03759,7.06393,7.06523,7.03529,2.38479,0.614857,0.0897243,-1.35455,-0.091787,0.401494,-0.534815,-2.69611,-0.559034,-2.19656,-10.592,7.32722,-0.399443,0.660201,10,0,182.923,151.456,122.878,99.0001,78.1965,65.3879,60.0217,51.0727,0.947675,0.699744,0.844045,0.751204,0.5536,0.417156,0.247697,0.138147
0.67,8.56092e-06,-1.09854e-05,0.949854,30.0039,0.000496209,-0.00120428,-1.14936,-2.77081,-5.65802,-8.5771,-11.1789,-9.9933,-7.56101,-4.90067,-0.738903,-0.895827,-0.971887,-1.5868,-2.42313,-2.57973,-1.61106,-1.0281,6.97963,7.03633,7.0609,7.06495,7.03942,2.46689,0.648383,0.100001,-1.35726,-0.105402,0.398798,-0.542258,-2.74557,-0.520743,-1.07535,-9.72953,7.83715,0.260279,0.647054,10,0,182.824,151.565,123.036,99.1255,78.2683,65.3921,60.0022,51.0494,0.918043,0.66897,0.825098,0.747041,0.557012,0.421683,0.255734,0.14413
0.675,8.15624e-06,-1.06513e-05,0.949854,30.0039,0.000467248,-0.00122368,-1.12408,-2.69946,-5.56138,-8.46672,-10.9479,-9.8134,-7.50502,-4.86296,-0.742412,-0.87821,-0.934862,-1.52918,-2.35789,-2.52241,-1.57998,-1.01008,6.96844,7.03543,7.05863,7.06446,7.0454,2.54649,0.681265,0.109884,-1.35998,-0.119249,0.396302,-0.543849,-2.78968,-0.479676,0.150111,-8.42259,8.40831,0.928129,0.633708,10,0,182.697,151.759,123.287,99.3213,78.3743,65.3895,59.969,51.0141,0.867938,0.614431,0.786497,0.730805,0.55547,0.428462,0.26947,0.153594
0.68,7.7849e-06,-1.03516e-05,0.949853,30.0038,0.00043392,-0.00124331,-1.09992,-2.63305,-5.47154,-8.36745,-10.6935,-9.60595,-7.4467,-4.82322,-0.744984,-0.859025,-0.897449,-1.47129,-2.29163,-2.46349,-1.54729,-0.990989,6.95558,7.0345,7.05679,7.06358,7.04937,2.62391,0.713627,0.119436,-1.36271,-0.133302,0.394017,-0.540056,-2.8285,-0.436412,1.08173,-7.54739,8.70678,1.60259,0.620188,10,0,182.61,151.889,123.447,99.4448,78.4489,65.3915,59.9513,50.9944,0.833978,0.57781,0.76057,0.720015,0.55159,0.431401,0.278633,0.159682
0.685,7.44093e-06,-1.00772e-05,0.949853,30.0038,0.000394808,-0.00126269,-1.07694,-2.57184,-5.38751,-8.27513,-10.425,-9.36669,-7.38582,-4.78142,-0.746576,-0.838247,-0.859646,-1.41328,-2.22435,-2.40312,-1.51309,-0.970905,6.94095,7.03328,7.05505,7.0622,7.05042,2.69908,0.745468,0.128669,-1.3654,-0.147535,0.391953,-0.531365,-2.86216,-0.391564,2.11005,-6.32447,9.05396,2.28222,0.606514,10,0,182.477,152.085,123.677,99.6227,78.5698,65.4032,59.9321,50.9708,0.786979,0.525486,0.722825,0.704681,0.542641,0.432835,0.292485,0.16859
0.69,7.11683e-06,-9.81754e-06,0.949853,30.0038,0.000348845,-0.00128111,-1.05519,-2.51581,-5.30842,-8.18697,-10.1495,-9.09369,-7.32118,-4.73755,-0.747161,-0.815889,-0.821478,-1.35528,-2.15633,-2.34158,-1.47758,-0.949985,6.92442,7.03168,7.0532,7.06032,7.04914,2.77177,0.776747,0.137573,-1.36803,-0.161923,0.390116,-0.518324,-2.89095,-0.345592,2.81391,-5.5189,9.17654,2.9657,0.592709,10,0,182.387,152.217,123.825,99.7368,78.6555,65.4153,59.9256,50.9603,0.759037,0.493364,0.699202,0.695979,0.536559,0.432389,0.300561,0.173275
0.695,6.80433e-06,-9.56277e-06,0.949853,30.0037,0.000295657,-0.00129783,-1.03467,-2.46479,-5.23347,-8.10101,-9.87097,-8.79275,-7.24363,-4.69205,-0.746723,-0.792005,-0.782996,-1.29739,-2.08818,-2.27907,-1.44096,-0.92838,6.9059,7.02974,7.05119,7.05802,7.04656,2.84174,0.807446,0.146113,-1.37059,-0.176444,0.388512,-0.501901,-2.91581,-0.298658,3.5164,-4.64505,9.42536,3.65189,0.57879,10,0,182.251,152.417,124.038,99.9015,78.7872,65.4416,59.93,50.9559,0.724422,0.450136,0.665723,0.684419,0.527027,0.428545,0.306733,0.17564
0.7,6.4967e-06,-9.30538e-06,0.949853,30.0037,0.000235535,-0.0013121,-1.01538,-2.41849,-5.16199,-8.01593,-9.59117,-8.47415,-7.14029,-4.64537,-0.745258,-0.766688,-0.744312,-1.23982,-2.02027,-2.21588,-1.40345,-0.906246,6.88531,7.02752,7.04905,7.05538,7.04356,2.90877,0.837549,0.154265,-1.37306,-0.191079,0.387145,-0.482587,-2.93712,-0.251007,3.9653,-4.02916,9.4772,4.33989,0.564772,10,0,182.166,152.558,124.182,100.013,78.8806,65.4685,59.935,50.9549,0.707013,0.424584,0.643993,0.676756,0.519849,0.424679,0.310313,0.177303
0.705,6.18962e-06,-9.04021e-06,0.949853,30.0036,0.000169331,-0.00132327,-0.997272,-2.37655,-5.0934,-7.93083,-9.31067,-8.14845,-6.99975,-4.5977,-0.742772,-0.74005,-0.705549,-1.18275,-1.9528,-2.1523,-1.36526,-0.883733,6.86261,7.02506,7.04686,7.05254,7.04068,2.97262,0.86701,0.162037,-1.37543,-0.205812,0.386017,-0.460663,-2.95507,-0.202879,4.55926,-3.27699,9.62138,5.02885,0.550668,10,0,182.048,152.781,124.401,100.184,79.0302,65.5248,59.9427,50.9551,0.6893,0.391785,0.61294,0.666132,0.508945,0.41816,0.314524,0.18061
0.71,5.88074e-06,-8.76426e-06,0.949852,30.0036,9.82191e-05,-0.00133097,-0.98029,-2.33862,-5.02723,-7.84513,-9.02963,-7.82486,-6.81339,-4.549,-0.739283,-0.712222,-0.666823,-1.12636,-1.88596,-2.08858,-1.32659,-0.860969,6.83779,7.02235,7.04468,7.04969,7.03812,3.03306,0.895745,0.169462,-1.37768,-0.220626,0.38513,-0.436273,-2.96973,-0.154507,4.93143,-2.69181,9.59563,5.71802,0.53649,10,0,181.977,152.939,124.549,100.301,79.1359,65.573,59.9468,50.9555,0.682906,0.373756,0.59341,0.659753,0.501714,0.413736,0.316283,0.183661
0.715,5.56994e-06,-8.47673e-06,0.949852,30.0035,2.34372e-05,-0.00133504,-0.964373,-2.30435,-4.96317,-7.7577,-8.74911,-7.5098,-6.57641,-4.49908,-0.734818,-0.683325,-0.628229,-1.0708,-1.81993,-2.02495,-1.28761,-0.838071,6.81087,7.01935,7.04255,7.04699,7.03581,3.08989,0.923622,0.176592,-1.3798,-0.235504,0.384486,-0.409447,-2.98102,-0.10612,5.52451,-1.93186,9.63624,6.40667,0.522252,10,0,181.889,153.195,124.783,100.485,79.3029,65.6589,59.9497,50.9556,0.679332,0.350433,0.56205,0.646891,0.489727,0.407411,0.317104,0.189932
0.72,5.26021e-06,-8.17923e-06,0.949852,30.0034,-5.39961e-05,-0.00133547,-0.949479,-2.27358,-4.90124,-7.66538,-8.47298,-7.20588,-6.28822,-4.4476,-0.729395,-0.653448,-0.589834,-1.01621,-1.7549,-1.96165,-1.24848,-0.815138,6.78189,7.016,7.04046,7.0445,7.03356,3.14291,0.950478,0.183492,-1.38178,-0.250429,0.384083,-0.380148,-2.98874,-0.0579733,5.89609,-1.29553,9.52957,7.09407,0.507966,10,0,181.841,153.376,124.943,100.613,79.4192,65.7252,59.9504,50.9557,0.680373,0.337863,0.540614,0.637047,0.481393,0.403474,0.316272,0.195346
0.725,4.95408e-06,-7.8729e-06,0.949852,30.0033,-0.000133433,-0.00133238,-0.935571,-2.24615,-4.8414,-7.56542,-8.20536,-6.91228,-5.95274,-4.39413,-0.723041,-0.622689,-0.551703,-0.96271,-1.69104,-1.89888,-1.20938,-0.792274,6.75089,7.01225,7.03836,7.04218,7.03121,3.19196,0.976115,0.19023,-1.38361,-0.265383,0.383919,-0.348326,-2.9926,-0.0103951,6.5221,-0.407494,9.42659,7.77947,0.493646,10,0,181.778,153.657,125.185,100.808,79.6008,65.8382,59.9533,50.9575,0.68758,0.325112,0.510454,0.622682,0.469456,0.397968,0.312915,0.205326
0.73,4.65306e-06,-7.55822e-06,0.949851,30.0032,-0.000214502,-0.00132605,-0.922595,-2.22179,-4.78348,-7.45624,-7.94953,-6.62539,-5.57806,-4.33822,-0.715785,-0.591157,-0.513899,-0.91039,-1.62847,-1.83687,-1.17047,-0.769582,6.7179,7.00807,7.03622,7.03994,7.02863,3.23685,1.00032,0.196874,-1.38527,-0.280344,0.383991,-0.313967,-2.9922,0.036232,6.89647,0.341433,9.20128,8.4621,0.479307,10,0,181.744,153.85,125.348,100.942,79.7267,65.9225,59.9588,50.9608,0.696005,0.320789,0.492106,0.613367,0.462077,0.394465,0.309422,0.213129
0.735,4.35822e-06,-7.23588e-06,0.949851,30.0032,-0.000297003,-0.00131708,-0.910479,-2.20015,-4.72722,-7.33757,-7.7073,-6.33994,-5.17555,-4.27941,-0.707667,-0.558969,-0.47646,-0.859284,-1.56728,-1.77579,-1.13193,-0.747155,6.68302,7.003,7.03399,7.03768,7.02579,3.27743,1.02291,0.203488,-1.38676,-0.295291,0.384292,-0.277107,-2.98713,0.081501,7.51611,1.42721,8.90629,9.14112,0.464969,10,0,181.702,154.147,125.593,101.148,79.9207,66.0602,59.9758,50.9702,0.711177,0.320202,0.469671,0.600996,0.453162,0.38999,0.303114,0.22634
0.74,4.0707e-06,-6.90745e-06,0.949851,30.0031,-0.00038118,-0.00130651,-0.899123,-2.18078,-4.67227,-7.21038,-7.47855,-6.0503,-4.76009,-4.21419,-0.698733,-0.526229,-0.439381,-0.809354,-1.50747,-1.71577,-1.09387,-0.725051,6.64642,6.99573,7.0317,7.03536,7.02264,3.31363,1.04374,0.210132,-1.38805,-0.310201,0.384816,-0.238308,-2.97788,0.125307,7.74412,2.05543,8.6309,9.81571,0.450647,10,0,181.684,154.352,125.76,101.293,80.0547,66.1603,59.997,50.9849,0.723775,0.323002,0.457189,0.593153,0.44826,0.386932,0.297073,0.232718
0.745,3.79249e-06,-6.57446e-06,0.94985,30.003,-0.000467691,-0.00129515,-0.888417,-2.16322,-4.61826,-7.07655,-7.26068,-5.75204,-4.35292,-4.12736,-0.689028,-0.493051,-0.402693,-0.760618,-1.44912,-1.65696,-1.05639,-0.703324,6.60816,6.98532,7.0293,7.03291,7.01912,3.34535,1.06277,0.216847,-1.38915,-0.325057,0.385555,-0.19845,-2.96581,0.167865,8.02144,2.67978,8.37955,10.4853,0.436356,10,0,181.677,154.668,126.021,101.522,80.2652,66.3257,60.0492,51.0174,0.746264,0.331156,0.4415,0.581617,0.442066,0.381622,0.286918,0.239136
0.75,3.52625e-06,-6.23846e-06,0.94985,30.0029,-0.000557121,-0.00128356,-0.878246,-2.14698,-4.56484,-6.93859,-7.04934,-5.44291,-3.97421,-4.00344,-0.678603,-0.459557,-0.366458,-0.713136,-1.39235,-1.59953,-1.01962,-0.68203,6.5683,6.9712,7.02671,7.03027,7.01512,3.37252,1.07998,0.223635,-1.39004,-0.339845,0.386504,-0.157619,-2.95066,0.208852,8.16019,3.23741,8.05744,11.1496,0.422104,10,0,181.684,154.884,126.202,101.682,80.4114,66.4455,60.0975,51.0429,0.762936,0.338745,0.433102,0.574263,0.438691,0.377521,0.280956,0.242326
0.755,3.2748e-06,-5.90131e-06,0.94985,30.0028,-0.000649746,-0.00127208,-0.868498,-2.1316,-4.51168,-6.79913,-6.83915,-5.12356,-3.63884,-3.83214,-0.667509,-0.425874,-0.330764,-0.667002,-1.33728,-1.54363,-0.983667,-0.661224,6.52687,6.95302,7.02384,7.02737,7.01057,3.39513,1.09537,0.230456,-1.39073,-0.354547,0.387652,-0.115827,-2.93194,0.247863,8.40825,4.07324,7.61478,11.808,0.407906,10,0,181.713,155.212,126.481,101.929,80.6363,66.6362,60.1871,51.0843,0.789288,0.35244,0.423403,0.564066,0.434663,0.370516,0.274314,0.244536
0.76,3.04056e-06,-5.56525e-06,0.94985,30.0027,-0.000745488,-0.0012609,-0.859069,-2.11669,-4.45853,-6.66037,-6.62461,-4.79773,-3.35444,-3.61007,-0.655797,-0.392133,-0.295719,-0.622332,-1.28407,-1.48941,-0.948631,-0.640947,6.48387,6.93063,7.02058,7.02416,7.00515,3.41319,1.10897,0.237238,-1.39121,-0.369145,0.388989,-0.0730667,-2.90896,0.284435,8.53926,4.83183,7.13962,12.4599,0.393778,10,0,181.741,155.431,126.67,102.096,80.788,66.7686,60.2555,51.1129,0.806912,0.362405,0.418699,0.5581,0.432616,0.365522,0.271903,0.244018
0.765,2.82525e-06,-5.2327e-06,0.949849,30.0027,-0.000844092,-0.0012502,-0.849873,-2.1019,-4.40519,-6.52366,-6.40097,-4.47187,-3.12072,-3.34148,-0.64352,-0.358471,-0.261454,-0.579256,-1.23281,-1.4369,-0.914543,-0.621209,6.43935,6.90402,7.01687,7.02057,6.99728,3.42686,1.12088,0.243889,-1.39146,-0.383615,0.390501,-0.0293911,-2.88094,0.318055,8.76554,6.02668,6.45409,13.1045,0.379739,10,0,181.795,155.758,126.954,102.345,81.0174,66.9733,60.3678,51.1576,0.83268,0.377894,0.41383,0.550596,0.430171,0.357758,0.271353,0.24019
0.77,2.62995e-06,-4.90594e-06,0.949849,30.0026,-0.00094522,-0.00124009,-0.840841,-2.08698,-4.35155,-6.38927,-6.16515,-4.15404,-2.93019,-3.03778,-0.630729,-0.325028,-0.228109,-0.53791,-1.18361,-1.38616,-0.881434,-0.602021,6.39334,6.87325,7.01263,7.01647,6.98557,3.43631,1.13117,0.250295,-1.3915,-0.397929,0.392172,0.015012,-2.84721,0.348159,8.81695,7.00622,5.77866,13.7411,0.365813,10,0,181.839,155.975,127.145,102.51,81.1721,67.114,60.4482,51.1899,0.84934,0.388512,0.411928,0.54665,0.428784,0.352552,0.272703,0.235855
0.775,2.45508e-06,-4.58665e-06,0.949849,30.0025,-0.00104834,-0.00123053,-0.831921,-2.07175,-4.2975,-6.25633,-5.91633,-3.85245,-2.76992,-2.71595,-0.617477,-0.291944,-0.195834,-0.498432,-1.13656,-1.33718,-0.84933,-0.583397,6.34587,6.83837,7.00778,7.01178,6.9692,3.44173,1.13994,0.256334,-1.39132,-0.412058,0.393983,0.0598053,-2.80721,0.374198,8.9152,8.48305,4.8482,14.3684,0.352027,10,0,181.915,156.295,127.431,102.756,81.4074,67.3304,60.5754,51.2444,0.872768,0.404257,0.41126,0.542625,0.426979,0.345375,0.276532,0.227599
0.78,2.29998e-06,-4.27585e-06,0.949848,30.0025,-0.00115278,-0.00122161,-0.823073,-2.05603,-4.24299,-6.12294,-5.65622,-3.57406,-2.62422,-2.39626,-0.603823,-0.259367,-0.164759,-0.460906,-1.09164,-1.28993,-0.818212,-0.565326,6.29701,6.79959,7.00138,7.00629,6.9478,3.44341,1.14726,0.261908,-1.39091,-0.425968,0.395912,0.104525,-2.76057,0.395708,8.78363,9.58309,3.9833,14.9856,0.33841,10,0,181.971,156.502,127.617,102.916,81.5654,67.4767,60.6634,51.2852,0.885516,0.413042,0.412486,0.541463,0.426132,0.341732,0.279831,0.221686
0.785,2.16332e-06,-3.9741e-06,0.949848,30.0024,-0.00125822,-0.00121369,-0.814264,-2.03969,-4.18792,-5.9864,-5.389,-3.32335,-2.47762,-2.09937,-0.589832,-0.227459,-0.135004,-0.42536,-1.04877,-1.24427,-0.788007,-0.547769,6.24689,6.75721,6.99197,6.99858,6.92132,3.44168,1.15323,0.266965,-1.39028,-0.439628,0.397936,0.148583,-2.70723,0.412347,8.65619,11.1397,2.90003,15.5913,0.324995,10,0,182.063,156.808,127.893,103.156,81.8072,67.7005,60.8012,51.3552,0.902546,0.425744,0.416888,0.541381,0.42485,0.337794,0.284386,0.2134
0.79,2.04422e-06,-3.68159e-06,0.949848,30.0023,-0.00136466,-0.00120705,-0.805461,-2.02258,-4.13215,-5.8438,-5.1206,-3.10143,-2.31768,-1.84356,-0.575573,-0.196384,-0.106687,-0.391827,-1.00786,-1.2001,-0.758672,-0.530697,6.19557,6.71144,6.97864,6.98713,6.88982,3.43685,1.15792,0.271482,-1.38943,-0.453003,0.40003,0.191323,-2.6475,0.423952,8.27546,12.1529,1.93716,16.1845,0.311811,10,0,182.131,157.007,128.073,103.315,81.9713,67.8518,60.8964,51.4074,0.913176,0.434686,0.422019,0.542358,0.42402,0.336072,0.286398,0.208903
0.795,1.94184e-06,-3.39839e-06,0.949847,30.0023,-0.00147191,-0.00120178,-0.796626,-2.00451,-4.0755,-5.69254,-4.85782,-2.90596,-2.1371,-1.64226,-0.561117,-0.16631,-0.0799234,-0.360338,-0.968859,-1.15739,-0.730201,-0.514101,6.1431,6.66239,6.96084,6.97106,6.85341,3.42919,1.16137,0.275467,-1.38837,-0.466063,0.402168,0.232122,-2.582,0.430573,7.89073,13.4693,0.888267,16.7641,0.298891,10,0,182.238,157.295,128.332,103.553,82.2182,68.0788,61.0423,51.4919,0.927993,0.449026,0.433614,0.545153,0.423033,0.334812,0.28713,0.204589
0.8,1.8549e-06,-3.12482e-06,0.949847,30.0022,-0.00157921,-0.00119779,-0.787706,-1.98525,-4.01773,-5.53082,-4.60691,-2.73182,-1.93848,-1.49514,-0.546543,-0.137412,-0.054826,-0.330924,-0.931735,-1.11611,-0.702597,-0.497976,6.08948,6.61017,6.93826,6.94984,6.81227,3.41892,1.16363,0.278969,-1.38712,-0.478786,0.404329,0.270209,-2.51357,0.433479,7.2551,13.7058,0.251094,17.3294,0.286255,10,0,182.31,157.476,128.494,103.708,82.3793,68.2274,61.1407,51.5529,0.937194,0.459348,0.443997,0.547667,0.422794,0.334515,0.283074,0.197414
0.805,1.7816e-06,-2.86169e-06,0.949847,30.0022,-0.00168526,-0.00119489,-0.778633,-1.96453,-3.95853,-5.35796,-4.37238,-2.57251,-1.73591,-1.38379,-0.531931,-0.109874,-0.0315039,-0.303603,-0.896456,-1.07628,-0.675858,-0.482308,6.03472,6.55485,6.91077,6.92323,6.76665,3.40626,1.1648,0.282059,-1.38568,-0.491164,0.406497,0.305271,-2.44383,0.433505,6.68825,14.0636,-0.306663,17.88,0.273915,10,0,182.419,157.732,128.723,103.937,82.6164,68.4488,61.2903,51.644,0.950087,0.47647,0.463873,0.552179,0.423069,0.334709,0.276727,0.191412
0.81,1.72011e-06,-2.61023e-06,0.949846,30.0022,-0.0017882,-0.00119286,-0.769319,-1.94201,-3.89756,-5.17466,-4.15705,-2.42114,-1.5426,-1.29429,-0.517373,-0.0838763,-0.0100417,-0.278352,-0.862972,-1.03791,-0.649997,-0.467101,5.97884,6.49653,6.87837,6.89116,6.71687,3.39138,1.16494,0.284805,-1.38407,-0.503188,0.408658,0.337308,-2.37229,0.430446,6.0351,14.3486,-0.9502,18.4159,0.261881,10,0,182.491,157.891,128.866,104.089,82.7703,68.5955,61.3911,51.7045,0.958301,0.489271,0.47984,0.555502,0.423745,0.334933,0.273096,0.19019
0.815,1.66882e-06,-2.37231e-06,0.949846,30.0021,-0.00188588,-0.00119148,-0.759658,-1.91729,-3.83442,-4.98296,-3.9615,-2.27204,-1.36904,-1.21797,-0.502961,-0.0595968,0.00950093,-0.255113,-0.831214,-1.00099,-0.625029,-0.452358,5.92186,6.4353,6.84115,6.85369,6.66326,3.37443,1.16406,0.28726,-1.38232,-0.514849,0.410794,0.366251,-2.29883,0.42427,5.45043,14.8205,-1.55016,18.9368,0.250163,10,0,182.598,158.111,129.065,104.313,82.9928,68.8133,61.5421,51.7951,0.970608,0.510959,0.507196,0.560672,0.425545,0.334855,0.268727,0.190265
0.82,1.62654e-06,-2.15042e-06,0.949846,30.0021,-0.001976,-0.00119058,-0.74953,-1.88997,-3.76877,-4.78596,-3.78401,-2.12183,-1.22277,-1.14948,-0.488791,-0.0371965,0.0270858,-0.23381,-0.801109,-0.965514,-0.600958,-0.438076,5.8638,6.37129,6.79925,6.81099,6.60621,3.35554,1.16223,0.289459,-1.38042,-0.526138,0.412892,0.392018,-2.22355,0.415082,4.76498,15.0761,-2.15781,19.4422,0.238775,10,0,182.667,158.245,129.187,104.459,83.1348,68.9564,61.6415,51.855,0.979182,0.527203,0.527144,0.564123,0.427226,0.334315,0.266636,0.19071
0.825,1.59244e-06,-1.94766e-06,0.949846,30.0021,-0.00205639,-0.00119004,-0.738812,-1.85966,-3.70028,-4.58728,-3.6207,-1.97158,-1.10595,-1.08575,-0.474955,-0.0168204,0.0426863,-0.214362,-0.772577,-0.931444,-0.577757,-0.424242,5.80471,6.30462,6.75287,6.76325,6.54611,3.33486,1.15953,0.291408,-1.37841,-0.537046,0.414937,0.414532,-2.14718,0.403327,4.15087,15.2725,-2.5874,19.9319,0.227726,10,0,182.764,158.421,129.352,104.667,83.3346,69.1656,61.7882,51.9438,0.993061,0.554055,0.558485,0.569359,0.430391,0.330736,0.258487,0.186436
0.83,1.56567e-06,-1.76744e-06,0.949845,30.0021,-0.00212505,-0.00118975,-0.727385,-1.82603,-3.6287,-4.39017,-3.4663,-1.83032,-1.01005,-1.0255,-0.461541,0.00139747,0.056271,-0.196704,-0.745524,-0.898664,-0.555348,-0.410818,5.74462,6.23544,6.70223,6.71076,6.48332,3.3126,1.15608,0.293074,-1.37629,-0.547573,0.416918,0.433783,-2.07077,0.389681,3.45736,15.2395,-2.99879,20.4059,0.217022,10,0,182.825,158.524,129.452,104.801,83.4615,69.3019,61.8832,52.0012,1.00324,0.573436,0.579741,0.572835,0.432647,0.327684,0.25246,0.18226
0.835,1.54592e-06,-1.61286e-06,0.949845,30.0021,-0.00218027,-0.00118961,-0.715142,-1.78883,-3.55389,-4.19762,-3.31573,-1.70632,-0.92732,-0.967896,-0.448633,0.0173527,0.0678318,-0.180759,-0.719855,-0.867074,-0.53366,-0.397771,5.68358,6.16388,6.64757,6.65382,6.41819,3.28893,1.15199,0.294442,-1.37408,-0.557718,0.418827,0.449859,-1.99444,0.374367,2.87796,15.2472,-3.2614,20.8641,0.206666,10,0,182.91,158.657,129.588,104.992,83.646,69.5004,62.0211,52.0841,1.02035,0.604267,0.611266,0.577949,0.435691,0.324207,0.246386,0.177453
0.84,1.53303e-06,-1.4865e-06,0.949845,30.0021,-0.00222073,-0.00118955,-0.701988,-1.74785,-3.47576,-4.01171,-3.16683,-1.60297,-0.853103,-0.912458,-0.436308,0.0309646,0.0773805,-0.166425,-0.695436,-0.836557,-0.512632,-0.385066,5.62163,6.0901,6.58917,6.59276,6.35104,3.26406,1.14734,0.295508,-1.3718,-0.567482,0.420655,0.462866,-1.91856,0.357731,2.22396,15.1039,-3.55308,21.3066,0.19666,10,0,182.958,158.725,129.663,105.107,83.7629,69.6275,62.1103,52.1372,1.03302,0.625975,0.632245,0.581623,0.43605,0.317402,0.238223,0.172107
0.845,1.52564e-06,-1.39076e-06,0.949845,30.0021,-0.00224538,-0.00118959,-0.687837,-1.70294,-3.39424,-3.83272,-3.02445,-1.51483,-0.785226,-0.859247,-0.424642,0.0421523,0.0849403,-0.153554,-0.672019,-0.806917,-0.492184,-0.372674,5.55884,6.01423,6.52728,6.52795,6.2822,3.23817,1.14213,0.296237,-1.36947,-0.57687,0.422397,0.472949,-1.84373,0.340245,1.70428,14.8764,-3.6291,21.7335,0.187003,10,0,183.019,158.802,129.761,105.267,83.9326,69.8107,62.239,52.2133,1.05445,0.659764,0.662807,0.587062,0.435491,0.306203,0.224434,0.163015
0.85,1.52332e-06,-1.32716e-06,0.949845,30.0022,-0.00225371,-0.00118975,-0.67262,-1.65402,-3.30937,-3.66069,-2.89311,-1.43654,-0.722268,-0.808252,-0.413703,0.0508773,0.0905622,-0.142004,-0.649418,-0.778003,-0.472239,-0.360555,5.49523,5.93643,6.46219,6.45974,6.21197,3.21145,1.1364,0.296624,-1.36709,-0.585887,0.424051,0.480283,-1.77017,0.322228,1.11896,14.6255,-3.78422,22.145,0.177693,10,0,183.055,158.839,129.818,105.369,84.0424,69.9287,62.3215,52.2617,1.07056,0.68263,0.682044,0.590316,0.435299,0.300932,0.217208,0.157842
0.855,1.52637e-06,-1.2963e-06,0.949845,30.0022,-0.00224563,-0.0011901,-0.656279,-1.60107,-3.22124,-3.49584,-2.77539,-1.36471,-0.663162,-0.759353,-0.403542,0.0571443,0.0943195,-0.131652,-0.627514,-0.749727,-0.452736,-0.348671,5.43086,5.85685,6.39416,6.38853,6.14059,3.18405,1.13019,0.296685,-1.36468,-0.594539,0.425613,0.485061,-1.69804,0.303971,0.680695,14.3124,-3.732,22.5413,0.168726,10,0,183.1,158.871,129.891,105.513,84.1998,70.1002,62.4408,52.3311,1.09757,0.717045,0.7091,0.594506,0.435112,0.294532,0.208003,0.150859
0.86,1.53528e-06,-1.29811e-06,0.949845,30.0022,-0.00222147,-0.0011907,-0.63877,-1.54411,-3.12998,-3.33872,-2.67229,-1.29723,-0.607166,-0.712417,-0.394197,0.0609911,0.0963008,-0.122384,-0.606225,-0.722032,-0.433631,-0.33699,5.36579,5.77563,6.32348,6.31468,6.06831,3.15606,1.12355,0.296449,-1.36225,-0.602836,0.427085,0.487479,-1.62752,0.28574,0.178092,14.0098,-3.78111,22.9227,0.160097,10,0,183.122,158.876,129.931,105.602,84.2992,70.2111,62.5176,52.3754,1.11745,0.739826,0.725858,0.596791,0.434983,0.290616,0.202438,0.146491
0.865,1.55027e-06,-1.3329e-06,0.949845,30.0023,-0.00218169,-0.00119175,-0.620029,-1.4831,-3.03568,-3.19188,-2.58129,-1.23318,-0.554029,-0.667451,-0.385709,0.0624657,0.0966265,-0.114036,-0.585448,-0.694896,-0.414919,-0.325501,5.30005,5.6929,6.25041,6.23858,5.99537,3.12755,1.11648,0.295929,-1.35981,-0.610785,0.428466,0.487728,-1.55886,0.267786,-0.185181,13.5861,-3.62436,23.2894,0.151801,10,0,183.14,158.855,129.975,105.727,84.4442,70.3747,62.63,52.4399,1.15367,0.777153,0.751512,0.597934,0.427225,0.277065,0.18945,0.137953
0.87,1.5719e-06,-1.40157e-06,0.949845,30.0024,-0.00212694,-0.00119346,-0.599984,-1.41799,-2.93846,-3.05867,-2.49816,-1.17225,-0.503735,-0.624529,-0.378109,0.0616409,0.095436,-0.106437,-0.565085,-0.668306,-0.396606,-0.314204,5.23368,5.60881,6.17521,6.16062,5.92198,3.09856,1.109,0.295137,-1.35738,-0.618396,0.429758,0.486028,-1.49228,0.250357,-0.602843,13.2115,-3.57874,23.6419,0.143831,10,0,183.146,158.828,129.998,105.803,84.5357,70.4797,62.7018,52.4808,1.1796,0.800875,0.766274,0.598462,0.423211,0.269301,0.181647,0.13256
0.875,1.602e-06,-1.50504e-06,0.949845,30.0024,-0.00205834,-0.00119599,-0.578608,-1.34896,-2.83869,-2.94047,-2.4203,-1.1142,-0.456218,-0.583668,-0.371406,0.0586449,0.0928742,-0.0994807,-0.545104,-0.642263,-0.378688,-0.30309,5.16674,5.52347,6.09814,6.08116,5.8483,3.06911,1.10114,0.294093,-1.35496,-0.625681,0.430965,0.482575,-1.42788,0.233645,-0.889004,12.7199,-3.34039,23.9804,0.136178,10,0,183.154,158.778,130.035,105.915,84.6721,70.6348,62.8071,52.5405,1.21951,0.829272,0.775081,0.587885,0.4104,0.254489,0.169017,0.124294
0.88,1.64789e-06,-1.64985e-06,0.949845,30.0025,-0.00197715,-0.00119922,-0.55593,-1.2767,-2.73768,-2.83455,-2.34711,-1.05941,-0.411649,-0.544944,-0.365584,0.0537169,0.0891664,-0.0931023,-0.525604,-0.616888,-0.361228,-0.292174,5.09925,5.437,6.01943,6.00049,5.77439,3.03921,1.09289,0.292809,-1.35257,-0.632649,0.432091,0.477506,-1.36577,0.21777,-1.23541,12.3125,-3.23573,24.3054,0.128835,10,0,183.159,158.739,130.06,105.987,84.7614,70.7358,62.8754,52.5792,1.24425,0.840973,0.77015,0.571769,0.395707,0.240984,0.158949,0.118218
0.885,1.71427e-06,-1.83843e-06,0.949845,30.0026,-0.0018854,-0.00120288,-0.532047,-1.20198,-2.63663,-2.73761,-2.27845,-1.00826,-0.370215,-0.508445,-0.360603,0.0471157,0.0845089,-0.0872643,-0.50668,-0.592293,-0.344287,-0.281478,5.03122,5.34947,5.93927,5.91888,5.7003,3.00884,1.08424,0.2913,-1.3502,-0.639314,0.43314,0.471064,-1.30612,0.202909,-1.44178,11.7505,-2.93559,24.6173,0.121791,10,0,183.146,158.653,130.079,106.077,84.8831,70.877,62.971,52.6334,1.27739,0.854392,0.762263,0.551516,0.376312,0.222199,0.144292,0.109096
0.89,1.80019e-06,-2.06576e-06,0.949845,30.0027,-0.00178561,-0.00120666,-0.507084,-1.12548,-2.53625,-2.64744,-2.21406,-0.960874,-0.331987,-0.474221,-0.356409,0.03907,0.0790349,-0.0819485,-0.488377,-0.568527,-0.327896,-0.271016,4.96265,5.26097,5.85785,5.83659,5.6261,2.97803,1.07523,0.28958,-1.34787,-0.645687,0.434118,0.463483,-1.24903,0.18921,-1.69385,11.3054,-2.76939,24.9166,0.115037,10,0,183.127,158.58,130.081,106.127,84.9569,70.9648,63.0306,52.6671,1.29682,0.860886,0.756753,0.539952,0.36488,0.210701,0.134956,0.103106
0.895,1.90179e-06,-2.32314e-06,0.949846,30.0028,-0.0016803,-0.00121024,-0.481177,-1.04774,-2.43696,-2.56251,-2.15359,-0.917193,-0.296952,-0.442283,-0.352944,0.029783,0.0728386,-0.0771473,-0.470715,-0.545599,-0.312063,-0.260794,4.89358,5.17158,5.77533,5.75384,5.55189,2.94684,1.06589,0.28767,-1.34558,-0.651783,0.435031,0.454979,-1.1946,0.176781,-1.81213,10.6935,-2.42352,25.2037,0.108562,10,0,183.082,158.452,130.07,106.19,85.0582,71.088,63.1143,52.7145,1.32206,0.867402,0.748164,0.524706,0.349592,0.194974,0.121749,0.0943749
0.9,2.01413e-06,-2.60073e-06,0.949846,30.0028,-0.00157179,-0.00121336,-0.454462,-0.969222,-2.33902,-2.48177,-2.09669,-0.877078,-0.265035,-0.412612,-0.350147,0.0194358,0.065991,-0.0728582,-0.453697,-0.523499,-0.296781,-0.250812,4.82402,5.08139,5.69189,5.67083,5.47778,2.91535,1.05625,0.285594,-1.34333,-0.657613,0.435885,0.445749,-1.14289,0.165697,-1.98352,10.2333,-2.22138,25.4792,0.102354,10,0,183.044,158.355,130.054,106.225,85.1202,71.165,63.1667,52.7442,1.33639,0.869826,0.742235,0.515613,0.340451,0.185462,0.113524,0.088772
0.905,2.13221e-06,-2.88898e-06,0.949846,30.0029,-0.00146207,-0.00121581,-0.427068,-0.890324,-2.24259,-2.40447,-2.04303,-0.84033,-0.236122,-0.385161,-0.347962,0.00819117,0.0585492,-0.0690815,-0.437319,-0.502203,-0.282036,-0.241069,4.75399,4.99048,5.60766,5.58773,5.40386,2.88361,1.04636,0.283374,-1.34113,-0.663193,0.436688,0.435965,-1.09391,0.155996,-2.03263,9.6006,-1.86272,25.7435,0.0964017,10,0,182.973,158.195,130.02,106.269,85.206,71.2736,63.2407,52.7864,1.35435,0.870925,0.733039,0.503174,0.328047,0.17255,0.102094,0.0807509
0.91,2.25158e-06,-3.17947e-06,0.949847,30.003,-0.00135274,-0.00121745,-0.399115,-0.811384,-2.14774,-2.33007,-1.99227,-0.806727,-0.210072,-0.359866,-0.346333,-0.00380442,0.0505625,-0.0658177,-0.421573,-0.481685,-0.267809,-0.23156,4.68352,4.89893,5.52279,5.50469,5.33023,2.85169,1.03626,0.281036,-1.33898,-0.668535,0.437445,0.425783,-1.04767,0.147689,-2.1386,9.14289,-1.64729,25.9973,0.0906938,10,0,182.92,158.079,129.99,106.294,85.2589,71.3419,63.2874,52.8131,1.36411,0.870143,0.726708,0.495509,0.320518,0.164777,0.0950847,0.0756813
0.915,2.36859e-06,-3.46524e-06,0.949847,30.0031,-0.00124508,-0.00121819,-0.370712,-0.732693,-2.05454,-2.25818,-1.94412,-0.776036,-0.186727,-0.336645,-0.345208,-0.0164185,0.0420755,-0.0630671,-0.406452,-0.461916,-0.254079,-0.222281,4.61263,4.80683,5.43741,5.42183,5.25697,2.81968,1.026,0.278603,-1.33688,-0.673653,0.438165,0.415334,-1.00415,0.140758,-2.13696,8.513,-1.30261,26.2411,0.0852187,10,0,182.83,157.896,129.938,106.324,85.3327,71.4388,63.3537,52.8512,1.37566,0.866968,0.716911,0.484737,0.310151,0.154244,0.085475,0.0685181
0.92,2.48048e-06,-3.74089e-06,0.949847,30.0032,-0.00114004,-0.00121797,-0.341959,-0.654505,-1.96301,-2.18849,-1.89833,-0.748025,-0.165922,-0.315408,-0.344538,-0.0295311,0.03313,-0.060829,-0.391947,-0.442868,-0.24083,-0.213229,4.54136,4.71427,5.35163,5.33927,5.18417,2.78762,1.01561,0.276098,-1.33484,-0.678561,0.438854,0.404734,-0.963294,0.135163,-2.19243,8.07148,-1.09238,26.4754,0.0799652,10,0,182.764,157.768,129.897,106.34,85.3785,71.5,63.3957,52.8754,1.38142,0.863653,0.710182,0.477943,0.303769,0.147902,0.0796572,0.0640448
0.925,2.58527e-06,-4.00245e-06,0.949847,30.0032,-0.00103831,-0.0012168,-0.312947,-0.577037,-1.8732,-2.12077,-1.85465,-0.722471,-0.147486,-0.296055,-0.344279,-0.0430329,0.0237664,-0.0591013,-0.378054,-0.42452,-0.228043,-0.2044,4.46975,4.62132,5.26557,5.25709,5.11188,2.75559,1.00514,0.273543,-1.33284,-0.683272,0.439518,0.394079,-0.925054,0.130842,-2.15615,7.464,-0.781753,26.7007,0.0749226,10,0,182.659,157.569,129.83,106.36,85.4428,71.5873,63.4557,52.9103,1.38739,0.857097,0.699801,0.468213,0.294866,0.139291,0.0717779,0.0577939
0.93,2.68171e-06,-4.24721e-06,0.949848,30.0033,-0.000940371,-0.00121468,-0.283757,-0.500478,-1.78511,-2.05485,-1.81287,-0.69916,-0.13125,-0.278482,-0.344387,-0.0568249,0.014024,-0.057881,-0.364767,-0.406851,-0.215706,-0.195794,4.39781,4.52808,5.17931,5.17538,5.04018,2.72362,0.994618,0.270957,-1.3309,-0.687799,0.440164,0.383448,-0.889348,0.127719,-2.17438,7.04965,-0.590504,26.9176,0.0700809,10,0,182.585,157.432,129.781,106.369,85.483,71.6427,63.494,52.9327,1.3897,0.85178,0.692695,0.461979,0.289318,0.134087,0.0670648,0.0539319
0.935,2.76914e-06,-4.47349e-06,0.949848,30.0033,-0.000846518,-0.00121165,-0.254462,-0.424993,-1.69876,-1.99059,-1.77281,-0.677892,-0.117049,-0.262581,-0.344824,-0.0708165,0.00394149,-0.0571636,-0.352083,-0.389846,-0.203808,-0.187412,4.3256,4.43462,5.09297,5.09421,4.96912,2.69178,0.984075,0.268357,-1.32902,-0.692154,0.440798,0.372908,-0.856084,0.125703,-2.11641,6.4807,-0.327336,27.1266,0.0654309,10,0,182.469,157.222,129.703,106.38,85.5394,71.722,63.5488,52.965,1.39085,0.842556,0.681776,0.452935,0.281497,0.126985,0.0607541,0.04859
0.94,2.84732e-06,-4.68046e-06,0.949848,30.0034,-0.00075692,-0.00120776,-0.22513,-0.350725,-1.61417,-1.92788,-1.73431,-0.658478,-0.104718,-0.248242,-0.345552,-0.0849256,-0.00644337,-0.0569434,-0.340001,-0.373491,-0.192342,-0.179256,4.25314,4.34102,5.00661,5.01363,4.89873,2.6601,0.973541,0.265761,-1.32718,-0.696349,0.441424,0.362512,-0.825157,0.124696,-2.10841,6.10223,-0.164212,27.3282,0.0609643,10,0,182.388,157.08,129.647,106.384,85.5748,71.7724,63.5838,52.9858,1.39016,0.835663,0.674333,0.447079,0.276577,0.122665,0.0570199,0.0453222
0.945,2.91636e-06,-4.86792e-06,0.949848,30.0034,-0.000671642,-0.00120307,-0.195822,-0.277797,-1.53134,-1.86662,-1.69721,-0.640742,-0.0941003,-0.235355,-0.346537,-0.0990773,-0.0170935,-0.0572137,-0.32852,-0.357778,-0.181304,-0.171331,4.18048,4.24735,4.92032,4.93368,4.82907,2.62862,0.96304,0.263181,-1.3254,-0.700396,0.442047,0.352301,-0.79645,0.124589,-2.03844,5.5846,0.0442138,27.5228,0.0566744,10,0,182.263,156.864,129.56,106.387,85.6245,71.8446,63.6341,53.016,1.38712,0.824345,0.662945,0.438514,0.269588,0.116729,0.0520652,0.0408438
0.95,2.97658e-06,-5.03612e-06,0.949849,30.0034,-0.000590678,-0.00119762,-0.166592,-0.206318,-1.45029,-1.80674,-1.66139,-0.62452,-0.0850434,-0.223811,-0.347747,-0.113204,-0.0279729,-0.057967,-0.31764,-0.342702,-0.170693,-0.163642,4.10765,4.1537,4.83417,4.85443,4.76015,2.59737,0.952593,0.260628,-1.32367,-0.704305,0.442672,0.34231,-0.769836,0.125274,-2.01287,5.24848,0.174284,27.7109,0.0525559,10,0,182.178,156.72,129.499,106.387,85.6556,71.8905,63.6662,53.0353,1.38384,0.816222,0.655217,0.432931,0.265162,0.113091,0.0491538,0.0381278
0.955,3.02845e-06,-5.18567e-06,0.949849,30.0035,-0.000513967,-0.00119147,-0.13749,-0.13638,-1.37102,-1.74817,-1.62674,-0.60966,-0.077401,-0.213501,-0.349151,-0.127243,-0.0390462,-0.0591948,-0.307364,-0.328258,-0.160508,-0.156195,4.03469,4.06012,4.74823,4.77589,4.69202,2.56638,0.942219,0.258114,-1.32198,-0.708086,0.443303,0.332562,-0.745183,0.126637,-1.93777,4.79156,0.325863,27.893,0.0486055,10,0,182.048,156.502,129.404,106.383,85.6992,71.9563,63.7123,53.0634,1.37716,0.803284,0.643445,0.424725,0.258842,0.108051,0.0453027,0.0344327
0.96,3.07253e-06,-5.31736e-06,0.949849,30.0035,-0.000441412,-0.00118467,-0.108564,-0.0680622,-1.29354,-1.69087,-1.59314,-0.59602,-0.071033,-0.204318,-0.350721,-0.14114,-0.0502797,-0.0608878,-0.297691,-0.314446,-0.150753,-0.148998,3.96164,3.9667,4.66254,4.6981,4.62468,2.53568,0.931934,0.255645,-1.32035,-0.711749,0.443942,0.323076,-0.72235,0.128567,-1.90124,4.50203,0.421442,28.0694,0.0448221,10,0,181.959,156.357,129.339,106.379,85.7264,71.9981,63.7417,53.0814,1.37162,0.794218,0.635492,0.419356,0.254825,0.104938,0.0430369,0.032205
0.965,3.10939e-06,-5.43212e-06,0.949849,30.0035,-0.000372893,-0.00117727,-0.0798539,-0.00143288,-1.21786,-1.63479,-1.5605,-0.583467,-0.0658058,-0.19616,-0.352431,-0.154844,-0.0616404,-0.0630361,-0.288625,-0.301265,-0.141432,-0.142058,3.88853,3.8735,4.57718,4.62108,4.55816,2.50527,0.921751,0.253228,-1.31876,-0.715303,0.444591,0.313862,-0.701193,0.130956,-1.82563,4.11165,0.518116,28.2405,0.041208,10,0,181.825,156.141,129.238,106.369,85.7643,72.0578,63.7838,53.1074,1.36179,0.780053,0.623429,0.411442,0.24907,0.100594,0.0400179,0.0291852
0.97,3.1396e-06,-5.53093e-06,0.949849,30.0035,-0.000308272,-0.00116932,-0.0513988,0.0634505,-1.14398,-1.57989,-1.52875,-0.571879,-0.0615918,-0.188924,-0.354255,-0.168311,-0.073097,-0.065629,-0.280166,-0.288718,-0.132548,-0.135384,3.81541,3.78058,4.49219,4.54485,4.49247,2.47519,0.911679,0.250868,-1.31721,-0.718755,0.445254,0.304928,-0.681566,0.133698,-1.7831,3.87064,0.580412,28.4066,0.0377689,10,0,181.734,155.997,129.17,106.36,85.7877,72.0956,63.8105,53.1241,1.35429,0.770283,0.615313,0.406253,0.245405,0.0978933,0.0382177,0.0273669
0.975,3.16371e-06,-5.61481e-06,0.949849,30.0035,-0.000247405,-0.00116085,-0.0232339,0.12654,-1.0719,-1.52614,-1.4978,-0.561141,-0.0582701,-0.182514,-0.35617,-0.1815,-0.0846196,-0.0686555,-0.272316,-0.276804,-0.124109,-0.128983,3.7423,3.68801,4.40761,4.46943,4.42762,2.44543,0.901727,0.248566,-1.31571,-0.722112,0.445931,0.296278,-0.663321,0.136693,-1.71002,3.54914,0.626998,28.5681,0.0345156,10,0,181.598,155.784,129.065,106.345,85.8201,72.1494,63.8486,53.148,1.34173,0.755221,0.603052,0.398594,0.240149,0.0941057,0.0357716,0.0248977
0.98,3.18221e-06,-5.68472e-06,0.94985,30.0035,-0.00019014,-0.00115189,0.00460855,0.187796,-1.00162,-1.47351,-1.46758,-0.551146,-0.0557262,-0.176837,-0.358154,-0.194377,-0.0961797,-0.0721038,-0.265076,-0.265528,-0.116118,-0.122863,3.66926,3.59584,4.3235,4.39483,4.36361,2.41602,0.891902,0.246325,-1.31426,-0.725382,0.446624,0.28791,-0.646314,0.139849,-1.66522,3.35635,0.659042,28.7252,0.0314651,10,0,181.507,155.644,128.994,106.332,85.8398,72.1833,63.8727,53.1632,1.33253,0.744951,0.594835,0.393569,0.2368,0.0917424,0.0342771,0.0234042
0.985,3.19557e-06,-5.74162e-06,0.94985,30.0035,-0.000136328,-0.00114247,0.032099,0.247187,-0.933137,-1.42197,-1.43804,-0.541796,-0.0538521,-0.171802,-0.360188,-0.206909,-0.10775,-0.0759616,-0.258446,-0.25489,-0.108583,-0.117032,3.59631,3.50412,4.23988,4.32106,4.30044,2.38696,0.882207,0.244146,-1.31284,-0.72857,0.447332,0.27982,-0.6304,0.143078,-1.59668,3.10275,0.662158,28.8783,0.0286421,10,0,181.37,155.437,128.886,106.311,85.8667,72.2313,63.9068,53.185,1.31761,0.729272,0.582468,0.386148,0.231998,0.0884222,0.0321912,0.0213615
0.99,3.20418e-06,-5.7864e-06,0.94985,30.0035,-8.58164e-05,-0.00113263,0.0592104,0.304688,-0.86645,-1.3715,-1.40911,-0.532998,-0.0525463,-0.167326,-0.362252,-0.219071,-0.119305,-0.0802163,-0.252425,-0.244893,-0.101508,-0.111497,3.52348,3.41292,4.1568,4.24812,4.23812,2.35825,0.872646,0.242028,-1.31146,-0.73168,0.448057,0.272003,-0.615441,0.146301,-1.55247,2.95589,0.668069,29.0274,0.0260812,10,0,181.279,155.301,128.814,106.296,85.8828,72.2613,63.9283,53.1987,1.30696,0.718674,0.57421,0.381277,0.22894,0.0863509,0.0308816,0.020115
0.995,3.20839e-06,-5.8199e-06,0.94985,30.0035,-3.84575e-05,-0.00112237,0.0859179,0.360282,-0.801549,-1.32207,-1.38075,-0.524668,-0.0517139,-0.163328,-0.364328,-0.23084,-0.130822,-0.0848546,-0.247011,-0.235537,-0.0948968,-0.106263,3.45082,3.32229,4.07428,4.17602,4.17664,2.3299,0.863219,0.239969,-1.31012,-0.734719,0.448798,0.264449,-0.601303,0.149446,-1.48982,2.76633,0.635233,29.1729,0.0238279,10,0,181.143,155.101,128.704,106.269,85.9043,72.3036,63.9584,53.2183,1.29003,0.702619,0.561823,0.374083,0.224558,0.0834487,0.0290098,0.0183943
1,3.2085e-06,-5.84289e-06,0.94985,30.0035,5.89491e-06,-0.00111173,0.112199,0.413957,-0.738426,-1.27367,-1.3529,-0.516727,-0.0512664,-0.159734,-0.366401,-0.242195,-0.142277,-0.0898626,-0.242202,-0.226822,-0.0887541,-0.101336,3.37836,3.23227,3.99237,4.10477,4.116,2.3019,0.853928,0.237968,-1.30882,-0.737688,0.449554,0.257148,-0.587859,0.152449,-1.44839,2.6614,0.61964,29.3149,0.0219387,10,0,181.054,154.971,128.63,106.25,85.9169,72.3299,63.9772,53.2305,1.27815,0.69184,0.553578,0.369362,0.22177,0.0816471,0.0278123,0.0173357
1.005,3.20479e-06,-5.85609e-06,0.94985,30.0035,4.73838e-05,-0.00110072,0.138033,0.465705,-0.677068,-1.22628,-1.32553,-0.509104,-0.0511221,-0.156474,-0.368456,-0.253123,-0.153649,-0.0952263,-0.237994,-0.218748,-0.0830821,-0.0967194,3.30613,3.14291,3.91109,4.03436,4.05618,2.27426,0.84477,0.236022,-1.30756,-0.740592,0.450324,0.250088,-0.574989,0.155253,-1.39256,2.52969,0.558585,29.4535,0.0204768,10,0,180.92,154.779,128.52,106.219,85.9331,72.3665,64.0034,53.2478,1.25953,0.675611,0.541249,0.362391,0.217779,0.0791415,0.0260816,0.0158677
1.01,3.19748e-06,-5.86017e-06,0.94985,30.0035,8.61488e-05,-0.00108935,0.163401,0.515526,-0.617464,-1.17987,-1.29859,-0.501731,-0.0512056,-0.153484,-0.370478,-0.263609,-0.164919,-0.100931,-0.234381,-0.211311,-0.0778821,-0.0924162,3.23416,3.05425,3.83046,3.96479,3.99719,2.24698,0.835744,0.234127,-1.30633,-0.743433,0.451108,0.243254,-0.562582,0.157809,-1.35557,2.46146,0.526198,29.5889,0.0195014,10,0,180.832,154.655,128.445,106.197,85.9422,72.3891,64.0195,53.2586,1.24662,0.664778,0.533067,0.357816,0.215241,0.0776016,0.0249707,0.0149651
1.015,3.18677e-06,-5.85574e-06,0.94985,30.0035,0.000122326,-0.00107764,0.188286,0.563422,-0.559597,-1.13443,-1.27205,-0.49455,-0.0514481,-0.150704,-0.372456,-0.273644,-0.176069,-0.106961,-0.231357,-0.204509,-0.0731542,-0.0884282,3.16249,2.96635,3.75051,3.89605,3.93901,2.22005,0.826848,0.232281,-1.30513,-0.746213,0.451904,0.236632,-0.550536,0.160075,-1.30715,2.37975,0.444385,29.7211,0.0190523,10,0,180.702,154.474,128.334,106.162,85.9534,72.4202,64.0418,53.2737,1.22661,0.648549,0.520866,0.351061,0.211612,0.0754871,0.0233752,0.0137246
1.02,3.17283e-06,-5.84337e-06,0.94985,30.0034,0.000156049,-0.00106561,0.212673,0.609402,-0.50345,-1.08994,-1.24587,-0.487505,-0.051787,-0.14808,-0.374378,-0.283223,-0.187083,-0.113301,-0.228913,-0.198336,-0.0688971,-0.084756,3.09114,2.87923,3.67126,3.82816,3.88164,2.19347,0.818079,0.230478,-1.30396,-0.748933,0.452711,0.230206,-0.538758,0.162018,-1.2758,2.34215,0.399712,29.8503,0.0191333,10,0,180.616,154.356,128.261,106.137,85.9591,72.4392,64.0554,53.283,1.21287,0.637766,0.512789,0.346628,0.209304,0.0742074,0.0223669,0.0129764
1.025,3.15583e-06,-5.82359e-06,0.94985,30.0034,0.000187448,-0.00105326,0.236549,0.653478,-0.449004,-1.04639,-1.22004,-0.480548,-0.0521662,-0.145564,-0.376235,-0.29234,-0.197944,-0.119936,-0.22704,-0.192786,-0.065108,-0.0813989,3.02015,2.79294,3.59273,3.76109,3.82505,2.16723,0.809433,0.228716,-1.30283,-0.751595,0.453526,0.22396,-0.527165,0.163608,-1.23505,2.30162,0.304019,29.9766,0.0197072,10,0,180.49,154.186,128.15,106.098,85.9653,72.465,64.0739,53.2959,1.19174,0.62168,0.500775,0.340081,0.206001,0.072482,0.020957,0.0119827
1.03,3.1359e-06,-5.7969e-06,0.949851,30.0034,0.000216648,-0.00104062,0.259901,0.695664,-0.39624,-1.00376,-1.19451,-0.473636,-0.0525356,-0.143113,-0.378017,-0.300994,-0.208639,-0.126847,-0.225726,-0.18785,-0.0617824,-0.078355,2.94954,2.7075,3.51494,3.69485,3.76925,2.14133,0.800906,0.226991,-1.30173,-0.754199,0.454348,0.217875,-0.515682,0.164824,-1.21004,2.28823,0.251191,30.0999,0.0207047,10,0,180.408,154.076,128.077,106.07,85.9679,72.4805,64.0849,53.3038,1.17734,0.611035,0.49284,0.335784,0.2039,0.0714598,0.0200998,0.0114143
1.035,3.11318e-06,-5.76377e-06,0.949851,30.0033,0.000243773,-0.00102769,0.28272,0.735979,-0.345135,-0.96203,-1.16927,-0.466731,-0.0528514,-0.140689,-0.379716,-0.309185,-0.219154,-0.134019,-0.22496,-0.183518,-0.0589147,-0.0756211,2.87935,2.62297,3.43791,3.62942,3.71421,2.11577,0.792495,0.225297,-1.30066,-0.756746,0.455175,0.211935,-0.504247,0.165651,-1.17686,2.27968,0.147726,30.2202,0.0220424,10,0,180.287,153.916,127.968,106.027,85.9695,72.5013,64.0998,53.3146,1.15535,0.595212,0.481063,0.329434,0.200887,0.0701147,0.0189654,0.0107189
1.04,3.0878e-06,-5.72462e-06,0.949851,30.0033,0.000268942,-0.00101449,0.304996,0.774445,-0.295665,-0.921192,-1.14431,-0.459799,-0.0530752,-0.138259,-0.381325,-0.316916,-0.229478,-0.141434,-0.224727,-0.179778,-0.0564976,-0.0731931,2.80959,2.53936,3.36165,3.56481,3.65993,2.09052,0.784194,0.223632,-1.29961,-0.759236,0.456005,0.206124,-0.492805,0.166077,-1.15841,2.28416,0.0904081,30.3377,0.0236388,10,0,180.208,153.814,127.896,105.998,85.969,72.5135,64.1085,53.3212,1.14047,0.584775,0.4733,0.325263,0.198965,0.0693397,0.0183262,0.0103684
1.045,3.05988e-06,-5.67988e-06,0.949851,30.0033,0.000292273,-0.00100104,0.326722,0.811088,-0.247807,-0.881229,-1.11959,-0.452813,-0.0531745,-0.135794,-0.38284,-0.324192,-0.2396,-0.149073,-0.225012,-0.176619,-0.0545223,-0.0710654,2.7403,2.45671,3.28618,3.50101,3.60639,2.0656,0.775999,0.221992,-1.2986,-0.761669,0.456836,0.200423,-0.481311,0.166098,-1.13237,2.2986,-0.0155761,30.4524,0.0254235,10,0,180.093,153.666,127.789,105.952,85.9662,72.5294,64.1199,53.3301,1.11786,0.569309,0.461798,0.319096,0.1962,0.0683514,0.0175677,0.0100215
1.05,3.02954e-06,-5.62994e-06,0.949851,30.0032,0.000313877,-0.000987346,0.347891,0.845934,-0.201533,-0.842127,-1.09512,-0.445749,-0.053122,-0.13327,-0.384253,-0.331019,-0.249509,-0.15692,-0.225798,-0.174024,-0.0529787,-0.0692317,2.6715,2.37504,3.21151,3.43799,3.55357,2.04099,0.767907,0.220372,-1.29761,-0.764043,0.457666,0.194817,-0.469729,0.165713,-1.12022,2.31498,-0.074234,30.5641,0.0273392,10,0,180.018,153.571,127.719,105.92,85.963,72.5385,64.1264,53.3354,1.10264,0.559136,0.45423,0.315043,0.194428,0.0678022,0.0172064,0.00990988
1.055,2.9969e-06,-5.57519e-06,0.949851,30.0032,0.000333863,-0.000973427,0.368498,0.879014,-0.156818,-0.803874,-1.07087,-0.438588,-0.0528959,-0.130669,-0.385562,-0.337403,-0.259198,-0.164956,-0.227069,-0.171979,-0.0518556,-0.0676843,2.60322,2.29439,3.13765,3.37577,3.50146,2.01667,0.759912,0.21877,-1.29665,-0.76636,0.458493,0.189292,-0.458032,0.164925,-1.1005,2.34406,-0.178372,30.673,0.0293415,10,0,179.909,153.435,127.615,105.871,85.9562,72.55,64.1345,53.3424,1.07962,0.544099,0.443034,0.309044,0.191866,0.0671295,0.0168892,0.00991233
1.06,2.96208e-06,-5.51599e-06,0.949851,30.0032,0.000352337,-0.0009593,0.388541,0.910359,-0.113634,-0.766455,-1.04683,-0.431315,-0.0524787,-0.127975,-0.386763,-0.343354,-0.268658,-0.173161,-0.228804,-0.170465,-0.0511401,-0.066415,2.53548,2.21477,3.06462,3.31433,3.45006,1.99266,0.752011,0.217183,-1.29572,-0.768618,0.459315,0.183832,-0.446199,0.163741,-1.09401,2.36699,-0.235745,30.779,0.0313962,10,0,179.839,153.348,127.546,105.838,85.9503,72.5562,64.1389,53.3466,1.06419,0.53423,0.435678,0.305096,0.190213,0.0667728,0.0168256,0.0100157
1.065,2.92521e-06,-5.45269e-06,0.949851,30.0031,0.0003694,-0.00094498,0.408015,0.940003,-0.0719526,-0.72986,-1.02301,-0.423919,-0.0518578,-0.125178,-0.387853,-0.348881,-0.277881,-0.181517,-0.230984,-0.169465,-0.0508185,-0.0654144,2.46829,2.13621,2.99241,3.25366,3.39933,1.96894,0.744199,0.215606,-1.29482,-0.770816,0.46013,0.178425,-0.434219,0.162171,-1.07951,2.40334,-0.334546,30.8821,0.0334772,10,0,179.736,153.224,127.445,105.788,85.9398,72.5635,64.144,53.3519,1.04097,0.519674,0.42481,0.299247,0.187805,0.0663583,0.016936,0.0102968
1.07,2.8864e-06,-5.38563e-06,0.949851,30.0031,0.000385148,-0.000930485,0.42692,0.967982,-0.0317446,-0.694076,-0.999393,-0.416394,-0.0510248,-0.122268,-0.388831,-0.353996,-0.286861,-0.190004,-0.233587,-0.168959,-0.050876,-0.0646725,2.40169,2.05873,2.92105,3.19375,3.34928,1.94549,0.736473,0.214038,-1.29394,-0.772954,0.460936,0.17306,-0.422085,0.160229,-1.07769,2.42828,-0.38853,30.9822,0.0355644,10,0,179.671,153.145,127.379,105.753,85.9317,72.5671,64.1465,53.355,1.02546,0.51014,0.417677,0.295393,0.18624,0.0661516,0.0171315,0.0105502
1.075,2.84579e-06,-5.31515e-06,0.949851,30.003,0.000399674,-0.000915831,0.445256,0.994332,0.00701933,-0.659092,-0.975978,-0.408735,-0.0499753,-0.119243,-0.389695,-0.358709,-0.295593,-0.198604,-0.236593,-0.168925,-0.0512967,-0.0641786,2.33569,1.98235,2.85054,3.1346,3.29989,1.92232,0.728828,0.212477,-1.29309,-0.77503,0.461732,0.167727,-0.409798,0.15793,-1.06709,2.46568,-0.479346,31.0794,0.0376422,10,0,179.575,153.032,127.281,105.701,85.9178,72.5706,64.1489,53.3589,1.00219,0.4961,0.40715,0.289676,0.18394,0.065927,0.0175744,0.0109989
1.08,2.80349e-06,-5.24156e-06,0.949851,30.003,0.000413066,-0.000901037,0.463022,1.01909,0.0443689,-0.624897,-0.952765,-0.400942,-0.0487082,-0.116101,-0.390444,-0.363032,-0.30407,-0.207297,-0.239977,-0.169342,-0.0520641,-0.0639215,2.27031,1.90709,2.78089,3.0762,3.25114,1.89942,0.72126,0.210919,-1.29227,-0.777045,0.462515,0.162417,-0.397362,0.155293,-1.06874,2.48898,-0.528344,31.1736,0.0396985,10,0,179.514,152.961,127.218,105.665,85.9076,72.5717,64.1497,53.361,0.986708,0.486917,0.400247,0.285905,0.182432,0.0658229,0.0179479,0.011327
1.085,2.75963e-06,-5.16517e-06,0.949851,30.003,0.000425408,-0.000886119,0.48022,1.0423,0.0803342,-0.591481,-0.929755,-0.393019,-0.0472259,-0.112842,-0.391079,-0.366979,-0.312289,-0.216064,-0.243718,-0.170188,-0.0531608,-0.0638894,2.20557,1.83296,2.7121,3.01853,3.20302,1.87677,0.713768,0.209363,-1.29147,-0.778997,0.463284,0.157125,-0.384788,0.152336,-1.06059,2.5225,-0.609313,31.2649,0.0417236,10,0,179.426,152.859,127.125,105.612,85.8909,72.5718,64.1496,53.3635,0.963551,0.473412,0.390068,0.280303,0.180196,0.065716,0.0185891,0.0118373
1.09,2.71435e-06,-5.08628e-06,0.949851,30.0029,0.000436777,-0.000871097,0.496853,1.064,0.114945,-0.558835,-0.90695,-0.384969,-0.0455338,-0.109472,-0.3916,-0.370562,-0.320244,-0.224885,-0.24779,-0.171439,-0.0545689,-0.0640702,2.14149,1.75997,2.64417,2.9616,3.15553,1.85438,0.706346,0.207808,-1.2907,-0.780886,0.464037,0.151844,-0.372089,0.149081,-1.06441,2.54138,-0.652204,31.3531,0.0437097,10,0,179.37,152.795,127.064,105.576,85.8788,72.5707,64.1487,53.3647,0.948182,0.464589,0.383398,0.276602,0.178716,0.0656667,0.0190506,0.0121774
1.095,2.66777e-06,-5.00518e-06,0.949851,30.0029,0.000447248,-0.000855986,0.512923,1.08423,0.148233,-0.52695,-0.884354,-0.3768,-0.0436396,-0.105996,-0.392008,-0.373794,-0.327933,-0.23374,-0.25217,-0.173071,-0.05627,-0.0644514,2.07809,1.68815,2.57713,2.90538,3.10863,1.83224,0.698993,0.206252,-1.28996,-0.782711,0.464773,0.146573,-0.359282,0.145549,-1.05729,2.56732,-0.722181,31.4383,0.0456506,10,0,179.29,152.705,126.975,105.522,85.8595,72.5677,64.1464,53.3659,0.925261,0.451627,0.373568,0.2711,0.176505,0.0656084,0.0197632,0.0126698
1.1,2.62002e-06,-4.92214e-06,0.949851,30.0028,0.000456888,-0.000840805,0.528435,1.10303,0.180227,-0.495816,-0.861973,-0.368523,-0.0415537,-0.102421,-0.392303,-0.376688,-0.335352,-0.242612,-0.256833,-0.175062,-0.0582454,-0.0650202,2.01537,1.6175,2.51096,2.84989,3.06234,1.81033,0.691706,0.204694,-1.28924,-0.784472,0.465491,0.14131,-0.346388,0.141764,-1.06198,2.57988,-0.758291,31.5204,0.0475413,10,0,179.238,152.648,126.917,105.485,85.8459,72.5647,64.1442,53.3664,0.910086,0.443165,0.36713,0.267461,0.175029,0.0655704,0.0202366,0.0129782
1.105,2.57121e-06,-4.83744e-06,0.949851,30.0028,0.000465764,-0.000825572,0.543393,1.12045,0.210958,-0.465426,-0.839813,-0.360148,-0.039288,-0.0987564,-0.392488,-0.379257,-0.342499,-0.251481,-0.261754,-0.177385,-0.060476,-0.0657641,1.95336,1.54804,2.44567,2.7951,3.01662,1.78866,0.684483,0.203133,-1.28855,-0.786169,0.466189,0.136055,-0.333427,0.137747,-1.05456,2.59575,-0.816767,31.5995,0.0493777,10,0,179.165,152.568,126.833,105.431,85.8244,72.5589,64.1399,53.3665,0.887509,0.430742,0.357646,0.262044,0.172807,0.0654998,0.0209225,0.0134001
1.11,2.52149e-06,-4.75133e-06,0.949851,30.0027,0.000473932,-0.000810303,0.557802,1.13652,0.240455,-0.435772,-0.817881,-0.351688,-0.0368563,-0.0950135,-0.392564,-0.381515,-0.34937,-0.260327,-0.266908,-0.180017,-0.0629428,-0.06667,1.89207,1.47977,2.38127,2.74101,2.97148,1.76722,0.677321,0.201569,-1.28788,-0.7878,0.466867,0.130808,-0.320424,0.133521,-1.05894,2.60082,-0.845817,31.6756,0.0511564,10,0,179.119,152.518,126.778,105.394,85.8095,72.5543,64.1365,53.3663,0.872593,0.422637,0.351438,0.258458,0.171315,0.065436,0.0213534,0.0136494
1.115,2.47097e-06,-4.66405e-06,0.949851,30.0027,0.000481447,-0.000795015,0.571668,1.15129,0.268749,-0.406846,-0.796186,-0.343159,-0.0342737,-0.0912033,-0.392533,-0.383474,-0.355963,-0.269134,-0.272271,-0.182932,-0.0656265,-0.0677252,1.83151,1.4127,2.31776,2.68761,2.9269,1.74601,0.670218,0.200001,-1.28724,-0.789366,0.467523,0.125574,-0.307402,0.129111,-1.05011,2.6052,-0.892828,31.7486,0.0528747,10,0,179.052,152.448,126.699,105.34,85.7862,72.5461,64.1305,53.3655,0.850447,0.410743,0.342295,0.253116,0.169055,0.0653039,0.021946,0.0139697
1.12,2.41977e-06,-4.57585e-06,0.949851,30.0026,0.00048836,-0.000779724,0.584998,1.1648,0.295868,-0.378642,-0.774738,-0.334575,-0.0315564,-0.0873382,-0.392397,-0.385147,-0.362278,-0.277882,-0.277816,-0.186107,-0.068508,-0.068917,1.7717,1.34683,2.25513,2.63491,2.88287,1.72501,0.663172,0.198429,-1.28663,-0.790867,0.468156,0.120356,-0.294386,0.124537,-1.05318,2.60229,-0.914882,31.8185,0.0545305,10,0,179.011,152.404,126.647,105.304,85.7702,72.54,64.126,53.3647,0.835844,0.402986,0.336311,0.249577,0.167531,0.0651858,0.0222991,0.0141451
1.125,2.36801e-06,-4.48693e-06,0.949851,30.0026,0.000494713,-0.000764446,0.597797,1.17708,0.321843,-0.351152,-0.753544,-0.325953,-0.0287213,-0.0834311,-0.392159,-0.386546,-0.368312,-0.286555,-0.283521,-0.189516,-0.0715684,-0.0702328,1.71264,1.28218,2.1934,2.58288,2.83938,1.70423,0.656183,0.196853,-1.28604,-0.792303,0.468766,0.115159,-0.281401,0.119823,-1.04206,2.59466,-0.950905,31.8854,0.0561222,10,0,178.952,152.343,126.573,105.25,85.7456,72.5298,64.1186,53.3631,0.8142,0.391605,0.3275,0.244303,0.165214,0.0649556,0.0227581,0.0143484
1.13,2.3158e-06,-4.39751e-06,0.949851,30.0025,0.000500548,-0.000749195,0.610074,1.18819,0.3467,-0.32437,-0.732616,-0.317309,-0.0257858,-0.0794949,-0.391822,-0.387682,-0.374064,-0.295135,-0.28936,-0.193136,-0.0747889,-0.0716604,1.65435,1.21875,2.13257,2.53153,2.79643,1.68365,0.649248,0.195273,-1.28548,-0.793675,0.469352,0.109988,-0.268472,0.114989,-1.04306,2.58381,-0.966308,31.9493,0.0576484,10,0,178.915,152.306,126.525,105.215,85.7288,72.5225,64.1132,53.3618,0.799952,0.384184,0.321734,0.240808,0.163646,0.0647631,0.0230138,0.0144435
1.135,2.26325e-06,-4.30778e-06,0.949851,30.0025,0.000505899,-0.000733986,0.621836,1.19817,0.37047,-0.29829,-0.711964,-0.308661,-0.0227678,-0.075543,-0.391387,-0.388568,-0.379533,-0.303605,-0.29531,-0.196943,-0.0781514,-0.0731876,1.59684,1.15654,2.07263,2.48084,2.754,1.66329,0.642367,0.193689,-1.28495,-0.794982,0.469914,0.104851,-0.255624,0.110056,-1.02906,2.5644,-0.992163,32.0101,0.0591083,10,0,178.863,152.254,126.456,105.162,85.7031,72.5106,64.1046,53.3595,0.778866,0.373298,0.313245,0.235596,0.161258,0.0644111,0.0233188,0.0145256
1.14,2.21046e-06,-4.21792e-06,0.949851,30.0024,0.0005108,-0.000718832,0.63309,1.20704,0.393178,-0.272905,-0.691598,-0.300026,-0.019685,-0.0715887,-0.390857,-0.389214,-0.384719,-0.31195,-0.301347,-0.200913,-0.0816377,-0.0748028,1.54011,1.09555,2.01359,2.43083,2.71209,1.64312,0.635539,0.192102,-1.28444,-0.796225,0.470451,0.0997543,-0.242879,0.105043,-1.02747,2.54607,-1.00147,32.068,0.0605013,10,0,178.83,152.223,126.411,105.127,85.6857,72.5023,64.0985,53.3577,0.765007,0.366201,0.307691,0.232143,0.15964,0.0641324,0.0234689,0.0145405
1.145,2.15754e-06,-4.12811e-06,0.949851,30.0024,0.000515277,-0.000703746,0.643845,1.21486,0.414854,-0.248211,-0.671527,-0.291421,-0.0165552,-0.0676449,-0.390236,-0.38963,-0.38962,-0.320154,-0.307448,-0.205024,-0.0852304,-0.0764948,1.48417,1.03578,1.95544,2.38147,2.67069,1.62316,0.628762,0.190512,-1.28395,-0.797404,0.470962,0.0947049,-0.230259,0.0999676,-1.01028,2.5157,-1.01822,32.1229,0.0618269,10,0,178.785,152.18,126.347,105.075,85.6593,72.4891,64.0889,53.3548,0.744524,0.355791,0.299515,0.226993,0.157176,0.0636463,0.0236142,0.0145051
1.15,2.10457e-06,-4.03851e-06,0.949851,30.0023,0.000519353,-0.000688739,0.654109,1.22166,0.435523,-0.224199,-0.651763,-0.282864,-0.0133959,-0.0637242,-0.389525,-0.389826,-0.394237,-0.328202,-0.313592,-0.209253,-0.0889125,-0.0782525,1.42904,0.977238,1.8982,2.33276,2.62979,1.60338,0.622037,0.188919,-1.28349,-0.798521,0.471448,0.0897105,-0.217787,0.0948472,-1.00584,2.49065,-1.02215,32.1749,0.0630853,10,0,178.757,152.153,126.307,105.042,85.6415,72.48,64.0822,53.3527,0.731078,0.349005,0.294166,0.223582,0.155507,0.0632766,0.0236586,0.0144443
1.155,2.05166e-06,-3.94925e-06,0.949851,30.0023,0.000523051,-0.000673824,0.663891,1.22748,0.455211,-0.200866,-0.632316,-0.27437,-0.010224,-0.059839,-0.388727,-0.389812,-0.39857,-0.33608,-0.319755,-0.21358,-0.0926678,-0.0800655,1.37471,0.91992,1.84185,2.2847,2.58938,1.58381,0.615362,0.187325,-1.28306,-0.799576,0.471909,0.0847788,-0.20548,0.0896976,-0.985404,2.45054,-1.03098,32.224,0.0642764,10,0,178.718,152.118,126.248,104.992,85.6148,72.4658,64.0719,53.3494,0.711232,0.339051,0.286292,0.218497,0.152966,0.062654,0.023649,0.0143003
1.16,1.99889e-06,-3.86047e-06,0.949851,30.0022,0.000526386,-0.00065901,0.6732,1.23235,0.473944,-0.178204,-0.613194,-0.265958,-0.00705597,-0.0560008,-0.387846,-0.389596,-0.402618,-0.343774,-0.325919,-0.217983,-0.0964803,-0.0819238,1.3212,0.863823,1.78639,2.23729,2.54947,1.56442,0.608737,0.185729,-1.28265,-0.80057,0.472343,0.0799171,-0.193358,0.0845331,-0.978061,2.41973,-1.03032,32.2703,0.0654007,10,0,178.694,152.097,126.211,104.959,85.5969,72.456,64.0648,53.347,0.69822,0.332563,0.281141,0.215129,0.151247,0.0621947,0.0235937,0.0141712
1.165,1.94633e-06,-3.77228e-06,0.949851,30.0022,0.000529373,-0.000644307,0.682043,1.23632,0.491747,-0.156208,-0.594408,-0.257642,-0.00390747,-0.0522206,-0.386882,-0.389187,-0.406382,-0.351271,-0.332062,-0.222442,-0.100335,-0.0838178,1.2685,0.808946,1.73183,2.19053,2.51003,1.54522,0.602163,0.184133,-1.28226,-0.801504,0.472752,0.0751327,-0.181436,0.0793668,-0.954565,2.37137,-1.03251,32.3138,0.0664586,10,0,178.662,152.069,126.157,104.911,85.57,72.4411,64.0539,53.3433,0.679035,0.323048,0.27356,0.210113,0.148636,0.0614414,0.0234413,0.0139315
1.17,1.89406e-06,-3.6848e-06,0.949851,30.0021,0.000532024,-0.000629723,0.690431,1.23941,0.508646,-0.134871,-0.575966,-0.249437,-0.000793403,-0.0485086,-0.38584,-0.388592,-0.409862,-0.35856,-0.338166,-0.226938,-0.104218,-0.0857387,1.21663,0.755285,1.67817,2.14439,2.47108,1.52621,0.595638,0.182538,-1.2819,-0.802379,0.473135,0.0704326,-0.169729,0.0742106,-0.944452,2.33587,-1.02809,32.3545,0.0674509,10,0,178.642,152.053,126.124,104.88,85.5522,72.431,64.0465,53.3408,0.666472,0.316847,0.268601,0.206794,0.146873,0.0608983,0.0232961,0.0137432
1.175,1.84215e-06,-3.59811e-06,0.949851,30.0021,0.000534348,-0.000615266,0.698372,1.24167,0.524662,-0.114188,-0.557876,-0.241357,0.00227221,-0.0448744,-0.384721,-0.387819,-0.41306,-0.365628,-0.344212,-0.231453,-0.108115,-0.0876778,1.16559,0.702836,1.6254,2.0989,2.4326,1.50738,0.589163,0.180943,-1.28156,-0.803196,0.473492,0.0658233,-0.15825,0.069075,-0.918245,2.28089,-1.02487,32.3926,0.0683783,10,0,178.615,152.032,126.076,104.834,85.5256,72.4156,64.0352,53.3368,0.647969,0.307754,0.261305,0.201854,0.144201,0.0600262,0.0230179,0.0134224
1.18,1.79065e-06,-3.5123e-06,0.949851,30.002,0.000536352,-0.000600944,0.705875,1.24312,0.539821,-0.0941528,-0.540146,-0.233417,0.00527631,-0.0413266,-0.383527,-0.386874,-0.415975,-0.372466,-0.350182,-0.23597,-0.112013,-0.0896272,1.11538,0.651593,1.57352,2.05403,2.39458,1.48873,0.582737,0.17935,-1.28124,-0.803956,0.473823,0.0613109,-0.147011,0.0639695,-0.90564,2.24181,-1.01749,32.428,0.0692418,10,0,178.6,152.02,126.046,104.804,85.508,72.4053,64.0276,53.3341,0.635864,0.30183,0.256534,0.198588,0.142402,0.059409,0.0227951,0.0131853
1.185,1.73964e-06,-3.42745e-06,0.949851,30.002,0.000538041,-0.000586762,0.712949,1.2438,0.554145,-0.074758,-0.522782,-0.225627,0.00820685,-0.0378729,-0.38226,-0.385763,-0.41861,-0.379063,-0.35606,-0.240471,-0.115899,-0.0915794,1.066,0.601553,1.52254,2.00979,2.35703,1.47027,0.576362,0.17776,-1.28095,-0.80466,0.47413,0.0569011,-0.13602,0.0589022,-0.877193,2.18189,-1.01004,32.4609,0.0700424,10,0,178.579,152.006,126.003,104.761,85.4819,72.3897,64.0162,53.3299,0.618058,0.293146,0.249514,0.193732,0.139683,0.0584341,0.0224106,0.0127989
1.19,1.68917e-06,-3.34361e-06,0.949851,30.0019,0.00053942,-0.000572727,0.719602,1.24374,0.567657,-0.0559973,-0.505792,-0.218001,0.0110528,-0.0345204,-0.380923,-0.384492,-0.420965,-0.38541,-0.36183,-0.244941,-0.119764,-0.0935274,1.01746,0.552708,1.47244,1.96618,2.31993,1.45198,0.570035,0.176174,-1.28068,-0.805311,0.47441,0.0525987,-0.125286,0.0538802,-0.86247,2.1403,-1.00046,32.4912,0.0707812,10,0,178.567,151.998,125.977,104.733,85.4647,72.3792,64.0086,53.3271,0.606423,0.287491,0.244925,0.190526,0.137858,0.0577545,0.022124,0.0125233
1.195,1.63927e-06,-3.26084e-06,0.949851,30.0019,0.000540489,-0.000558843,0.725845,1.24297,0.580378,-0.0378638,-0.489179,-0.210548,0.0138042,-0.0312751,-0.379518,-0.383067,-0.423043,-0.391498,-0.367478,-0.249366,-0.123595,-0.0954647,0.96976,0.505051,1.42323,1.92319,2.28329,1.43387,0.563759,0.174591,-1.28042,-0.805908,0.474666,0.0484081,-0.114814,0.0489095,-0.832329,2.07704,-0.989844,32.5191,0.0714594,10,0,178.551,151.99,125.94,104.692,85.4393,72.3636,63.9971,53.3229,0.589326,0.279206,0.238176,0.185765,0.135106,0.0566959,0.0216543,0.012087
1.2,1.59e-06,-3.17919e-06,0.949851,30.0018,0.000541251,-0.000545115,0.731686,1.24152,0.592329,-0.0203504,-0.47295,-0.203277,0.0164521,-0.0281421,-0.378046,-0.381491,-0.424844,-0.397321,-0.372989,-0.253731,-0.127382,-0.0973853,0.922895,0.458575,1.3749,1.88082,2.24711,1.41595,0.557533,0.173013,-1.28019,-0.806454,0.474897,0.0443332,-0.10461,0.0439951,-0.815916,2.03397,-0.978724,32.5446,0.0720782,10,0,178.543,151.987,125.917,104.666,85.4226,72.3533,63.9895,53.32,0.578167,0.273814,0.233766,0.182625,0.133265,0.0559672,0.0213179,0.0117832
1.205,1.54138e-06,-3.09868e-06,0.949851,30.0018,0.000541706,-0.000531546,0.737133,1.23942,0.603532,-0.00344982,-0.457108,-0.196197,0.0189886,-0.025126,-0.37651,-0.37977,-0.42637,-0.40287,-0.378351,-0.258023,-0.131117,-0.0992837,0.87687,0.413272,1.32745,1.83906,2.21137,1.39819,0.551357,0.171441,-1.27998,-0.80695,0.475104,0.0403769,-0.0946766,0.0391411,-0.784649,1.96887,-0.965863,32.5678,0.0726389,10,0,178.532,151.984,125.885,104.628,85.3981,72.3379,63.9781,53.3157,0.56179,0.265919,0.227283,0.17797,0.130499,0.0548451,0.020784,0.0113117
1.21,1.49347e-06,-3.01934e-06,0.949851,30.0017,0.000541854,-0.00051814,0.742196,1.2367,0.614006,0.0128456,-0.441656,-0.189316,0.021407,-0.0222302,-0.37491,-0.377907,-0.427624,-0.40814,-0.383552,-0.262231,-0.13479,-0.101155,0.831684,0.369134,1.28087,1.79792,2.17607,1.38061,0.545231,0.169874,-1.27979,-0.807396,0.475287,0.036542,-0.0850152,0.034351,-0.766994,1.92521,-0.953776,32.5887,0.073143,10,0,178.527,151.984,125.865,104.604,85.3822,72.3278,63.9706,53.3129,0.551115,0.260785,0.223048,0.174904,0.128653,0.054081,0.0204118,0.010989
1.215,1.44627e-06,-2.9412e-06,0.949851,30.0017,0.000541693,-0.0005049,0.746882,1.23337,0.623773,0.0285438,-0.426596,-0.18264,0.0237014,-0.0194575,-0.373248,-0.375907,-0.428608,-0.413124,-0.38858,-0.266343,-0.138394,-0.102994,0.787337,0.326151,1.23518,1.75739,2.14122,1.36321,0.539156,0.168314,-1.27962,-0.807795,0.475446,0.0328302,-0.0756265,0.0296272,-0.735161,1.8596,-0.939434,32.6074,0.0735916,10,0,178.522,151.987,125.839,104.569,85.3588,72.3128,63.9595,53.3086,0.535468,0.253275,0.216827,0.170365,0.125889,0.0529161,0.0198341,0.010496
1.22,1.39983e-06,-2.86427e-06,0.949851,30.0016,0.000541224,-0.000491827,0.751201,1.22947,0.632851,0.0436527,-0.411931,-0.176173,0.025867,-0.01681,-0.371526,-0.373772,-0.429324,-0.417819,-0.393425,-0.270348,-0.141921,-0.104797,0.743828,0.284313,1.19035,1.71747,2.1068,1.34598,0.533131,0.166762,-1.27947,-0.808148,0.475581,0.0292428,-0.06651,0.0249718,-0.716698,1.81615,-0.926844,32.6241,0.0739862,10,0,178.52,151.991,125.823,104.547,85.3436,72.303,63.9521,53.3058,0.525283,0.248395,0.212765,0.167381,0.124052,0.0521302,0.019439,0.0101631
1.225,1.35415e-06,-2.78856e-06,0.949851,30.0016,0.000540444,-0.000478923,0.755161,1.22503,0.641259,0.0581808,-0.39766,-0.169921,0.0278999,-0.014289,-0.369744,-0.371506,-0.429774,-0.42222,-0.398078,-0.274238,-0.145365,-0.10656,0.701154,0.243611,1.14639,1.67816,2.07282,1.32893,0.527157,0.165217,-1.27933,-0.808456,0.475693,0.0257806,-0.0576639,0.0203859,-0.684817,1.75116,-0.91163,32.6386,0.0743282,10,0,178.519,151.999,125.801,104.515,85.3215,72.2885,63.9413,53.3016,0.510377,0.241267,0.206803,0.162969,0.121307,0.0509425,0.0188364,0.00966052
1.23,1.30927e-06,-2.71407e-06,0.949851,30.0016,0.000539353,-0.00046619,0.758769,1.22006,0.649017,0.0721366,-0.383785,-0.163887,0.029797,-0.0118951,-0.367905,-0.369112,-0.429962,-0.426323,-0.40253,-0.278003,-0.148719,-0.10828,0.659316,0.204033,1.10329,1.63945,2.03927,1.31205,0.521234,0.16368,-1.27921,-0.808721,0.475783,0.0224438,-0.0490854,0.0158706,-0.665947,1.70855,-0.898894,32.6511,0.074619,10,0,178.521,152.006,125.789,104.495,85.3073,72.2791,63.9343,53.2989,0.50069,0.236641,0.202913,0.160074,0.119488,0.0501478,0.0184306,0.00932487
1.235,1.26518e-06,-2.64079e-06,0.949851,30.0015,0.000537949,-0.000453629,0.762036,1.21459,0.656142,0.085529,-0.370304,-0.158074,0.0315563,-0.00962839,-0.366009,-0.366592,-0.429891,-0.430126,-0.406773,-0.281636,-0.151978,-0.109953,0.618309,0.16557,1.06105,1.60135,2.00616,1.29534,0.515363,0.162152,-1.27911,-0.808943,0.47585,0.0192321,-0.0407711,0.0114263,-0.634476,1.6451,-0.883267,32.6617,0.0748599,10,0,178.524,152.019,125.772,104.466,85.2866,72.2653,63.9239,53.2948,0.486535,0.229891,0.197206,0.155801,0.116779,0.0489561,0.0178201,0.00882304
1.24,1.22191e-06,-2.56874e-06,0.949851,30.0015,0.000536233,-0.00044124,0.764967,1.20864,0.662652,0.098367,-0.357217,-0.152483,0.0331763,-0.0074884,-0.364057,-0.363949,-0.429563,-0.433626,-0.4108,-0.285129,-0.155137,-0.111577,0.578131,0.128209,1.01966,1.56384,1.97347,1.27881,0.509543,0.160633,-1.27902,-0.809125,0.475895,0.0161448,-0.0327167,0.00705301,-0.615551,1.60385,-0.870642,32.6705,0.0750523,10,0,178.528,152.029,125.763,104.448,85.2733,72.2564,63.9171,53.2921,0.477352,0.225517,0.193487,0.153,0.114989,0.0481646,0.0174144,0.00849092
1.245,1.17946e-06,-2.49788e-06,0.949851,30.0014,0.000534203,-0.000429025,0.767572,1.20223,0.668565,0.11066,-0.344521,-0.147114,0.0346565,-0.0054741,-0.36205,-0.361184,-0.428981,-0.436822,-0.414606,-0.288475,-0.158191,-0.113149,0.538779,0.0919386,0.97912,1.52693,1.94121,1.26244,0.503775,0.159123,-1.27895,-0.809267,0.475919,0.0131808,-0.0249172,0.00275057,-0.584874,1.54264,-0.854924,32.6774,0.0751976,10,0,178.537,152.046,125.752,104.423,85.2541,72.2434,63.9072,53.2882,0.463961,0.219146,0.188035,0.148875,0.112331,0.0469859,0.0168113,0.00799847
1.25,1.13784e-06,-2.42822e-06,0.949851,30.0014,0.000531859,-0.000416982,0.769857,1.19539,0.673899,0.122417,-0.332214,-0.141969,0.0359967,-0.00358401,-0.35999,-0.358302,-0.42815,-0.439711,-0.418184,-0.291668,-0.161137,-0.114667,0.50025,0.0567474,0.939424,1.49061,1.90937,1.24625,0.498058,0.157623,-1.27889,-0.809371,0.475921,0.0103384,-0.0173673,-0.00148144,-0.566187,1.50312,-0.842577,32.6826,0.0752971,10,0,178.543,152.059,125.746,104.407,85.2419,72.235,63.9007,53.2856,0.45529,0.215024,0.184485,0.146177,0.11058,0.0462082,0.0164151,0.00767507
1.255,1.09704e-06,-2.35974e-06,0.949851,30.0014,0.000529203,-0.000405113,0.771832,1.18813,0.678669,0.133649,-0.320293,-0.137047,0.0371978,-0.00181625,-0.357876,-0.355302,-0.427072,-0.442295,-0.421529,-0.294704,-0.163971,-0.11613,0.46254,0.0226225,0.900566,1.45489,1.87795,1.23023,0.492393,0.156132,-1.27884,-0.809437,0.475902,0.00761588,-0.0100611,-0.0056436,-0.53661,1.44465,-0.826972,32.6861,0.0753521,10,0,178.555,152.081,125.739,104.385,85.2243,72.2229,63.8914,53.2818,0.442672,0.209031,0.179287,0.142209,0.107987,0.0450576,0.0158325,0.00719901
1.26,1.05709e-06,-2.29243e-06,0.949851,30.0013,0.000526235,-0.000393417,0.773503,1.18047,0.682892,0.144364,-0.308754,-0.132346,0.0382609,-0.000168594,-0.35571,-0.352188,-0.425752,-0.444571,-0.424638,-0.297578,-0.16669,-0.117535,0.425645,-0.0104486,0.862541,1.41975,1.84695,1.21438,0.486781,0.154652,-1.27881,-0.809468,0.475862,0.0050111,-0.00299241,-0.00973659,-0.518397,1.4071,-0.814994,32.688,0.0753639,10,0,178.565,152.097,125.736,104.371,85.2132,72.2152,63.8853,53.2794,0.434521,0.205161,0.175906,0.139618,0.106283,0.0443032,0.0154538,0.00688853
1.265,1.01796e-06,-2.22626e-06,0.949851,30.0013,0.000522957,-0.000381894,0.774877,1.17243,0.686585,0.154573,-0.297594,-0.127865,0.0391877,0.0013615,-0.353492,-0.348961,-0.424194,-0.446542,-0.427506,-0.300284,-0.169291,-0.118881,0.389559,-0.042479,0.825343,1.3852,1.81637,1.19871,0.48122,0.153182,-1.2788,-0.809464,0.475803,0.00252169,0.00384513,-0.0137612,-0.490146,1.35168,-0.799604,32.6882,0.0753337,10,0,178.581,152.123,125.734,104.352,85.1973,72.204,63.8765,53.2758,0.422689,0.199546,0.17096,0.135815,0.103767,0.0431937,0.014903,0.00643449
1.27,9.79662e-07,-2.16122e-06,0.949851,30.0012,0.000519371,-0.000370542,0.775963,1.16403,0.689764,0.164286,-0.286807,-0.123601,0.0399803,0.00277682,-0.351223,-0.345623,-0.4224,-0.448208,-0.430132,-0.302821,-0.171772,-0.120167,0.354279,-0.0734819,0.788965,1.35124,1.7862,1.1832,0.475711,0.151722,-1.27879,-0.809427,0.475723,0.000145074,0.0104581,-0.0177182,-0.47258,1.31623,-0.788025,32.687,0.0752628,10,0,178.593,152.141,125.734,104.341,85.1873,72.1969,63.8709,53.2735,0.415065,0.195928,0.167747,0.133336,0.102118,0.0424705,0.0145487,0.00614029
1.275,9.42193e-07,-2.0973e-06,0.949851,30.0012,0.000515481,-0.000359363,0.776767,1.15529,0.692444,0.173514,-0.276388,-0.119552,0.0406413,0.00408039,-0.348904,-0.342176,-0.420376,-0.449569,-0.432511,-0.305185,-0.174131,-0.121391,0.319798,-0.103471,0.753401,1.31785,1.75644,1.16786,0.470254,0.150272,-1.27879,-0.809357,0.475624,-0.00212148,0.0168532,-0.0216084,-0.445809,1.26401,-0.772879,32.6843,0.0751524,10,0,178.612,152.171,125.736,104.325,85.1732,72.1868,63.8628,53.2702,0.404029,0.190689,0.163052,0.129704,0.0996885,0.041413,0.014039,0.00571288
1.28,9.05547e-07,-2.03446e-06,0.949851,30.0012,0.000511288,-0.000348354,0.777296,1.14621,0.69464,0.182266,-0.266334,-0.115715,0.0411734,0.00527538,-0.346535,-0.338622,-0.418126,-0.450629,-0.434643,-0.307372,-0.176367,-0.122554,0.286112,-0.132459,0.718646,1.28504,1.72709,1.15269,0.46485,0.148833,-1.27881,-0.809255,0.475505,-0.00428082,0.023037,-0.0254325,-0.429012,1.2307,-0.761679,32.6802,0.0750037,10,0,178.626,152.192,125.739,104.316,85.1644,72.1804,63.8575,53.2681,0.396938,0.187321,0.160006,0.127342,0.0981004,0.0407276,0.0137148,0.00543781
1.285,8.69718e-07,-1.9727e-06,0.949851,30.0011,0.000506798,-0.000337516,0.777558,1.13683,0.696368,0.190553,-0.256637,-0.112085,0.0415799,0.0063651,-0.344117,-0.334963,-0.415653,-0.451388,-0.436526,-0.309382,-0.178477,-0.123653,0.253215,-0.160461,0.684691,1.25281,1.69815,1.13769,0.459497,0.147405,-1.27884,-0.809124,0.475368,-0.0063359,0.0290161,-0.0291912,-0.403806,1.18167,-0.746745,32.6748,0.0748178,10,0,178.649,152.225,125.746,104.303,85.1521,72.1713,63.8501,53.2649,0.386706,0.182457,0.155562,0.123887,0.0957671,0.0397309,0.0132538,0.00504104
1.29,8.34701e-07,-1.91199e-06,0.949851,30.0011,0.000502016,-0.000326848,0.777559,1.12715,0.697642,0.198386,-0.247291,-0.108659,0.0418641,0.00735296,-0.34165,-0.3312,-0.412963,-0.451849,-0.438158,-0.311212,-0.180461,-0.124689,0.221101,-0.187491,0.65153,1.22114,1.66961,1.12286,0.454197,0.145987,-1.27888,-0.808963,0.475212,-0.00828973,0.0347971,-0.0328852,-0.387849,1.15044,-0.735873,32.668,0.0745957,10,0,178.666,152.248,125.752,104.296,85.1445,72.1657,63.8453,53.263,0.380154,0.179338,0.152682,0.121644,0.0942452,0.0390886,0.0129643,0.0047877
1.295,8.00489e-07,-1.85232e-06,0.949851,30.0011,0.000496945,-0.000316348,0.777307,1.11719,0.698477,0.205774,-0.238292,-0.105434,0.0420295,0.00824242,-0.339135,-0.327335,-0.410061,-0.452016,-0.43954,-0.312861,-0.182318,-0.125661,0.189764,-0.213562,0.619157,1.19004,1.64148,1.1082,0.448949,0.14458,-1.27892,-0.808773,0.475037,-0.0101453,0.0403863,-0.036515,-0.364239,1.1045,-0.721083,32.6599,0.0743386,10,0,178.692,152.285,125.762,104.287,85.1339,72.1577,63.8385,53.2601,0.370733,0.174844,0.148486,0.11837,0.0920146,0.0381597,0.0125581,0.00442558
1.3,7.67074e-07,-1.79366e-06,0.949851,30.001,0.000491593,-0.000306017,0.776807,1.10697,0.698887,0.21273,-0.229631,-0.102404,0.0420799,0.00903697,-0.336572,-0.32337,-0.40695,-0.45189,-0.440672,-0.314327,-0.184047,-0.126568,0.159196,-0.23869,0.587563,1.15951,1.61374,1.09371,0.443753,0.143184,-1.27898,-0.808556,0.474845,-0.0119058,0.0457897,-0.0400809,-0.349153,1.07525,-0.710465,32.6507,0.0740476,10,0,178.711,152.31,125.771,104.282,85.1275,72.1528,63.8342,53.2583,0.364722,0.171971,0.145771,0.116249,0.090563,0.0375644,0.0123069,0.00419679
1.305,7.34448e-07,-1.736e-06,0.949851,30.001,0.000485966,-0.000295852,0.776066,1.09649,0.698886,0.219262,-0.221304,-0.0995644,0.0420189,0.00974011,-0.333963,-0.319307,-0.403635,-0.451476,-0.441553,-0.315611,-0.185649,-0.127411,0.129392,-0.262889,0.556742,1.12954,1.58641,1.07938,0.438609,0.141798,-1.27904,-0.808313,0.474635,-0.0135741,0.0510134,-0.0435833,-0.327122,1.0322,-0.695725,32.6402,0.0737235,10,0,178.74,152.35,125.786,104.275,85.1188,72.146,63.8281,53.2557,0.356112,0.167843,0.141822,0.113159,0.0884403,0.0367086,0.0119604,0.00387396
1.31,7.02604e-07,-1.67933e-06,0.949851,30.0009,0.000480069,-0.000285854,0.775092,1.08577,0.698487,0.225382,-0.213302,-0.0969114,0.0418504,0.0103553,-0.331306,-0.315148,-0.400122,-0.450776,-0.442184,-0.316711,-0.187122,-0.128189,0.100345,-0.286173,0.526685,1.10012,1.55947,1.06522,0.433517,0.140423,-1.27911,-0.808044,0.474407,-0.0151532,0.056063,-0.0470224,-0.312906,1.00477,-0.685279,32.6286,0.0733676,10,0,178.761,152.378,125.797,104.272,85.1136,72.1419,63.8243,53.254,0.350643,0.16521,0.13927,0.11116,0.0870621,0.0361633,0.01175,0.00367323
1.315,6.71533e-07,-1.62362e-06,0.949851,30.0009,0.000473911,-0.000276022,0.77389,1.07483,0.697705,0.2311,-0.205619,-0.0944397,0.0415784,0.010886,-0.328604,-0.310895,-0.396415,-0.449796,-0.442566,-0.317629,-0.188466,-0.128901,0.0720474,-0.308557,0.497384,1.07125,1.53292,1.05122,0.428477,0.139059,-1.27919,-0.80775,0.474163,-0.0166462,0.0609439,-0.0503983,-0.292403,0.964374,-0.670488,32.616,0.0729806,10,0,178.793,152.421,125.815,104.269,85.1068,72.1362,63.8189,53.2517,0.342842,0.161439,0.135564,0.108255,0.0850512,0.0353841,0.0114661,0.0033957
1.32,6.41227e-07,-1.56886e-06,0.949851,30.0009,0.000467499,-0.000266354,0.772466,1.06368,0.696552,0.236426,-0.198248,-0.0921446,0.0412067,0.0113355,-0.325857,-0.306551,-0.39252,-0.448539,-0.442701,-0.318363,-0.189683,-0.129548,0.0444919,-0.330057,0.468832,1.04293,1.50676,1.0374,0.423488,0.137705,-1.27928,-0.807432,0.473902,-0.0180558,0.0656611,-0.0537108,-0.279033,0.938576,-0.660128,32.6023,0.0725635,10,0,178.816,152.45,125.828,104.268,85.1028,72.1329,63.8156,53.2502,0.33791,0.159041,0.133174,0.10638,0.0837485,0.0348906,0.0112983,0.00322762
1.325,6.11677e-07,-1.51503e-06,0.949851,30.0009,0.00046084,-0.00025685,0.770828,1.05233,0.695042,0.241371,-0.191183,-0.0900211,0.0407392,0.0117072,-0.323064,-0.302116,-0.38844,-0.447009,-0.44259,-0.318914,-0.190771,-0.13013,0.0176712,-0.350686,0.44102,1.01516,1.48099,1.02373,0.418551,0.136362,-1.27938,-0.807091,0.473624,-0.0193849,0.0702195,-0.05696,-0.259978,0.900544,-0.645188,32.5875,0.0721173,10,0,178.851,152.496,125.85,104.268,85.0977,72.1284,63.8109,53.2481,0.330909,0.155616,0.129708,0.103661,0.0818519,0.03419,0.0110787,0.00300325
1.33,5.82874e-07,-1.46213e-06,0.949851,30.0008,0.000453943,-0.000247509,0.76898,1.0408,0.693186,0.245945,-0.184416,-0.0880641,0.0401798,0.0120041,-0.320227,-0.297594,-0.384182,-0.445211,-0.442234,-0.319283,-0.191732,-0.130647,-0.00842235,-0.370461,0.413939,0.987921,1.4556,1.01023,0.413666,0.135029,-1.27948,-0.806728,0.473331,-0.0206362,0.0746235,-0.0601454,-0.247412,0.876188,-0.634833,32.5718,0.0716429,10,0,178.875,152.527,125.866,104.269,85.095,72.1258,63.8081,53.2468,0.326506,0.153445,0.127476,0.101909,0.080626,0.0337494,0.0109537,0.00287361
1.335,5.54811e-07,-1.41014e-06,0.949851,30.0008,0.000446817,-0.00023833,0.76693,1.02909,0.690998,0.250159,-0.17794,-0.0862687,0.0395321,0.0122295,-0.317346,-0.292987,-0.379751,-0.443149,-0.441637,-0.31947,-0.192566,-0.131099,-0.0337966,-0.389396,0.387582,0.961221,1.43059,0.996897,0.408831,0.133707,-1.27958,-0.806343,0.473021,-0.0218124,0.0788773,-0.0632668,-0.229711,0.840226,-0.619655,32.5552,0.0711412,10,0,178.913,152.575,125.891,104.272,85.0917,72.1225,63.8041,53.245,0.320289,0.150352,0.124245,0.0993735,0.078845,0.0331282,0.0107982,0.00271155
1.34,5.27478e-07,-1.35905e-06,0.949851,30.0008,0.000439469,-0.000229312,0.764684,1.01722,0.68849,0.254021,-0.171748,-0.0846301,0.0388,0.0123864,-0.314422,-0.288297,-0.375151,-0.440829,-0.440799,-0.319478,-0.193273,-0.131486,-0.0584594,-0.407506,0.36194,0.93505,1.40597,0.983724,0.404049,0.132395,-1.27969,-0.805938,0.472696,-0.0229159,0.0829848,-0.0663237,-0.217898,0.817116,-0.609236,32.5376,0.0706129,10,0,178.939,152.608,125.909,104.274,85.0901,72.1206,63.8018,53.2439,0.316401,0.148397,0.122168,0.097744,0.0776964,0.0327405,0.0107155,0.00262639
1.345,5.00867e-07,-1.30885e-06,0.949851,30.0007,0.00043191,-0.000220455,0.762246,1.00519,0.685673,0.257543,-0.165834,-0.0831432,0.037987,0.0124774,-0.311455,-0.283525,-0.370388,-0.438255,-0.439725,-0.319306,-0.193855,-0.131808,-0.0824188,-0.424807,0.337004,0.909405,1.38172,0.970714,0.399317,0.131094,-1.27981,-0.805512,0.472357,-0.0239491,0.0869495,-0.0693156,-0.201449,0.782932,-0.593747,32.5192,0.070059,10,0,178.979,152.659,125.938,104.28,85.0887,72.1185,63.7986,53.2424,0.310946,0.145621,0.119166,0.0953903,0.0760314,0.0321981,0.0106223,0.00253459
1.35,4.74969e-07,-1.25953e-06,0.949851,30.0007,0.000424147,-0.000211757,0.759623,0.993031,0.68256,0.260734,-0.160189,-0.0818033,0.0370967,0.0125056,-0.308447,-0.278676,-0.365467,-0.435433,-0.438415,-0.318957,-0.194312,-0.132066,-0.105683,-0.441313,0.312764,0.884281,1.35784,0.957864,0.394636,0.129803,-1.27993,-0.805066,0.472002,-0.0249145,0.0907748,-0.072242,-0.190334,0.760881,-0.583207,32.4999,0.0694803,10,0,179.006,152.693,125.958,104.284,85.0883,72.1174,63.7967,53.2415,0.307555,0.143871,0.117241,0.093881,0.0749598,0.0318625,0.01058,0.00249776
1.355,4.49776e-07,-1.21108e-06,0.949851,30.0007,0.00041619,-0.000203219,0.756822,0.980739,0.679162,0.263604,-0.154809,-0.0806057,0.0361325,0.0124734,-0.305396,-0.273751,-0.360394,-0.432367,-0.436874,-0.318432,-0.194645,-0.132259,-0.128261,-0.457039,0.289212,0.859674,1.33433,0.945175,0.390006,0.128522,-1.28006,-0.804602,0.471633,-0.0258142,0.0944636,-0.0751021,-0.175034,0.728206,-0.567354,32.4799,0.0688776,10,0,179.049,152.746,125.989,104.293,85.0885,72.1165,63.7942,53.2402,0.302829,0.141392,0.114462,0.0917056,0.0734098,0.0313973,0.0105455,0.00247862
1.36,4.2528e-07,-1.16349e-06,0.949851,30.0006,0.000408049,-0.000194838,0.753847,0.968328,0.67549,0.266161,-0.149685,-0.0795455,0.0350976,0.0123834,-0.302305,-0.268753,-0.355173,-0.429064,-0.435104,-0.317732,-0.194856,-0.132389,-0.15016,-0.472002,0.266339,0.835577,1.3112,0.932647,0.385426,0.127252,-1.28019,-0.80412,0.471249,-0.0266504,0.0980188,-0.0778954,-0.164561,0.707044,-0.556651,32.459,0.0682517,10,0,179.078,152.782,126.011,104.299,85.0893,72.1162,63.7928,53.2395,0.299912,0.139834,0.112683,0.0903137,0.0724145,0.0311122,0.0105408,0.00248895
1.365,4.01472e-07,-1.11675e-06,0.949851,30.0006,0.000399732,-0.000186614,0.750704,0.955808,0.671556,0.268416,-0.144811,-0.0786184,0.0339953,0.012238,-0.299174,-0.263684,-0.349809,-0.425528,-0.433109,-0.31686,-0.194944,-0.132455,-0.171389,-0.486216,0.244135,0.811986,1.28842,0.920277,0.380897,0.125991,-1.28033,-0.803621,0.470852,-0.0274251,0.101443,-0.080621,-0.15031,0.675638,-0.540401,32.4374,0.0676035,10,0,179.123,152.837,126.045,104.31,85.0912,72.1163,63.791,53.2385,0.295877,0.137632,0.11012,0.0883118,0.0709779,0.0307214,0.0105599,0.00253629
1.37,3.78344e-07,-1.07085e-06,0.949851,30.0006,0.000391248,-0.000178546,0.747399,0.94319,0.667369,0.270378,-0.140181,-0.0778198,0.0328287,0.0120394,-0.296004,-0.258547,-0.344309,-0.421765,-0.430892,-0.315817,-0.194912,-0.132458,-0.191957,-0.499695,0.222592,0.788896,1.26601,0.908065,0.376419,0.124741,-1.28047,-0.803104,0.470442,-0.0281403,0.104738,-0.0832783,-0.140429,0.655214,-0.52951,32.4152,0.0669336,10,0,179.153,152.874,126.069,104.318,85.0931,72.1168,63.7901,53.238,0.293406,0.136251,0.108481,0.0870337,0.0700573,0.0304848,0.0105891,0.00258698
1.375,3.55888e-07,-1.0258e-06,0.949851,30.0006,0.000382607,-0.000170633,0.743937,0.930484,0.662941,0.272056,-0.135787,-0.0771452,0.0316008,0.01179,-0.292795,-0.253345,-0.338677,-0.417781,-0.428456,-0.314605,-0.194761,-0.132399,-0.211873,-0.512456,0.201699,0.766302,1.24395,0.89601,0.37199,0.123502,-1.28061,-0.802572,0.470018,-0.0287979,0.107907,-0.0858666,-0.127135,0.624872,-0.512851,32.3922,0.066243,10,0,179.2,152.931,126.105,104.331,85.0968,72.1181,63.789,53.2373,0.290016,0.134304,0.106125,0.0851995,0.0687314,0.0301645,0.0106558,0.00268774
1.38,3.34096e-07,-9.81583e-07,0.949851,30.0005,0.000373818,-0.000162875,0.740324,0.917697,0.658282,0.273458,-0.131625,-0.0765906,0.0303143,0.0114917,-0.289548,-0.24808,-0.332918,-0.413581,-0.425805,-0.313227,-0.194492,-0.132277,-0.231145,-0.524514,0.181448,0.744198,1.22225,0.884112,0.367611,0.122272,-1.28076,-0.802024,0.469582,-0.0293997,0.110951,-0.0883849,-0.117801,0.605064,-0.50176,32.3686,0.0655323,10,0,179.231,152.969,126.131,104.34,85.0997,72.1193,63.7886,53.2369,0.28796,0.133084,0.104622,0.0840309,0.0678836,0.0299734,0.0107144,0.00276901
1.385,3.12959e-07,-9.3819e-07,0.949851,30.0005,0.00036489,-0.000155271,0.736565,0.90484,0.653402,0.274594,-0.127686,-0.0761516,0.0289721,0.0111464,-0.286263,-0.242755,-0.327038,-0.409172,-0.422944,-0.311686,-0.194106,-0.132093,-0.249782,-0.535882,0.161828,0.72258,1.20091,0.872369,0.363283,0.121053,-1.2809,-0.801461,0.469133,-0.0299473,0.113872,-0.0908327,-0.105383,0.575619,-0.4847,32.3443,0.0648023,10,0,179.28,153.028,126.17,104.356,85.105,72.1217,63.7882,53.2365,0.285164,0.131367,0.102463,0.0823574,0.066665,0.0297191,0.0108219,0.00290814
1.39,2.92469e-07,-8.95619e-07,0.949851,30.0005,0.000355831,-0.000147819,0.732665,0.891922,0.64831,0.275471,-0.123966,-0.0758243,0.0275767,0.0107562,-0.282942,-0.237373,-0.321042,-0.404558,-0.419875,-0.309983,-0.193606,-0.131849,-0.267793,-0.546576,0.142831,0.701441,1.17991,0.860781,0.359003,0.119844,-1.28105,-0.800884,0.468673,-0.0304425,0.116672,-0.0932093,-0.0965598,0.556329,-0.473412,32.3195,0.0640539,10,0,179.313,153.067,126.196,104.367,85.109,72.1237,63.7882,53.2364,0.283486,0.130293,0.101087,0.0812933,0.0658874,0.0295702,0.0109054,0.00301033
1.395,2.72617e-07,-8.53863e-07,0.949851,30.0005,0.000346651,-0.000140518,0.72863,0.87895,0.643017,0.276099,-0.120458,-0.0756047,0.0261308,0.0103228,-0.279586,-0.231937,-0.314935,-0.399746,-0.416603,-0.30812,-0.192992,-0.131543,-0.285188,-0.556612,0.124446,0.680776,1.15926,0.849346,0.354773,0.118645,-1.28121,-0.800293,0.4682,-0.0308869,0.119352,-0.0955138,-0.084951,0.527654,-0.455977,32.2941,0.0632876,10,0,179.363,153.127,126.238,104.385,85.1159,72.1271,63.7885,53.2362,0.28123,0.128783,0.0991156,0.0797723,0.0647719,0.0293764,0.0110466,0.00317461
1.4,2.53396e-07,-8.12918e-07,0.949851,30.0004,0.000337359,-0.000133368,0.724464,0.865934,0.637532,0.276485,-0.117156,-0.0754889,0.0246368,0.00984792,-0.276195,-0.226449,-0.308722,-0.394742,-0.413131,-0.306102,-0.192266,-0.131178,-0.301975,-0.566003,0.106664,0.66058,1.13895,0.838064,0.350593,0.117456,-1.28136,-0.79969,0.467716,-0.0312819,0.121914,-0.0977457,-0.0766083,0.508811,-0.444505,32.2681,0.0625044,10,0,179.397,153.167,126.266,104.397,85.1209,72.1298,63.789,53.2363,0.279891,0.127838,0.0978606,0.0788071,0.0640614,0.0292659,0.0111502,0.00328991
1.405,2.34797e-07,-7.72777e-07,0.949851,30.0004,0.000327963,-0.000126367,0.720173,0.852882,0.631863,0.276638,-0.114054,-0.0754734,0.0230969,0.00933316,-0.27277,-0.220913,-0.302409,-0.389551,-0.409465,-0.303929,-0.19143,-0.130754,-0.318163,-0.574765,0.0894757,0.640847,1.11898,0.826933,0.346461,0.116278,-1.28152,-0.799073,0.467222,-0.0316292,0.124359,-0.0999043,-0.0657527,0.480818,-0.426735,32.2417,0.0617049,10,0,179.449,153.229,126.309,104.417,85.1293,72.1343,63.79,53.2364,0.278116,0.12651,0.0960642,0.0774298,0.063044,0.0291265,0.0113182,0.0034692
1.41,2.16811e-07,-7.33436e-07,0.949851,30.0004,0.000318471,-0.000119514,0.715762,0.8398,0.62602,0.276565,-0.111148,-0.0755543,0.0215136,0.00878013,-0.269311,-0.215331,-0.295999,-0.384179,-0.405608,-0.301606,-0.190485,-0.130272,-0.333762,-0.582912,0.0728707,0.621571,1.09934,0.815953,0.342378,0.11511,-1.28168,-0.798445,0.466716,-0.0319302,0.126688,-0.101989,-0.0578702,0.462374,-0.415104,32.2147,0.0608899,10,0,179.484,153.27,126.338,104.431,85.1353,72.1377,63.7909,53.2366,0.277079,0.125678,0.0949221,0.0765571,0.0623971,0.0290501,0.0114374,0.00359184
1.415,1.9943e-07,-6.94888e-07,0.949851,30.0004,0.000308891,-0.000112809,0.711235,0.826698,0.620012,0.276274,-0.10843,-0.0757282,0.0198889,0.00819034,-0.265821,-0.209707,-0.2895,-0.378633,-0.401565,-0.299135,-0.189434,-0.129731,-0.34878,-0.590458,0.0568396,0.602747,1.08004,0.805122,0.338344,0.113952,-1.28184,-0.797806,0.466201,-0.0321863,0.128903,-0.104,-0.0477244,0.435008,-0.397052,32.1873,0.0600602,10,0,179.538,153.332,126.383,104.453,85.1451,72.1432,63.7925,53.237,0.275726,0.124507,0.093289,0.0753137,0.0614723,0.0289587,0.0116254,0.00377881
1.42,1.82645e-07,-6.57129e-07,0.94985,30.0004,0.000299233,-0.00010625,0.706598,0.813583,0.613847,0.275772,-0.105897,-0.0759917,0.018225,0.00756525,-0.262299,-0.204042,-0.282914,-0.372918,-0.39734,-0.296519,-0.188279,-0.129134,-0.363227,-0.597418,0.0413726,0.58437,1.06106,0.794439,0.334358,0.112804,-1.282,-0.797155,0.465675,-0.032399,0.131005,-0.105935,-0.0402889,0.416937,-0.385293,32.1595,0.0592164,10,0,179.574,153.374,126.414,104.468,85.1521,72.1472,63.7938,53.2374,0.27495,0.123774,0.0922516,0.0745268,0.0608852,0.0289122,0.0117559,0.00390467
1.425,1.66448e-07,-6.20152e-07,0.94985,30.0003,0.000289503,-9.9836e-05,0.701855,0.800461,0.607533,0.275067,-0.103541,-0.0763414,0.0165239,0.00690627,-0.258746,-0.198341,-0.276248,-0.367041,-0.392938,-0.29376,-0.18702,-0.12848,-0.377112,-0.603806,0.0264601,0.566432,1.04242,0.783905,0.33042,0.111667,-1.28216,-0.796495,0.465141,-0.0325696,0.132994,-0.107796,-0.0308205,0.390174,-0.367017,32.1313,0.0583593,10,0,179.629,153.437,126.46,104.492,85.1633,72.1537,63.7961,53.2381,0.27396,0.122737,0.0907692,0.0734068,0.0600468,0.0288621,0.0119579,0.00409409
1.43,1.50828e-07,-5.83952e-07,0.94985,30.0003,0.000279709,-9.35655e-05,0.697011,0.787339,0.601079,0.274167,-0.101359,-0.076774,0.0147876,0.00621478,-0.255164,-0.192605,-0.269506,-0.361006,-0.388363,-0.290863,-0.18566,-0.127772,-0.390445,-0.609637,0.0120922,0.54893,1.02409,0.773516,0.32653,0.11054,-1.28233,-0.795825,0.464597,-0.0326994,0.134874,-0.109581,-0.0238249,0.372469,-0.355168,32.1026,0.0574897,10,0,179.666,153.48,126.492,104.508,85.1712,72.1584,63.7979,53.2387,0.273406,0.122086,0.0898279,0.0726985,0.0595151,0.0288408,0.0120958,0.00422022
1.435,1.35778e-07,-5.48522e-07,0.94985,30.0003,0.000269859,-8.74375e-05,0.692069,0.774224,0.594491,0.273077,-0.0993454,-0.0772863,0.0130181,0.00549211,-0.251554,-0.186838,-0.262694,-0.354821,-0.383619,-0.28783,-0.184202,-0.127009,-0.403234,-0.614924,-0.00174068,0.531856,1.00609,0.763273,0.322688,0.109424,-1.28249,-0.795145,0.464044,-0.03279,0.136643,-0.11129,-0.0150114,0.346311,-0.336736,32.0737,0.0566082,10,0,179.722,153.544,126.54,104.534,85.1837,72.1659,63.8008,53.2397,0.272722,0.121162,0.0884831,0.0716909,0.0587564,0.0288251,0.0123061,0.00440832
1.44,1.21288e-07,-5.13857e-07,0.94985,30.0003,0.000259961,-8.14506e-05,0.687036,0.761124,0.587779,0.271805,-0.0974945,-0.0778753,0.0112172,0.00473957,-0.247916,-0.181043,-0.255815,-0.34849,-0.378712,-0.284665,-0.182647,-0.126192,-0.415489,-0.619681,-0.0150483,0.515205,0.988397,0.753173,0.318894,0.108318,-1.28266,-0.794458,0.463483,-0.0328425,0.138305,-0.112923,-0.00845372,0.32898,-0.324837,32.0443,0.0557156,10,0,179.76,153.587,126.572,104.551,85.1925,72.1712,63.8029,53.2404,0.272353,0.120578,0.0876292,0.0710538,0.0582755,0.0288246,0.0124479,0.00453257
1.445,1.07348e-07,-4.7995e-07,0.94985,30.0003,0.000250021,-7.56036e-05,0.681915,0.748043,0.580948,0.270358,-0.0958016,-0.0785378,0.00938684,0.00395843,-0.244251,-0.175222,-0.248875,-0.342021,-0.373647,-0.28137,-0.180998,-0.125324,-0.427219,-0.623922,-0.0278402,0.498971,0.971019,0.743217,0.315147,0.107222,-1.28282,-0.793762,0.462914,-0.0328584,0.13986,-0.114481,-0.000280015,0.303447,-0.306318,32.0147,0.0548126,10,0,179.817,153.652,126.622,104.578,85.2063,72.1795,63.8064,53.2416,0.271919,0.119746,0.0864089,0.0701473,0.0575895,0.0288367,0.0126616,0.00471656
1.45,9.39489e-08,-4.46794e-07,0.94985,30.0002,0.000240046,-6.9895e-05,0.67671,0.734987,0.574008,0.268742,-0.0942621,-0.0792709,0.00752869,0.00314995,-0.24056,-0.169379,-0.241879,-0.335418,-0.368427,-0.27795,-0.179256,-0.124404,-0.438434,-0.627661,-0.0401262,0.483148,0.953951,0.733403,0.311446,0.106137,-1.28298,-0.793058,0.462338,-0.0328389,0.141309,-0.115962,0.00583813,0.286509,-0.29441,31.9848,0.0538999,10,0,179.856,153.695,126.655,104.597,85.2159,72.1854,63.809,53.2425,0.271701,0.119218,0.0856336,0.0695739,0.0571547,0.0288524,0.0128041,0.00483731
1.455,8.10814e-08,-4.14382e-07,0.94985,30.0002,0.000230044,-6.43235e-05,0.671426,0.721964,0.566963,0.266963,-0.0928712,-0.0800717,0.00564458,0.00231536,-0.236845,-0.163517,-0.23483,-0.328688,-0.363058,-0.274407,-0.177424,-0.123433,-0.449142,-0.630911,-0.0519158,0.467731,0.937187,0.723729,0.307793,0.105062,-1.28315,-0.792348,0.461754,-0.0327855,0.142653,-0.117367,0.0133812,0.261636,-0.275872,31.9546,0.0529783,10,0,179.914,153.761,126.705,104.625,85.2309,72.1947,63.813,53.244,0.271467,0.118459,0.0845245,0.068757,0.0565341,0.0288857,0.0130169,0.00501508
1.46,6.87356e-08,-3.82706e-07,0.94985,30.0002,0.000220021,-5.88877e-05,0.666068,0.708978,0.559822,0.265029,-0.0916241,-0.0809373,0.00373621,0.00145589,-0.233106,-0.157637,-0.227735,-0.321837,-0.357545,-0.270746,-0.175504,-0.122414,-0.459352,-0.633685,-0.0632186,0.452714,0.920726,0.714195,0.304186,0.103998,-1.28331,-0.791631,0.461163,-0.0326994,0.143895,-0.118696,0.019056,0.245119,-0.263997,31.9242,0.0520484,10,0,179.953,153.804,126.739,104.645,85.2412,72.2011,63.8159,53.245,0.271366,0.117973,0.083819,0.0682395,0.0561403,0.0289135,0.0131575,0.0051311
1.465,5.69014e-08,-3.51761e-07,0.94985,30.0002,0.000209983,-5.35861e-05,0.660638,0.696035,0.552591,0.262944,-0.0905164,-0.0818649,0.00180531,0.000572738,-0.229345,-0.151744,-0.220597,-0.314871,-0.351892,-0.266969,-0.173498,-0.121347,-0.469075,-0.635997,-0.0740442,0.43809,0.904564,0.704799,0.300626,0.102944,-1.28348,-0.790909,0.460566,-0.032582,0.145035,-0.119949,0.0259739,0.220949,-0.245509,31.8935,0.051111,10,0,180.012,153.87,126.79,104.675,85.2573,72.2112,63.8206,53.2468,0.271284,0.11727,0.0828082,0.0675009,0.0555776,0.0289618,0.0133655,0.00530102
1.47,4.5569e-08,-3.21536e-07,0.94985,30.0002,0.000199936,-4.84172e-05,0.655141,0.683139,0.545276,0.260715,-0.0895437,-0.0828517,-0.000146468,-0.000332897,-0.225562,-0.14584,-0.21342,-0.307795,-0.346105,-0.26308,-0.171409,-0.120232,-0.478319,-0.63786,-0.0844019,0.423854,0.888696,0.695541,0.297111,0.101901,-1.28364,-0.790181,0.459963,-0.0324346,0.146076,-0.121126,0.0312007,0.204885,-0.233708,31.8627,0.0501667,10,0,180.052,153.914,126.825,104.695,85.2684,72.2182,63.8238,53.248,0.27127,0.116817,0.0821639,0.0670318,0.0552199,0.0289976,0.0135018,0.00541135
1.475,3.47282e-08,-2.92026e-07,0.94985,30.0002,0.000189888,-4.33795e-05,0.649581,0.670296,0.537884,0.258349,-0.0887014,-0.0838951,-0.00211746,-0.00125983,-0.221758,-0.139928,-0.20621,-0.300614,-0.340188,-0.259083,-0.16924,-0.119073,-0.487093,-0.639286,-0.0943013,0.410001,0.873121,0.686418,0.293642,0.100869,-1.2838,-0.789448,0.459355,-0.0322586,0.147018,-0.122228,0.0374967,0.181468,-0.215333,31.8316,0.0492163,10,0,180.112,153.98,126.877,104.726,85.2856,72.229,63.829,53.2499,0.271298,0.116154,0.0812387,0.0663603,0.0547075,0.0290551,0.0137019,0.00557214
1.48,2.43687e-08,-2.63221e-07,0.94985,30.0001,0.000179843,-3.84715e-05,0.643962,0.657511,0.53042,0.255849,-0.0879853,-0.0849923,-0.00410604,-0.00220688,-0.217935,-0.13401,-0.19897,-0.293336,-0.334146,-0.254981,-0.166992,-0.117868,-0.495406,-0.640288,-0.103752,0.396523,0.857833,0.67743,0.290219,0.0998465,-1.28396,-0.78871,0.45874,-0.0320552,0.147863,-0.123255,0.0422711,0.165892,-0.203642,31.8005,0.0482604,10,0,180.152,154.024,126.912,104.747,85.2974,72.2365,63.8326,53.2513,0.271344,0.115723,0.0806473,0.0659323,0.0543808,0.0290952,0.0138319,0.00567603
1.485,1.44805e-08,-2.35113e-07,0.94985,30.0001,0.000169808,-3.36916e-05,0.638287,0.644788,0.522891,0.253223,-0.0873911,-0.0861408,-0.0061106,-0.00317287,-0.214094,-0.128089,-0.191706,-0.285966,-0.327985,-0.250778,-0.164668,-0.116621,-0.503268,-0.640879,-0.112762,0.383415,0.84283,0.668576,0.286841,0.098835,-1.28412,-0.787969,0.458122,-0.0318259,0.148613,-0.124207,0.0479482,0.143275,-0.185441,31.7691,0.0472998,10,0,180.213,154.09,126.965,104.779,85.3156,72.2481,63.8382,53.2535,0.271444,0.115087,0.0797955,0.0653171,0.0539113,0.0291566,0.0140212,0.00582668
1.49,5.05294e-09,-2.07693e-07,0.94985,30.0001,0.000159788,-2.90383e-05,0.63256,0.632131,0.515303,0.250476,-0.0869147,-0.0873379,-0.00812954,-0.00415665,-0.210235,-0.122169,-0.18442,-0.278508,-0.321709,-0.246479,-0.16227,-0.115331,-0.510687,-0.641072,-0.121343,0.370672,0.828108,0.659855,0.283508,0.0978341,-1.28428,-0.787224,0.457498,-0.0315719,0.149269,-0.125085,0.0522672,0.12822,-0.173896,31.7377,0.0463351,10,0,180.254,154.133,127,104.801,85.328,72.256,63.8421,53.255,0.271525,0.114669,0.0792492,0.0649231,0.0536108,0.0291976,0.0141433,0.00592354
1.495,-3.92419e-09,-1.80954e-07,0.94985,30.0001,0.000149789,-2.451e-05,0.626785,0.619546,0.507661,0.247612,-0.086552,-0.0885812,-0.0101613,-0.00515705,-0.20636,-0.116251,-0.177118,-0.27097,-0.315324,-0.242085,-0.159802,-0.114001,-0.517673,-0.640877,-0.129502,0.358288,0.813665,0.651264,0.280219,0.0968437,-1.28444,-0.786476,0.45687,-0.0312946,0.149834,-0.125889,0.057329,0.106451,-0.155921,31.7062,0.045367,10,0,180.315,154.199,127.053,104.834,85.347,72.2683,63.8482,53.2573,0.271662,0.114048,0.0784592,0.0643539,0.0531769,0.029258,0.0143196,0.00606329
1.5,-1.24614e-08,-1.54885e-07,0.94985,30.0001,0.000139816,-2.0105e-05,0.620966,0.607034,0.49997,0.244638,-0.0862989,-0.0898681,-0.0122043,-0.00617293,-0.202469,-0.11034,-0.169804,-0.263357,-0.308834,-0.237602,-0.157265,-0.112632,-0.524234,-0.640308,-0.137249,0.346257,0.799495,0.642804,0.276975,0.0958639,-1.28459,-0.785726,0.456239,-0.0309954,0.150309,-0.126621,0.0611917,0.0919488,-0.144552,31.6746,0.0443962,10,0,180.356,154.243,127.088,104.857,85.3601,72.2767,63.8524,53.259,0.271758,0.113636,0.0779505,0.0639873,0.0528979,0.0292968,0.0144323,0.00615267
1.505,-2.05692e-08,-1.29477e-07,0.94985,30.0001,0.000129874,-1.58218e-05,0.615105,0.594602,0.492237,0.241558,-0.0861515,-0.0911961,-0.014257,-0.00720314,-0.198565,-0.104436,-0.162482,-0.255673,-0.302244,-0.233033,-0.154662,-0.111224,-0.530379,-0.639376,-0.144593,0.334572,0.785597,0.634472,0.273775,0.0948947,-1.28475,-0.784973,0.455604,-0.0306755,0.150695,-0.127279,0.065644,0.071067,-0.126854,31.6429,0.0434234,10,0,180.418,154.309,127.142,104.891,85.38,72.2896,63.859,53.2616,0.271902,0.113019,0.0772115,0.0634544,0.0524926,0.0293519,0.0145937,0.00628094
1.51,-2.8258e-08,-1.04723e-07,0.94985,30.0001,0.000119969,-1.16586e-05,0.609206,0.582252,0.484465,0.238377,-0.086106,-0.0925629,-0.0163179,-0.00824654,-0.194648,-0.0985434,-0.155155,-0.247925,-0.295559,-0.228381,-0.151996,-0.10978,-0.536117,-0.638093,-0.151543,0.323229,0.771965,0.626267,0.270618,0.093936,-1.2849,-0.784219,0.454966,-0.0303363,0.150995,-0.127866,0.0690519,0.0571452,-0.115689,31.6112,0.0424492,10,0,180.46,154.353,127.178,104.914,85.3935,72.2985,63.8635,53.2633,0.271994,0.112606,0.0767333,0.063109,0.0522304,0.029386,0.0146959,0.00636252
1.515,-3.55383e-08,-8.06113e-08,0.94985,30,0.000110105,-7.61394e-06,0.603272,0.569988,0.476659,0.235101,-0.0861584,-0.0939661,-0.0183855,-0.009302,-0.190719,-0.0926643,-0.147827,-0.240118,-0.288785,-0.223651,-0.149269,-0.108301,-0.541457,-0.63647,-0.158108,0.312221,0.758598,0.618189,0.267505,0.0929878,-1.28505,-0.783463,0.454325,-0.0299791,0.151211,-0.128381,0.0729031,0.0371848,-0.0983079,31.5795,0.0414743,10,0,180.522,154.418,127.231,104.949,85.4142,72.312,63.8704,53.2661,0.272119,0.111984,0.0760353,0.0626035,0.0518473,0.029432,0.0148409,0.0064789
1.52,-4.24206e-08,-5.71341e-08,0.94985,30,0.000100287,-3.68608e-06,0.597307,0.557812,0.468826,0.231734,-0.086305,-0.0954032,-0.0204583,-0.0103684,-0.186779,-0.0868014,-0.140503,-0.232258,-0.281926,-0.218847,-0.146484,-0.106788,-0.546408,-0.634519,-0.164296,0.301542,0.745491,0.610235,0.264435,0.0920502,-1.2852,-0.782707,0.453682,-0.0296052,0.151345,-0.128826,0.0758608,0.0238658,-0.0873695,31.5478,0.0404995,10,0,180.564,154.461,127.267,104.972,85.4282,72.3212,63.8752,53.268,0.27219,0.111566,0.0755813,0.0622736,0.0515976,0.0294589,0.0149318,0.00655245
1.525,-4.89154e-08,-3.42816e-08,0.94985,30,9.05197e-05,1.26638e-07,0.591313,0.54573,0.460969,0.22828,-0.0865422,-0.0968721,-0.0225348,-0.0114447,-0.18283,-0.0809572,-0.133187,-0.224349,-0.274988,-0.213971,-0.143643,-0.105242,-0.550978,-0.632251,-0.170117,0.291188,0.732641,0.602405,0.261407,0.091123,-1.28534,-0.78195,0.453037,-0.0292159,0.151398,-0.129201,0.0791225,0.00485232,-0.0703436,31.5161,0.0395253,10,0,180.626,154.526,127.321,105.007,85.4496,72.3352,63.8825,53.2709,0.272273,0.110932,0.0749149,0.0617873,0.0512304,0.0294926,0.0150592,0.00665667
1.53,-5.5033e-08,-1.20444e-08,0.94985,30,8.08081e-05,3.82586e-06,0.585294,0.533742,0.453093,0.224745,-0.0868662,-0.0983704,-0.0246137,-0.0125297,-0.178872,-0.0751343,-0.125882,-0.216398,-0.267975,-0.209029,-0.14075,-0.103665,-0.555175,-0.629677,-0.175579,0.281152,0.720044,0.594697,0.258422,0.0902062,-1.28549,-0.781193,0.45239,-0.0288125,0.151373,-0.129507,0.0816375,-0.00784716,-0.0596518,31.4844,0.0385524,10,0,180.668,154.569,127.356,105.031,85.4641,72.3448,63.8875,53.273,0.27231,0.110503,0.0744792,0.0614676,0.0509894,0.0295103,0.015138,0.00672206
1.535,-6.07839e-08,9.5868e-09,0.94985,30,7.11564e-05,7.41325e-06,0.579252,0.521853,0.445202,0.221133,-0.0872736,-0.0998958,-0.0266934,-0.0136223,-0.174907,-0.0693352,-0.118591,-0.208409,-0.260891,-0.204023,-0.137805,-0.102058,-0.559009,-0.626807,-0.180691,0.271428,0.707698,0.58711,0.255478,0.0892999,-1.28563,-0.780436,0.451741,-0.0283961,0.15127,-0.129745,0.0843247,-0.025897,-0.0430114,31.4528,0.0375815,10,0,180.731,154.634,127.41,105.067,85.4861,72.3593,63.8951,53.2761,0.272333,0.109849,0.0738363,0.0609931,0.0506323,0.029529,0.015247,0.006814
1.54,-6.61782e-08,3.06214e-08,0.94985,30,6.15689e-05,1.08905e-05,0.573191,0.510064,0.4373,0.217447,-0.0877608,-0.101446,-0.0287725,-0.0147216,-0.170936,-0.0635622,-0.11132,-0.200387,-0.253743,-0.198957,-0.134814,-0.100423,-0.562488,-0.623652,-0.185461,0.262011,0.695598,0.579643,0.252576,0.0884039,-1.28577,-0.779681,0.451092,-0.0279682,0.151094,-0.129916,0.0864078,-0.0379658,-0.0325825,31.4212,0.0366133,10,0,180.773,154.676,127.446,105.092,85.501,72.3691,63.9004,53.2782,0.272324,0.109406,0.0734135,0.060679,0.0503964,0.0295358,0.0153133,0.00687118
1.545,-7.12262e-08,5.10687e-08,0.94985,30,5.20498e-05,1.42592e-05,0.567113,0.49838,0.429393,0.213694,-0.0883244,-0.10302,-0.0308498,-0.0158264,-0.16696,-0.057818,-0.10407,-0.192338,-0.246535,-0.193836,-0.131776,-0.0987612,-0.565619,-0.620223,-0.189897,0.252896,0.683741,0.572294,0.249716,0.0875182,-1.28591,-0.778926,0.450442,-0.0275299,0.150845,-0.13002,0.0885388,-0.055044,-0.0163538,31.3898,0.0356485,10,0,180.836,154.74,127.499,105.128,85.5236,72.3841,63.9083,53.2814,0.272269,0.108729,0.0727864,0.0602097,0.0500444,0.0295371,0.0154032,0.00695081
1.55,-7.59381e-08,7.0938e-08,0.94985,30,4.26033e-05,1.75211e-05,0.561021,0.486801,0.421483,0.209875,-0.088961,-0.104614,-0.0329238,-0.0169357,-0.16298,-0.0521048,-0.0968455,-0.184267,-0.239272,-0.188662,-0.128697,-0.0970737,-0.568412,-0.61653,-0.194009,0.244076,0.672124,0.565062,0.246896,0.0866428,-1.28605,-0.778172,0.449792,-0.0270823,0.150525,-0.130058,0.0902036,-0.0664768,-0.00620103,31.3584,0.0346876,10,0,180.878,154.782,127.535,105.152,85.5388,72.3943,63.9138,53.2836,0.272204,0.108268,0.072372,0.0598971,0.0498102,0.0295317,0.0154567,0.00699982
1.555,-8.03238e-08,9.02385e-08,0.94985,30,3.32333e-05,2.06777e-05,0.554918,0.47533,0.413575,0.205997,-0.0896673,-0.106226,-0.0349932,-0.0180485,-0.158998,-0.0464251,-0.0896503,-0.176178,-0.231958,-0.183441,-0.125577,-0.095362,-0.570875,-0.612583,-0.197803,0.235546,0.660743,0.557946,0.244117,0.0857776,-1.28618,-0.777421,0.449142,-0.0266267,0.150137,-0.130032,0.0918,-0.0825837,0.00959479,31.3271,0.0337315,10,0,180.941,154.845,127.588,105.189,85.5618,72.4097,63.922,53.287,0.272059,0.107562,0.0717541,0.0594271,0.0494585,0.0295137,0.0155273,0.00706722
1.56,-8.43933e-08,1.08979e-07,0.94985,29.9999,2.39438e-05,2.37309e-05,0.548806,0.463971,0.405672,0.202062,-0.0904401,-0.107855,-0.0370568,-0.0191638,-0.155014,-0.0407812,-0.0824874,-0.168077,-0.224599,-0.178174,-0.122419,-0.0936275,-0.573015,-0.608392,-0.201289,0.227301,0.649595,0.550944,0.241377,0.0849226,-1.28631,-0.776671,0.448492,-0.0261643,0.149682,-0.129942,0.0930627,-0.0933805,0.0194605,31.2959,0.0327809,10,0,180.983,154.887,127.623,105.214,85.5774,72.42,63.9276,53.2893,0.271929,0.107081,0.0713439,0.0591123,0.0492231,0.0294949,0.0155678,0.00710812
1.565,-8.81563e-08,1.2717e-07,0.94985,29.9999,1.47386e-05,2.66822e-05,0.542687,0.452723,0.397778,0.198075,-0.091276,-0.109499,-0.0391132,-0.0202807,-0.151029,-0.0351753,-0.0753603,-0.159967,-0.217199,-0.172867,-0.119227,-0.0918716,-0.574841,-0.603967,-0.204474,0.219335,0.638676,0.544055,0.238678,0.0840777,-1.28644,-0.775924,0.447842,-0.025696,0.149163,-0.129789,0.0941491,-0.108524,0.034806,31.2649,0.0318363,10,0,181.047,154.949,127.676,105.251,85.6008,72.4358,63.9361,53.2928,0.271683,0.106343,0.0707295,0.0586366,0.0488677,0.0294562,0.0156187,0.00716348
1.57,-9.16225e-08,1.44818e-07,0.94985,29.9999,5.62131e-06,2.95332e-05,0.536565,0.441591,0.389896,0.194039,-0.0921721,-0.111156,-0.0411612,-0.0213981,-0.147046,-0.0296098,-0.068272,-0.151855,-0.209763,-0.167523,-0.116002,-0.0900957,-0.576361,-0.599316,-0.207367,0.211643,0.627984,0.537278,0.236018,0.0832428,-1.28657,-0.77518,0.447194,-0.0252231,0.148581,-0.129574,0.0950282,-0.11869,0.0443762,31.234,0.0308986,10,0,181.089,154.99,127.711,105.276,85.6166,72.4463,63.9419,53.2952,0.271482,0.10584,0.0703197,0.0583165,0.0486286,0.0294232,0.0156462,0.00719641
1.575,-9.48015e-08,1.61934e-07,0.94985,29.9999,-3.40445e-06,3.22856e-05,0.530441,0.430574,0.382031,0.189959,-0.0931253,-0.112823,-0.0431997,-0.0225152,-0.143065,-0.0240868,-0.0612259,-0.143745,-0.202295,-0.162144,-0.112747,-0.0883011,-0.577582,-0.59445,-0.209974,0.204219,0.617514,0.530611,0.233396,0.0824179,-1.2867,-0.774439,0.446547,-0.0247467,0.147939,-0.129298,0.0956317,-0.132885,0.0592572,31.2032,0.0299684,10,0,181.152,155.051,127.763,105.313,85.6404,72.4624,63.9506,53.2989,0.271124,0.105069,0.0697037,0.0578307,0.0482658,0.0293626,0.0156776,0.00723995
1.58,-9.77027e-08,1.78525e-07,0.94985,29.9999,-1.23352e-05,3.4941e-05,0.524318,0.419676,0.374185,0.185837,-0.0941325,-0.1145,-0.0452275,-0.0236311,-0.139087,-0.0186086,-0.0542251,-0.135641,-0.1948,-0.156736,-0.109464,-0.0864893,-0.578513,-0.589378,-0.212305,0.197058,0.607263,0.524053,0.230813,0.0816029,-1.28682,-0.773701,0.445901,-0.0242676,0.147238,-0.128962,0.0961476,-0.142428,0.0685251,31.1727,0.0290466,10,0,181.193,155.091,127.797,105.337,85.6564,72.4732,63.9565,53.3013,0.270847,0.104542,0.0692915,0.0575027,0.0480207,0.0293147,0.0156921,0.0072651
1.585,-1.00335e-07,1.94601e-07,0.94985,29.9999,-2.11675e-05,3.7501e-05,0.518199,0.408897,0.366361,0.181678,-0.0951909,-0.116183,-0.0472434,-0.0247448,-0.135113,-0.0131772,-0.0472725,-0.127548,-0.187283,-0.151301,-0.106157,-0.0846615,-0.579161,-0.584108,-0.214366,0.190154,0.597228,0.517602,0.228269,0.0807978,-1.28694,-0.772967,0.445258,-0.023787,0.14648,-0.128567,0.0962973,-0.155694,0.0829303,31.1423,0.0281339,10,0,181.256,155.151,127.849,105.375,85.6805,72.4894,63.9655,53.305,0.270372,0.103735,0.0686697,0.0570033,0.0476474,0.0292315,0.0157041,0.00729711
1.59,-1.02708e-07,2.1017e-07,0.94985,29.9999,-2.98981e-05,3.99673e-05,0.512084,0.39824,0.358563,0.177484,-0.0962975,-0.117872,-0.0492463,-0.0258556,-0.131144,-0.0077947,-0.0403711,-0.11947,-0.179748,-0.145843,-0.102827,-0.0828192,-0.579534,-0.578649,-0.216165,0.183503,0.587406,0.511258,0.225761,0.0800024,-1.28706,-0.772237,0.444616,-0.0233057,0.145668,-0.128115,0.096472,-0.164628,0.0918905,31.1121,0.0272311,10,0,181.298,155.191,127.883,105.399,85.6967,72.5004,63.9715,53.3075,0.270014,0.103184,0.0682524,0.056665,0.0473944,0.0291684,0.0157058,0.00731469
1.595,-1.04831e-07,2.25241e-07,0.94985,29.9999,-3.85239e-05,4.23414e-05,0.505977,0.387705,0.350794,0.173259,-0.0974495,-0.119565,-0.0512353,-0.0269626,-0.127183,-0.00246326,-0.0335239,-0.111411,-0.172199,-0.140366,-0.0994764,-0.0809636,-0.579639,-0.573011,-0.217709,0.177099,0.577794,0.505019,0.223292,0.0792167,-1.28717,-0.771511,0.443977,-0.0228249,0.144802,-0.127605,0.0961988,-0.17699,0.105811,31.0821,0.026339,10,0,181.361,155.25,127.933,105.437,85.721,72.5168,63.9806,53.3114,0.269415,0.10234,0.0676212,0.0561489,0.047008,0.029062,0.0156988,0.00733551
1.6,-1.06712e-07,2.3982e-07,0.94985,29.9999,-4.70416e-05,4.4625e-05,0.49988,0.377295,0.343056,0.169007,-0.0986443,-0.121259,-0.0532092,-0.028065,-0.123229,0.00281515,-0.0267336,-0.103377,-0.164641,-0.134873,-0.0961082,-0.079096,-0.579484,-0.567201,-0.219007,0.170936,0.568387,0.498883,0.220859,0.0784407,-1.28728,-0.77079,0.44334,-0.0223452,0.143886,-0.127039,0.0960553,-0.18533,0.114459,31.0523,0.0254586,10,0,181.402,155.288,127.967,105.461,85.7373,72.5279,63.9867,53.3139,0.268974,0.101764,0.0671966,0.0557987,0.0467455,0.0289833,0.0156878,0.00734576
1.605,-1.0836e-07,2.53918e-07,0.94985,29.9999,-5.54484e-05,4.68195e-05,0.493794,0.367009,0.335352,0.16473,-0.099879,-0.122954,-0.0551671,-0.0291621,-0.119285,0.00803857,-0.0200031,-0.0953703,-0.157079,-0.129367,-0.0927246,-0.0772177,-0.579077,-0.561228,-0.220064,0.16501,0.559183,0.49285,0.218462,0.0776742,-1.28739,-0.770073,0.442707,-0.0218677,0.14292,-0.126418,0.095391,-0.196816,0.127887,31.0227,0.0245907,10,0,181.464,155.346,128.017,105.498,85.7617,72.5445,63.996,53.3178,0.268248,0.100882,0.0665533,0.0552635,0.0463438,0.0288535,0.0156621,0.00735577
1.61,-1.09784e-07,2.6754e-07,0.94985,29.9999,-6.37412e-05,4.89266e-05,0.487722,0.35685,0.327686,0.160432,-0.101151,-0.124648,-0.057108,-0.0302531,-0.11535,0.0132051,-0.0133351,-0.0873961,-0.149516,-0.123851,-0.0893279,-0.0753301,-0.578423,-0.5551,-0.220889,0.159316,0.550178,0.486917,0.216102,0.0769171,-1.2875,-0.769361,0.442076,-0.021393,0.141906,-0.125743,0.0949531,-0.204578,0.136219,30.9934,0.0237364,10,0,181.506,155.384,128.05,105.523,85.7781,72.5557,64.0022,53.3204,0.267721,0.100282,0.0661198,0.0548998,0.0460705,0.0287591,0.0156389,0.00735894
1.615,-1.10991e-07,2.80696e-07,0.94985,29.9999,-7.19174e-05,5.09478e-05,0.481664,0.346817,0.320059,0.156116,-0.102458,-0.126339,-0.059031,-0.0313373,-0.111427,0.0183128,-0.00673217,-0.0794581,-0.141956,-0.11833,-0.0859203,-0.0734344,-0.577531,-0.548824,-0.221488,0.153848,0.541369,0.481084,0.213777,0.0761694,-1.28761,-0.768654,0.44145,-0.0209221,0.140847,-0.125015,0.0939302,-0.215219,0.149148,30.9643,0.0228965,10,0,181.567,155.44,128.099,105.56,85.8026,72.5724,64.0115,53.3244,0.266865,0.0993631,0.065462,0.0543437,0.0456518,0.0286059,0.015595,0.00735855
1.62,-1.1199e-07,2.93393e-07,0.94985,29.9999,-7.99741e-05,5.28846e-05,0.475625,0.336913,0.312474,0.151785,-0.103798,-0.128026,-0.0609353,-0.0324141,-0.107517,0.0233598,-0.000196884,-0.0715603,-0.134404,-0.112806,-0.0825041,-0.0715318,-0.576408,-0.542409,-0.221868,0.148601,0.532753,0.475349,0.211487,0.075431,-1.28771,-0.767953,0.440827,-0.0204557,0.139744,-0.124235,0.0932222,-0.222422,0.157163,30.9354,0.0220723,10,0,181.609,155.477,128.131,105.584,85.819,72.5836,64.0178,53.327,0.26625,0.098738,0.0650182,0.0539655,0.0453665,0.0284959,0.0155598,0.00735491
1.625,-1.12789e-07,3.05638e-07,0.94985,29.9998,-8.79089e-05,5.47387e-05,0.469604,0.327138,0.304933,0.147441,-0.105167,-0.129707,-0.06282,-0.0334827,-0.10362,0.0283444,0.00626825,-0.0637065,-0.126865,-0.107282,-0.0790815,-0.0696236,-0.575061,-0.535863,-0.222037,0.143571,0.524327,0.469711,0.209232,0.0747018,-1.28781,-0.767258,0.440208,-0.0199945,0.138599,-0.123404,0.0918732,-0.232248,0.169588,30.9068,0.0212648,10,0,181.67,155.532,128.179,105.62,85.8436,72.6004,64.0272,53.331,0.265263,0.0977823,0.0643443,0.053387,0.0449293,0.0283193,0.0154983,0.00734452
1.63,-1.13396e-07,3.1744e-07,0.94985,29.9998,-9.5719e-05,5.65114e-05,0.463603,0.317493,0.297439,0.143087,-0.106564,-0.131382,-0.0646843,-0.0345426,-0.0997377,0.0332648,0.0126608,-0.0559006,-0.119341,-0.101762,-0.0756547,-0.0677109,-0.573496,-0.529192,-0.222,0.138752,0.516087,0.464169,0.207011,0.0739817,-1.28791,-0.766568,0.439593,-0.0195392,0.137412,-0.122523,0.0909193,-0.238913,0.177281,30.8785,0.0204754,10,0,181.71,155.568,128.211,105.645,85.86,72.6117,64.0335,53.3337,0.26456,0.0971331,0.0638893,0.0529935,0.0446314,0.0281939,0.0154515,0.00733436
1.635,-1.13819e-07,3.28804e-07,0.94985,29.9998,-0.000103402,5.82044e-05,0.457625,0.307978,0.289995,0.138726,-0.107986,-0.133048,-0.0665275,-0.0355932,-0.0958715,0.0381194,0.0189784,-0.0481462,-0.111836,-0.0962486,-0.0722259,-0.0657951,-0.571721,-0.522404,-0.221765,0.134141,0.508031,0.45872,0.204824,0.0732706,-1.28801,-0.765884,0.438983,-0.0190904,0.136187,-0.121594,0.0892766,-0.247955,0.189198,30.8504,0.0197052,10,0,181.771,155.621,128.258,105.681,85.8846,72.6285,64.043,53.3378,0.263441,0.0961416,0.063198,0.0523917,0.0441747,0.0279943,0.0153729,0.00731439
1.64,-1.14065e-07,3.39738e-07,0.94985,29.9998,-0.000110956,5.98191e-05,0.451671,0.298594,0.282601,0.134361,-0.109431,-0.134705,-0.0683489,-0.0366338,-0.0920225,0.0429064,0.0252188,-0.0404469,-0.104356,-0.0907451,-0.0687973,-0.0638772,-0.569741,-0.515506,-0.221338,0.129731,0.500154,0.453364,0.202671,0.0725685,-1.2881,-0.765207,0.438378,-0.0186488,0.134925,-0.120616,0.088101,-0.2541,0.196567,30.8226,0.0189558,10,0,181.811,155.656,128.289,105.704,85.9009,72.6397,64.0493,53.3405,0.262651,0.0954689,0.0627312,0.0519825,0.0438635,0.0278536,0.015315,0.00729799
1.645,-1.14141e-07,3.5025e-07,0.94985,29.9998,-0.000118378,6.13571e-05,0.445743,0.289342,0.275261,0.129994,-0.110897,-0.136351,-0.0701477,-0.0376641,-0.0881917,0.0476243,0.0313798,-0.0328063,-0.0969027,-0.0852543,-0.0653707,-0.0619585,-0.567565,-0.508505,-0.220725,0.125518,0.492455,0.4481,0.200551,0.0718753,-1.28819,-0.764536,0.437777,-0.018215,0.133626,-0.119592,0.0861966,-0.262391,0.207971,30.7951,0.0182287,10,0,181.872,155.708,128.335,105.74,85.9254,72.6566,64.0589,53.3445,0.261401,0.094443,0.062022,0.0513567,0.0433865,0.0276315,0.0152199,0.00726887
1.65,-1.14055e-07,3.60346e-07,0.94985,29.9998,-0.000125667,6.28197e-05,0.439841,0.280222,0.267976,0.125628,-0.112382,-0.137985,-0.0719234,-0.0386834,-0.0843801,0.0522714,0.0374591,-0.0252278,-0.0894806,-0.0797793,-0.0619485,-0.06004,-0.565197,-0.501408,-0.219933,0.121497,0.484929,0.442926,0.198463,0.0711908,-1.28828,-0.763871,0.437182,-0.0177894,0.132293,-0.118522,0.0848227,-0.268036,0.215015,30.7678,0.0175256,10,0,181.911,155.742,128.365,105.764,85.9417,72.6678,64.0652,53.3472,0.260524,0.093748,0.061543,0.0509315,0.0430617,0.0274759,0.0151513,0.00724652
1.655,-1.13814e-07,3.70033e-07,0.94985,29.9998,-0.00013282,6.42084e-05,0.433968,0.271234,0.260748,0.121265,-0.113884,-0.139606,-0.0736752,-0.0396913,-0.080589,0.0568464,0.0434548,-0.0177147,-0.0820934,-0.0743229,-0.0585324,-0.0581229,-0.562645,-0.494221,-0.218968,0.117664,0.477575,0.437841,0.196408,0.070515,-1.28837,-0.763213,0.436593,-0.0173727,0.130927,-0.117408,0.0826876,-0.275606,0.225903,30.7409,0.0168482,10,0,181.971,155.792,128.409,105.799,85.966,72.6846,64.0747,53.3513,0.259144,0.0926893,0.0608154,0.0502816,0.042564,0.0272317,0.0150405,0.00720867
1.66,-1.13425e-07,3.79317e-07,0.94985,29.9998,-0.000139835,6.55248e-05,0.428124,0.262379,0.253579,0.116908,-0.1154,-0.141213,-0.0754028,-0.0406873,-0.0768195,0.0613477,0.0493648,-0.0102704,-0.0747445,-0.068888,-0.0551246,-0.0562083,-0.559916,-0.486952,-0.217836,0.114015,0.470388,0.432843,0.194384,0.0698478,-1.28846,-0.762563,0.436009,-0.0169652,0.12953,-0.116249,0.0811386,-0.28077,0.232618,30.7142,0.0161983,10,0,182.01,155.825,128.439,105.822,85.9821,72.6957,64.0811,53.3541,0.258182,0.0919731,0.0603243,0.0498403,0.0422252,0.0270617,0.0149615,0.00718064
1.665,-1.12894e-07,3.88206e-07,0.94985,29.9998,-0.000146711,6.67702e-05,0.422312,0.253657,0.246471,0.112558,-0.116929,-0.142805,-0.0771054,-0.041671,-0.0730725,0.0657739,0.0551871,-0.00289797,-0.0674374,-0.0634774,-0.0517269,-0.0542973,-0.557014,-0.479605,-0.216543,0.110543,0.463365,0.427931,0.192392,0.069189,-1.28854,-0.761919,0.435431,-0.0165675,0.128103,-0.115049,0.0788026,-0.287649,0.242987,30.6879,0.0155782,10,0,182.069,155.873,128.482,105.856,86.0063,72.7124,64.0906,53.3582,0.256674,0.0908836,0.0595785,0.0491665,0.0417066,0.0267961,0.0148356,0.00713449
1.67,-1.12228e-07,3.96706e-07,0.94985,29.9998,-0.000153445,6.79461e-05,0.416532,0.245068,0.239425,0.108217,-0.118469,-0.144381,-0.0787826,-0.042642,-0.0693492,0.0701236,0.0609198,0.00439948,-0.0601756,-0.0580938,-0.0483412,-0.0523909,-0.553947,-0.472188,-0.215096,0.107246,0.456505,0.423105,0.19043,0.0685387,-1.28862,-0.761282,0.434859,-0.01618,0.126648,-0.113807,0.0771008,-0.29235,0.249372,30.6619,0.0149898,10,0,182.107,155.905,128.51,105.879,86.0223,72.7235,64.0969,53.3609,0.255628,0.0901475,0.0590753,0.0487093,0.0413539,0.0266121,0.0147468,0.00710105
1.675,-1.11434e-07,4.04823e-07,0.94985,29.9998,-0.000160036,6.90539e-05,0.410786,0.236612,0.232443,0.103889,-0.120018,-0.14594,-0.080434,-0.0435998,-0.0656507,0.0743956,0.0665612,0.0116189,-0.0529625,-0.0527398,-0.0449695,-0.0504903,-0.55072,-0.464705,-0.213499,0.104119,0.449803,0.418362,0.1885,0.0678967,-1.2887,-0.760653,0.434294,-0.015803,0.125166,-0.112524,0.0745929,-0.298566,0.259219,30.6362,0.0144355,10,0,182.165,155.952,128.552,105.913,86.0462,72.74,64.1064,53.365,0.253995,0.0890293,0.0583118,0.0480119,0.0408144,0.0263259,0.0146065,0.007047
1.68,-1.10518e-07,4.12564e-07,0.94985,29.9998,-0.000166483,7.0095e-05,0.405075,0.22829,0.225527,0.0995751,-0.121574,-0.147481,-0.0820591,-0.0445443,-0.0619779,0.0785886,0.0721096,0.0187575,-0.0458012,-0.0474182,-0.0416135,-0.0485963,-0.547339,-0.457165,-0.211758,0.101156,0.443256,0.413701,0.186599,0.0672629,-1.28878,-0.760032,0.433735,-0.0154369,0.123657,-0.111202,0.0727596,-0.302822,0.265272,30.6108,0.0139175,10,0,182.203,155.982,128.58,105.935,86.062,72.751,64.1126,53.3677,0.252867,0.0882749,0.057797,0.0475392,0.0404477,0.0261284,0.0145084,0.00700844
1.685,-1.09487e-07,4.19935e-07,0.94985,29.9998,-0.000172783,7.10709e-05,0.3994,0.220101,0.218677,0.0952769,-0.123136,-0.149003,-0.0836575,-0.0454749,-0.0583321,0.0827014,0.0775631,0.0258122,-0.0386951,-0.0421314,-0.038275,-0.04671,-0.543811,-0.449571,-0.20988,0.0983551,0.436863,0.409121,0.184728,0.0666373,-1.28886,-0.759418,0.433182,-0.0150821,0.122125,-0.109842,0.0701071,-0.3084,0.274593,30.5857,0.0134383,10,0,182.26,156.027,128.62,105.968,86.0856,72.7674,64.122,53.3718,0.251113,0.0871305,0.0570165,0.0468188,0.0398875,0.0258223,0.0143544,0.0069469
1.69,-1.08345e-07,4.26942e-07,0.94985,29.9998,-0.000178936,7.19828e-05,0.393762,0.212044,0.211896,0.0909965,-0.124702,-0.150505,-0.0852288,-0.0463915,-0.054714,0.0867327,0.0829203,0.0327805,-0.0316472,-0.036882,-0.0349558,-0.0448325,-0.54014,-0.441929,-0.20787,0.0957104,0.43062,0.404621,0.182886,0.0660197,-1.28893,-0.758811,0.432637,-0.0147388,0.120569,-0.108445,0.0681629,-0.312228,0.280312,30.5609,0.0130002,10,0,182.298,156.057,128.647,105.99,86.1012,72.7783,64.1283,53.3745,0.249905,0.0863594,0.0564907,0.0463311,0.0395072,0.0256119,0.0142474,0.00690347
1.695,-1.071e-07,4.33591e-07,0.94985,29.9998,-0.00018494,7.28322e-05,0.388163,0.204121,0.205184,0.0867359,-0.12627,-0.151987,-0.0867726,-0.0472936,-0.0511249,0.0906816,0.0881796,0.0396596,-0.0246605,-0.0316723,-0.0316575,-0.0429646,-0.536333,-0.434245,-0.205732,0.0932182,0.424523,0.400199,0.181073,0.0654101,-1.28901,-0.758213,0.432099,-0.0144072,0.118991,-0.107011,0.0653917,-0.317195,0.289106,30.5365,0.0126055,10,0,182.354,156.1,128.686,106.022,86.1245,72.7945,64.1376,53.3786,0.248034,0.0851912,0.0556942,0.0455885,0.0389267,0.0252869,0.0140804,0.00683483
1.7,-1.05757e-07,4.39889e-07,0.94985,29.9998,-0.000190793,7.36205e-05,0.382602,0.196331,0.198543,0.0824968,-0.127839,-0.153448,-0.0882888,-0.0481811,-0.0475657,0.0945469,0.0933394,0.046447,-0.0177381,-0.0265048,-0.0283818,-0.0411073,-0.532395,-0.426525,-0.203473,0.0908743,0.418571,0.395855,0.179288,0.0648083,-1.28908,-0.757622,0.431568,-0.0140878,0.117393,-0.105543,0.0633562,-0.320608,0.294488,30.5124,0.0122561,10,0,182.391,156.128,128.712,106.043,86.1398,72.8052,64.1438,53.3812,0.246749,0.0844051,0.0551582,0.0450864,0.038533,0.0250641,0.0139649,0.0067868
1.705,-1.04322e-07,4.45841e-07,0.94985,29.9998,-0.000196496,7.4349e-05,0.377082,0.188673,0.191974,0.0782808,-0.129407,-0.154887,-0.0897769,-0.0490536,-0.0440373,0.0983276,0.0983985,0.0531402,-0.0108829,-0.0213819,-0.0251304,-0.0392615,-0.528331,-0.418772,-0.201097,0.0886745,0.41276,0.391587,0.177531,0.0642143,-1.28915,-0.75704,0.431044,-0.0137806,0.115776,-0.104041,0.060491,-0.324987,0.302753,30.4886,0.011954,10,0,182.446,156.169,128.749,106.075,86.1627,72.8212,64.153,53.3853,0.244766,0.0832159,0.054347,0.0443228,0.0379327,0.024721,0.0137856,0.00671145
1.71,-1.028e-07,4.51454e-07,0.94985,29.9998,-0.000202046,7.5019e-05,0.371603,0.181148,0.185478,0.0740897,-0.130974,-0.156303,-0.0912367,-0.049911,-0.0405408,0.102023,0.103355,0.0597367,-0.00409757,-0.0163057,-0.0219049,-0.0374282,-0.524148,-0.410993,-0.19861,0.086615,0.407088,0.387393,0.175802,0.063628,-1.28921,-0.756465,0.430528,-0.0134858,0.11414,-0.102505,0.0583825,-0.328002,0.307798,30.4652,0.0117005,10,0,182.482,156.196,128.774,106.095,86.1778,72.8317,64.1591,53.3879,0.243407,0.0824168,0.0538017,0.0438071,0.0375261,0.0244865,0.0136621,0.00665908
1.715,-1.01197e-07,4.56733e-07,0.94985,29.9998,-0.000207442,7.56319e-05,0.366167,0.173754,0.179056,0.069925,-0.132536,-0.157697,-0.0926679,-0.050753,-0.0370771,0.105632,0.108209,0.0662342,0.00261502,-0.0112785,-0.0187067,-0.0356082,-0.519849,-0.403192,-0.196016,0.0846916,0.401551,0.383273,0.1741,0.0630493,-1.28928,-0.755899,0.43002,-0.0132037,0.112488,-0.100938,0.0554465,-0.331815,0.315531,30.4421,0.0114964,10,0,182.536,156.235,128.81,106.126,86.2003,72.8474,64.1681,53.3919,0.241315,0.0812093,0.0529774,0.0430237,0.0369067,0.0241262,0.0134713,0.00657739
1.72,-9.95179e-08,4.61684e-07,0.94985,29.9998,-0.000212685,7.6189e-05,0.360773,0.166493,0.172709,0.0657883,-0.134094,-0.159067,-0.0940705,-0.0515795,-0.0336472,0.109153,0.112958,0.0726306,0.00925223,-0.00630245,-0.0155374,-0.0338024,-0.515441,-0.395374,-0.193321,0.0829005,0.396148,0.379225,0.172425,0.062478,-1.28935,-0.755341,0.429519,-0.0129343,0.110819,-0.0993408,0.0532826,-0.334445,0.320238,30.4193,0.0113421,10,0,182.571,156.261,128.834,106.146,86.2151,72.8578,64.1741,53.3946,0.239886,0.080399,0.0524238,0.0424951,0.0364876,0.0238806,0.0133403,0.00652091
1.725,-9.77681e-08,4.66314e-07,0.94985,29.9998,-0.000217772,7.66917e-05,0.355422,0.159362,0.166438,0.061681,-0.135646,-0.160412,-0.0954441,-0.0523902,-0.0302519,0.112587,0.117601,0.0789236,0.0158115,-0.00137963,-0.0123985,-0.0320116,-0.510929,-0.387543,-0.190529,0.0812378,0.390875,0.375249,0.170776,0.0619142,-1.28941,-0.754792,0.429027,-0.0126778,0.109137,-0.0977136,0.0502974,-0.337712,0.327439,30.3969,0.0112373,10,0,182.624,156.298,128.868,106.176,86.2371,72.8732,64.1831,53.3985,0.237692,0.0791762,0.051588,0.0416933,0.03585,0.0235043,0.0131385,0.00643326
1.73,-9.59526e-08,4.70627e-07,0.94985,29.9998,-0.000222704,7.71412e-05,0.350117,0.152361,0.160244,0.0576045,-0.13719,-0.161733,-0.0967886,-0.0531851,-0.0268922,0.115931,0.122137,0.0851112,0.0222902,0.00348792,-0.00929142,-0.0302366,-0.506316,-0.379703,-0.187645,0.0796998,0.38573,0.371342,0.169153,0.0613577,-1.28947,-0.754251,0.428543,-0.0124343,0.10744,-0.0960578,0.0480947,-0.339971,0.331807,30.3749,0.0111809,10,0,182.659,156.322,128.891,106.195,86.2515,72.8834,64.189,53.4011,0.236196,0.0783566,0.0510274,0.0411529,0.035419,0.0232483,0.0130005,0.00637293
1.735,-9.40763e-08,4.7463e-07,0.94985,29.9998,-0.000227479,7.75388e-05,0.344856,0.145491,0.154128,0.0535601,-0.138726,-0.163028,-0.0981039,-0.0539638,-0.0235689,0.119186,0.126565,0.0911914,0.0286861,0.00829823,-0.00621751,-0.0284783,-0.501609,-0.37186,-0.184674,0.0782826,0.38071,0.367504,0.167556,0.0608085,-1.28953,-0.753718,0.428068,-0.0122038,0.105732,-0.0943746,0.0450806,-0.342713,0.338475,30.3531,0.0111712,10,0,182.71,156.357,128.923,106.224,86.273,72.8985,64.1977,53.405,0.233904,0.0771215,0.0501819,0.0403341,0.0347639,0.0228568,0.0127885,0.00627967
1.74,-9.21441e-08,4.78328e-07,0.94985,29.9998,-0.000232097,7.78858e-05,0.339642,0.138751,0.148089,0.0495493,-0.140251,-0.164298,-0.0993899,-0.0547264,-0.020283,0.122351,0.130885,0.0971623,0.0349967,0.0130494,-0.00317814,-0.0267374,-0.496812,-0.364017,-0.18162,0.0769827,0.375812,0.363733,0.165984,0.0602664,-1.28959,-0.753194,0.4276,-0.0119864,0.104012,-0.0926652,0.0428546,-0.344614,0.342503,30.3318,0.011206,10,0,182.744,156.38,128.945,106.243,86.2872,72.9084,64.2035,53.4076,0.232345,0.0762947,0.0496156,0.039783,0.0343216,0.022591,0.012644,0.00621572
1.745,-9.01607e-08,4.81727e-07,0.94985,29.9998,-0.000236558,7.81834e-05,0.334474,0.132139,0.14213,0.0455731,-0.141766,-0.165542,-0.100646,-0.0554727,-0.0170352,0.125425,0.135095,0.103022,0.0412197,0.0177395,-0.000174642,-0.0250147,-0.49193,-0.356179,-0.178487,0.0757963,0.371035,0.360029,0.164436,0.0597313,-1.28965,-0.752679,0.427142,-0.0117821,0.102282,-0.0909304,0.0398307,-0.346849,0.348639,30.3107,0.0112825,10,0,182.794,156.414,128.976,106.27,86.3081,72.9232,64.2121,53.4114,0.229961,0.0750504,0.0487626,0.0389488,0.0336501,0.0221855,0.0124225,0.00611722
1.75,-8.81307e-08,4.84833e-07,0.94985,29.9998,-0.00024086,7.8433e-05,0.329353,0.125655,0.13625,0.0416328,-0.143269,-0.166759,-0.101873,-0.0562026,-0.0138265,0.128408,0.139194,0.108769,0.0473529,0.0223668,0.00279172,-0.0233109,-0.486967,-0.348348,-0.17528,0.07472,0.366375,0.35639,0.162913,0.0592032,-1.28971,-0.752172,0.426692,-0.0115909,0.100542,-0.0891716,0.0375959,-0.348403,0.352328,30.29,0.0113975,10,0,182.827,156.435,128.996,106.288,86.3219,72.9329,64.2178,53.4139,0.228343,0.0742184,0.048192,0.0383881,0.0331973,0.0219107,0.0122718,0.00604989
1.755,-8.60586e-08,4.87652e-07,0.94985,29.9998,-0.000245005,7.86358e-05,0.32428,0.119299,0.13045,0.0377296,-0.14476,-0.167949,-0.103071,-0.0569159,-0.0106576,0.131298,0.143182,0.114401,0.0533943,0.0269295,0.00571972,-0.0216267,-0.481927,-0.34053,-0.172003,0.0737501,0.361829,0.352815,0.161414,0.058682,-1.28977,-0.751674,0.426251,-0.0114129,0.0987951,-0.0873896,0.0345799,-0.35015,0.357933,30.2697,0.0115475,10,0,182.876,156.467,129.026,106.315,86.3422,72.9473,64.2262,53.4177,0.225874,0.0729678,0.0473336,0.0375404,0.0325105,0.0214921,0.0120415,0.00594649
1.76,-8.39486e-08,4.90188e-07,0.94985,29.9998,-0.000248991,7.87929e-05,0.319256,0.113069,0.124731,0.0338644,-0.146236,-0.169112,-0.104239,-0.0576127,-0.00752933,0.134097,0.147058,0.119918,0.0593416,0.031426,0.00860814,-0.0199629,-0.476817,-0.332727,-0.168659,0.0728834,0.357397,0.349303,0.159939,0.0581676,-1.28983,-0.751185,0.425819,-0.0112479,0.0970406,-0.0855858,0.03235,-0.35137,0.361283,30.2497,0.011729,10,0,182.909,156.487,129.045,106.332,86.3556,72.9567,64.2317,53.4201,0.2242,0.0721328,0.0467602,0.0369712,0.0320478,0.021209,0.0118852,0.00587602
1.765,-8.18052e-08,4.92448e-07,0.94985,29.9998,-0.000252818,7.89057e-05,0.31428,0.106965,0.119093,0.0300383,-0.147697,-0.170247,-0.105377,-0.0582929,-0.00444245,0.136803,0.150821,0.125316,0.0651931,0.0358546,0.0114558,-0.0183201,-0.471638,-0.324944,-0.165254,0.0721164,0.353074,0.345852,0.158486,0.0576599,-1.28988,-0.750705,0.425396,-0.011096,0.09528,-0.083761,0.0293584,-0.352646,0.366358,30.2301,0.0119384,10,0,182.956,156.516,129.073,106.358,86.3754,72.9707,64.2399,53.4238,0.221652,0.0708791,0.0458988,0.0361118,0.0313468,0.0207784,0.0116467,0.00576808
1.77,-7.96324e-08,4.94436e-07,0.94985,29.9998,-0.000256487,7.89753e-05,0.309353,0.100987,0.113537,0.0262524,-0.149142,-0.171355,-0.106485,-0.0589564,-0.00139772,0.139416,0.154471,0.130596,0.0709467,0.0402138,0.0142617,-0.016699,-0.466397,-0.317183,-0.161791,0.0714457,0.348859,0.342463,0.157057,0.0571588,-1.28994,-0.750233,0.424982,-0.0109571,0.0935143,-0.0819164,0.0271462,-0.353544,0.369371,30.2108,0.0121721,10,0,182.987,156.535,129.091,106.374,86.3883,72.9799,64.2453,53.4262,0.219928,0.0700431,0.0453241,0.0355355,0.030875,0.0204877,0.0114852,0.00569468
1.775,-7.74342e-08,4.96159e-07,0.94985,29.9998,-0.000259997,7.90029e-05,0.304477,0.0951324,0.108062,0.0225074,-0.150571,-0.172434,-0.107564,-0.0596031,0.00160412,0.141935,0.158007,0.135755,0.0766006,0.044502,0.0170246,-0.0151002,-0.461096,-0.309449,-0.158274,0.0708681,0.344749,0.339133,0.15565,0.0566642,-1.28999,-0.749771,0.424578,-0.010831,0.0917445,-0.0800531,0.0241942,-0.354367,0.373919,30.1918,0.0124267,10,0,183.034,156.562,129.118,106.399,86.4075,72.9934,64.2532,53.4298,0.217306,0.0687894,0.0444621,0.0346664,0.030161,0.0200464,0.0112394,0.00558254
1.78,-7.52146e-08,4.97622e-07,0.94985,29.9998,-0.000263348,7.89897e-05,0.29965,0.0894013,0.102669,0.0188044,-0.151982,-0.173485,-0.108613,-0.060233,0.00456237,0.144361,0.161429,0.140793,0.0821531,0.0487178,0.0197435,-0.0135244,-0.455741,-0.301744,-0.154707,0.0703804,0.340742,0.335861,0.154265,0.0561761,-1.29005,-0.749317,0.424183,-0.0107178,0.0899713,-0.0781721,0.0220116,-0.354954,0.376596,30.1732,0.0126989,10,0,183.064,156.58,129.135,106.415,86.42,73.0023,64.2585,53.4322,0.215535,0.0679545,0.0438878,0.0340843,0.029681,0.0197488,0.0110731,0.00550646
1.785,-7.29774e-08,4.98831e-07,0.94985,29.9998,-0.00026654,7.89369e-05,0.294874,0.0837927,0.0973587,0.0151441,-0.153375,-0.174508,-0.109633,-0.0608462,0.00747633,0.146693,0.164737,0.145708,0.0876024,0.0528598,0.0224175,-0.0119721,-0.450334,-0.294071,-0.151092,0.0699795,0.336835,0.332647,0.152902,0.0556943,-1.2901,-0.748872,0.423797,-0.0106172,0.0881959,-0.0762746,0.0191135,-0.355342,0.380621,30.155,0.0129859,10,0,183.109,156.605,129.159,106.438,86.4385,73.0155,64.2662,53.4356,0.212846,0.066704,0.0430278,0.0332075,0.0289553,0.0192977,0.0108205,0.00539046
1.79,-7.07263e-08,4.9979e-07,0.94985,29.9998,-0.000269574,7.88457e-05,0.290149,0.0783055,0.0921309,0.0115273,-0.154749,-0.175502,-0.110623,-0.0614426,0.0103453,0.148931,0.167929,0.150499,0.0929471,0.0569266,0.0250455,-0.0104438,-0.444881,-0.286433,-0.147435,0.0696622,0.333027,0.329489,0.15156,0.0552188,-1.29015,-0.748436,0.423421,-0.0105292,0.0864191,-0.0743615,0.0169714,-0.35563,0.382964,30.1371,0.0132847,10,0,183.138,156.621,129.175,106.453,86.4506,73.0241,64.2713,53.4379,0.211033,0.0658722,0.0424557,0.032621,0.028468,0.018994,0.01065,0.00531192
1.795,-6.84649e-08,5.00505e-07,0.94985,29.9998,-0.00027245,7.87171e-05,0.285475,0.0729388,0.0869858,0.00795482,-0.156103,-0.176467,-0.111584,-0.0620221,0.0131687,0.151075,0.171007,0.155165,0.0981855,0.060917,0.0276266,-0.00894029,-0.439384,-0.278834,-0.143737,0.0694255,0.329314,0.326387,0.150239,0.0547495,-1.2902,-0.748009,0.423054,-0.0104536,0.0846417,-0.072434,0.0141403,-0.3556,0.386471,30.1195,0.0135929,10,0,183.182,156.644,129.198,106.475,86.4684,73.0368,64.2787,53.4413,0.208284,0.0646281,0.0416003,0.0317388,0.0277319,0.0185344,0.0103913,0.0051924
1.8,-6.61966e-08,5.00981e-07,0.94985,29.9998,-0.000275169,7.85524e-05,0.280852,0.0676915,0.0819235,0.00442727,-0.157437,-0.177403,-0.112515,-0.0625849,0.0159459,0.153125,0.173969,0.159705,0.103316,0.0648298,0.03016,-0.00746194,-0.433847,-0.271276,-0.140004,0.0692665,0.325696,0.323338,0.148939,0.0542863,-1.29026,-0.74759,0.422698,-0.0103903,0.0828646,-0.0704931,0.0120489,-0.355601,0.388482,30.1023,0.0139082,10,0,183.21,156.658,129.212,106.489,86.48,73.0451,64.2836,53.4436,0.206433,0.0638016,0.0410322,0.0311494,0.027238,0.0182254,0.010217,0.00511163
1.805,-6.3925e-08,5.01224e-07,0.94985,29.9998,-0.000277729,7.83526e-05,0.276282,0.0625626,0.0769442,0.00094534,-0.15875,-0.17831,-0.113417,-0.0631309,0.0186763,0.155081,0.176815,0.164118,0.108338,0.0686637,0.0326447,-0.0060093,-0.428274,-0.263762,-0.136237,0.0691822,0.322169,0.320343,0.147659,0.053829,-1.29031,-0.747181,0.422351,-0.010339,0.0810888,-0.0685398,0.00929691,-0.35517,0.391475,30.0854,0.0142284,10,0,183.252,156.679,129.233,106.51,86.4971,73.0573,64.2909,53.4469,0.203631,0.0625669,0.0401841,0.0302641,0.0264928,0.0177583,0.00995294,0.00498893
1.81,-6.16531e-08,5.0124e-07,0.94985,29.9998,-0.000280133,7.81188e-05,0.271763,0.0575511,0.0720478,-0.00249036,-0.16004,-0.179187,-0.11429,-0.0636601,0.0213592,0.156942,0.179545,0.168404,0.113249,0.0724177,0.03508,-0.00458288,-0.422669,-0.256293,-0.132441,0.0691697,0.318731,0.3174,0.146399,0.0533778,-1.29036,-0.74678,0.422013,-0.0102997,0.0793149,-0.0665753,0.00726565,-0.354896,0.39316,30.0689,0.0145519,10,0,183.28,156.693,129.247,106.524,86.5083,73.0652,64.2956,53.449,0.201747,0.0617477,0.0396219,0.0296734,0.0259934,0.0174447,0.00977528,0.00490615
1.815,-5.93843e-08,5.01032e-07,0.94985,29.9998,-0.000282381,7.78522e-05,0.267296,0.0526558,0.0672344,-0.00587926,-0.161309,-0.180035,-0.115134,-0.0641727,0.0239942,0.15871,0.18216,0.172562,0.118048,0.0760907,0.0374651,-0.00318314,-0.417035,-0.248874,-0.128618,0.0692263,0.315381,0.314509,0.145158,0.0529323,-1.29041,-0.746388,0.421686,-0.010272,0.0775439,-0.0646005,0.00460385,-0.354081,0.395645,30.0527,0.0148768,10,0,183.32,156.712,129.266,106.544,86.5246,73.077,64.3025,53.4522,0.198898,0.0605255,0.0387841,0.0287873,0.0252405,0.0169714,0.00950654,0.0047806
1.82,-5.71216e-08,5.00607e-07,0.94985,29.9998,-0.000284472,7.75539e-05,0.262882,0.0478756,0.0625038,-0.00922082,-0.162555,-0.180854,-0.115949,-0.0646685,0.0265806,0.160383,0.184659,0.17659,0.122735,0.0796817,0.0397992,-0.00181053,-0.411375,-0.241506,-0.124771,0.0693492,0.312116,0.311667,0.143937,0.0524926,-1.29046,-0.746006,0.421368,-0.0102559,0.0757765,-0.0626165,0.00264131,-0.353544,0.397006,30.0368,0.0152017,10,0,183.346,156.724,129.279,106.556,86.5353,73.0846,64.3071,53.4543,0.196985,0.0597157,0.0382297,0.028197,0.0247365,0.016654,0.00932599,0.00469604
1.825,-5.4868e-08,4.9997e-07,0.94985,29.9998,-0.000286409,7.72248e-05,0.25852,0.0432094,0.057856,-0.0125146,-0.163777,-0.181643,-0.116735,-0.0651478,0.0291181,0.161963,0.187043,0.180489,0.127308,0.0831898,0.0420817,-0.000465507,-0.405693,-0.234191,-0.120904,0.0695356,0.308934,0.308875,0.142735,0.0520586,-1.29051,-0.745632,0.421061,-0.010251,0.0740135,-0.0606242,7.98112e-05,-0.352363,0.398991,30.0213,0.0155253,10,0,183.385,156.74,129.296,106.575,86.5509,73.0958,64.3137,53.4574,0.194096,0.0585092,0.037405,0.0273129,0.0239774,0.0161757,0.00905327,0.00456798
1.83,-5.26262e-08,4.99125e-07,0.94985,29.9998,-0.000288191,7.6866e-05,0.254211,0.038656,0.0532909,-0.01576,-0.164975,-0.182403,-0.117493,-0.0656105,0.031606,0.163449,0.18931,0.184258,0.131765,0.086614,0.0443118,0.000851533,-0.399991,-0.226932,-0.117019,0.069783,0.305834,0.306131,0.141551,0.0516302,-1.29057,-0.745266,0.420763,-0.0102572,0.0722556,-0.0586248,-0.0018062,-0.351576,0.400032,30.0061,0.0158465,10,0,183.411,156.751,129.308,106.587,86.5611,73.1031,64.3181,53.4594,0.192159,0.0577108,0.0368604,0.0267248,0.0234697,0.0158554,0.0088703,0.00448186
1.835,-5.03992e-08,4.98078e-07,0.94985,29.9998,-0.00028982,7.64786e-05,0.249954,0.0342143,0.0488083,-0.0189568,-0.166149,-0.183134,-0.118222,-0.0660567,0.034044,0.164842,0.191463,0.187897,0.136107,0.0899535,0.046489,0.00214019,-0.394274,-0.219731,-0.113119,0.0700888,0.302812,0.303434,0.140385,0.0512073,-1.29062,-0.74491,0.420475,-0.0102743,0.0705037,-0.0566192,-0.0042582,-0.350046,0.401524,29.9913,0.0161641,10,0,183.448,156.766,129.323,106.604,86.576,73.1139,64.3244,53.4623,0.189237,0.0565229,0.0360519,0.0258453,0.0227059,0.0153732,0.00859429,0.00435163
1.84,-4.81895e-08,4.96834e-07,0.94985,29.9998,-0.000291296,7.60637e-05,0.24575,0.029883,0.044408,-0.0221045,-0.167299,-0.183834,-0.118923,-0.0664865,0.0364315,0.166142,0.1935,0.191405,0.140332,0.0932076,0.0486127,0.00340009,-0.388543,-0.212589,-0.109207,0.0704504,0.299868,0.300784,0.139237,0.0507899,-1.29067,-0.744562,0.420198,-0.0103019,0.0687583,-0.0546085,-0.00606064,-0.34902,0.402252,29.9768,0.0164772,10,0,183.472,156.775,129.333,106.615,86.5856,73.1208,64.3286,53.4643,0.18728,0.0557379,0.0355191,0.0252613,0.0221955,0.0150508,0.00840937,0.00426417
1.845,-4.59997e-08,4.95397e-07,0.949849,29.9998,-0.00029262,7.56221e-05,0.241599,0.0256608,0.0400898,-0.0252028,-0.168423,-0.184506,-0.119596,-0.0668999,0.0387683,0.167349,0.195422,0.194781,0.14444,0.0963755,0.0506822,0.00463089,-0.382802,-0.205509,-0.105286,0.0708653,0.296999,0.298179,0.138107,0.0503778,-1.29072,-0.744223,0.41993,-0.0103398,0.0670202,-0.0525935,-0.00839487,-0.34716,0.403259,29.9626,0.0167851,10,0,183.508,156.788,129.348,106.631,86.5997,73.131,64.3347,53.4671,0.184333,0.0545717,0.03473,0.0243896,0.0214284,0.0145661,0.00813079,0.00413211
1.85,-4.38323e-08,4.93774e-07,0.949849,29.9998,-0.000293793,7.5155e-05,0.237501,0.0215467,0.0358534,-0.0282514,-0.169521,-0.185148,-0.120241,-0.0672971,0.0410538,0.168464,0.197229,0.198026,0.148429,0.0994566,0.0526971,0.00583223,-0.377054,-0.198492,-0.101357,0.0713312,0.294204,0.295619,0.136994,0.0499709,-1.29077,-0.743893,0.419673,-0.0103877,0.0652902,-0.0505754,-0.0101074,-0.345907,0.403677,29.9487,0.017087,10,0,183.531,156.795,129.357,106.642,86.6089,73.1376,64.3386,53.469,0.18236,0.0538022,0.0342111,0.0238118,0.0209164,0.0142424,0.00794438,0.00404354
1.855,-4.16896e-08,4.91969e-07,0.949849,29.9998,-0.000294817,7.46633e-05,0.233456,0.0175393,0.0316985,-0.03125,-0.170594,-0.185761,-0.120858,-0.0676782,0.0432877,0.169487,0.198923,0.20114,0.152299,0.10245,0.0546569,0.00700382,-0.371302,-0.191541,-0.0974241,0.0718456,0.291479,0.293102,0.135897,0.0495693,-1.29082,-0.743571,0.419426,-0.0104454,0.0635687,-0.0485551,-0.0123165,-0.343734,0.404209,29.9352,0.0173822,10,0,183.565,156.806,129.369,106.657,86.6222,73.1473,64.3444,53.4717,0.179394,0.0526606,0.0334445,0.022951,0.0201477,0.0137565,0.00766394,0.00390997
1.86,-3.95739e-08,4.89986e-07,0.949849,29.9998,-0.000295692,7.41479e-05,0.229463,0.0136373,0.0276248,-0.0341983,-0.171641,-0.186344,-0.121448,-0.0680432,0.0454696,0.170419,0.200502,0.204121,0.156049,0.105356,0.0565612,0.00814535,-0.365548,-0.184656,-0.093489,0.0724062,0.288825,0.290628,0.134818,0.0491727,-1.29088,-0.743258,0.419188,-0.0105126,0.0618566,-0.0465334,-0.0139336,-0.342268,0.404325,29.922,0.0176702,10,0,183.587,156.813,129.377,106.666,86.6308,73.1535,64.3481,53.4735,0.177411,0.0519084,0.0329416,0.0223817,0.0196351,0.0134325,0.00747654,0.00382051
1.865,-3.74873e-08,4.87831e-07,0.949849,29.9998,-0.000296419,7.36098e-05,0.225523,0.0098395,0.0236319,-0.0370962,-0.172661,-0.186898,-0.122011,-0.0683923,0.0475993,0.171259,0.201968,0.206971,0.159679,0.108173,0.0584094,0.00925655,-0.359794,-0.17784,-0.0895542,0.0730108,0.286238,0.288196,0.133754,0.0487812,-1.29093,-0.742953,0.418961,-0.010589,0.0601544,-0.0445115,-0.0160111,-0.339799,0.404391,29.9091,0.0179505,10,0,183.62,156.821,129.388,106.68,86.6433,73.1626,64.3536,53.476,0.174432,0.0507943,0.0322006,0.0215356,0.0188663,0.0129468,0.00719498,0.00368578
1.87,-3.5432e-08,4.85508e-07,0.949849,29.9998,-0.000297,7.305e-05,0.221636,0.00614456,0.0197195,-0.0399436,-0.173654,-0.187423,-0.122547,-0.0687256,0.0496765,0.172009,0.203322,0.20969,0.163188,0.1109,0.0602013,0.0103372,-0.354044,-0.171094,-0.0856221,0.0736571,0.283718,0.285804,0.132707,0.0483947,-1.29098,-0.742657,0.418744,-0.0106744,0.0584627,-0.0424903,-0.017528,-0.338131,0.404209,29.8965,0.0182227,10,0,183.641,156.827,129.394,106.688,86.6514,73.1685,64.3571,53.4777,0.172444,0.0500614,0.031716,0.0209774,0.0183543,0.0126234,0.00700708,0.00359565
1.875,-3.34099e-08,4.83022e-07,0.949849,29.9998,-0.000297436,7.24694e-05,0.217801,0.00255117,0.0158871,-0.0427401,-0.17462,-0.18792,-0.123056,-0.0690431,0.0517008,0.17267,0.204563,0.212277,0.166577,0.113539,0.0619365,0.011387,-0.348301,-0.164418,-0.0816947,0.074343,0.281261,0.283453,0.131675,0.048013,-1.29104,-0.74237,0.418537,-0.0107683,0.0567821,-0.0404706,-0.0194682,-0.335384,0.40382,29.8842,0.0184863,10,0,183.672,156.833,129.403,106.701,86.6631,73.1771,64.3623,53.4802,0.16946,0.0489776,0.0310039,0.02015,0.0175872,0.0121394,0.00672516,0.0034601
1.88,-3.14229e-08,4.80379e-07,0.949849,29.9998,-0.000297728,7.18689e-05,0.214019,-0.000941974,0.0121344,-0.0454858,-0.175559,-0.188387,-0.123539,-0.0693451,0.053672,0.173241,0.205692,0.214732,0.169844,0.116088,0.0636147,0.0124057,-0.342565,-0.157816,-0.0777743,0.0750663,0.278868,0.281141,0.130659,0.0476362,-1.29109,-0.74209,0.418341,-0.0108705,0.0551132,-0.0384534,-0.0208806,-0.333527,0.403349,29.8722,0.018741,10,0,183.692,156.837,129.409,106.708,86.6707,73.1826,64.3656,53.4818,0.167471,0.0482659,0.0305395,0.0196057,0.0170768,0.0118177,0.00653729,0.00336954
1.885,-2.94728e-08,4.77582e-07,0.949849,29.9998,-0.000297877,7.12493e-05,0.210289,-0.00433621,0.00846069,-0.0481806,-0.17647,-0.188826,-0.123995,-0.0696317,0.0555898,0.173723,0.20671,0.217056,0.172989,0.118546,0.0652356,0.0133932,-0.33684,-0.151287,-0.0738628,0.075825,0.276535,0.278868,0.129657,0.047264,-1.29114,-0.741819,0.418154,-0.0109808,0.0534565,-0.0364396,-0.0226788,-0.33052,0.402515,29.8606,0.0189865,10,0,183.721,156.842,129.416,106.72,86.6816,73.1906,64.3705,53.4841,0.164488,0.0472151,0.0298595,0.0188017,0.0163132,0.0113369,0.00625581,0.0032335
1.89,-2.75612e-08,4.74636e-07,0.949849,29.9998,-0.000297886,7.06116e-05,0.206611,-0.00763289,0.00486564,-0.0508244,-0.177354,-0.189236,-0.124426,-0.0699029,0.0574542,0.174118,0.207618,0.219249,0.176012,0.120914,0.0667989,0.0143493,-0.331129,-0.144833,-0.0699624,0.0766171,0.274262,0.276632,0.12867,0.0468965,-1.2912,-0.741556,0.417977,-0.0110987,0.0518126,-0.0344301,-0.0239834,-0.328486,0.40176,29.8492,0.0192226,10,0,183.74,156.844,129.421,106.727,86.6886,73.1957,64.3736,53.4856,0.162503,0.0465263,0.0294177,0.0182748,0.0158058,0.0110179,0.00606851,0.00314274
1.895,-2.56899e-08,4.71546e-07,0.949849,29.9998,-0.000297755,6.99566e-05,0.202985,-0.0108333,0.0013487,-0.0534172,-0.17821,-0.189618,-0.12483,-0.070159,0.0592648,0.174426,0.208416,0.221312,0.178913,0.123191,0.0683045,0.0152738,-0.325432,-0.138456,-0.0660749,0.0774406,0.272046,0.274433,0.127698,0.0465336,-1.29126,-0.741302,0.417811,-0.0112239,0.0501819,-0.0324258,-0.0256357,-0.325236,0.400494,29.8382,0.019449,10,0,183.767,156.847,129.427,106.737,86.6987,73.2032,64.3781,53.4878,0.159529,0.0455113,0.028773,0.0174995,0.0150476,0.0105421,0.00578832,0.00300658
1.9,-2.38602e-08,4.68317e-07,0.949849,29.9998,-0.000297486,6.92852e-05,0.199411,-0.0139389,-0.00209068,-0.0559589,-0.179038,-0.189971,-0.12521,-0.0704001,0.0610216,0.174647,0.209106,0.223244,0.181691,0.125378,0.0697522,0.0161666,-0.319753,-0.132155,-0.0622022,0.0782935,0.269886,0.27227,0.12674,0.0461752,-1.29131,-0.741055,0.417654,-0.0113562,0.048565,-0.0304275,-0.0268297,-0.323037,0.399464,29.8274,0.0196655,10,0,183.785,156.849,129.43,106.743,86.7052,73.2079,64.381,53.4892,0.157551,0.0448471,0.0283557,0.0169937,0.0145445,0.0102271,0.00560218,0.00291586
1.905,-2.20737e-08,4.64953e-07,0.949849,29.9998,-0.000297081,6.85983e-05,0.195889,-0.016951,-0.00545306,-0.0584497,-0.179839,-0.190297,-0.125564,-0.0706262,0.0627243,0.174782,0.209688,0.225047,0.184348,0.127474,0.0711418,0.0170275,-0.314093,-0.125933,-0.0583462,0.079174,0.267781,0.270142,0.125796,0.0458212,-1.29137,-0.740817,0.417507,-0.0114953,0.0469624,-0.0284362,-0.0283328,-0.319562,0.397777,29.817,0.0198721,10,0,183.811,156.85,129.434,106.751,86.7144,73.2148,64.3852,53.4913,0.154593,0.0438703,0.0277493,0.0162533,0.0137939,0.00975833,0.00532422,0.00277994
1.91,-2.03317e-08,4.61458e-07,0.949849,29.9998,-0.000296541,6.78965e-05,0.192418,-0.019871,-0.00873904,-0.0608896,-0.180611,-0.190595,-0.125893,-0.0708377,0.064373,0.174833,0.210162,0.22672,0.186882,0.129479,0.0724732,0.0178565,-0.308455,-0.11979,-0.0545084,0.0800803,0.265728,0.268049,0.124865,0.0454716,-1.29143,-0.740587,0.417371,-0.0116406,0.0453744,-0.0264527,-0.0294142,-0.317209,0.396478,29.8068,0.0200684,10,0,183.827,156.85,129.436,106.757,86.7204,73.2192,64.3878,53.4926,0.152628,0.0432324,0.0273585,0.0157731,0.0132966,0.0094487,0.0051399,0.00268951
1.915,-1.86354e-08,4.57837e-07,0.949849,29.9998,-0.000295867,6.71808e-05,0.188998,-0.0227002,-0.0119492,-0.0632786,-0.181355,-0.190866,-0.126198,-0.0710346,0.0659675,0.174799,0.210531,0.228265,0.189294,0.131392,0.0737463,0.0186534,-0.302839,-0.113726,-0.0506907,0.0810106,0.263728,0.26599,0.123948,0.0451263,-1.29149,-0.740364,0.417244,-0.0117921,0.0438017,-0.0244778,-0.0307659,-0.313526,0.394382,29.7969,0.0202545,10,0,183.851,156.849,129.439,106.764,86.7288,73.2255,64.3917,53.4945,0.149693,0.0422962,0.0267933,0.0150749,0.012556,0.00898923,0.00486522,0.00255423
1.92,-1.6986e-08,4.54094e-07,0.949849,29.9998,-0.000295062,6.64519e-05,0.18563,-0.0254401,-0.0150842,-0.0656169,-0.18207,-0.191109,-0.126479,-0.0712172,0.0675077,0.174683,0.210794,0.229682,0.191584,0.133215,0.0749612,0.0194182,-0.29725,-0.107743,-0.0468946,0.0819632,0.261777,0.263963,0.123044,0.0447851,-1.29155,-0.740149,0.417127,-0.0119492,0.0422444,-0.0225123,-0.0317331,-0.311032,0.392823,29.7873,0.0204302,10,0,183.867,156.848,129.44,106.769,86.7342,73.2295,64.3941,53.4958,0.147745,0.0416861,0.0264309,0.0146255,0.0120663,0.00868665,0.00468348,0.00246436
1.925,-1.53847e-08,4.50234e-07,0.949849,29.9998,-0.000294128,6.57106e-05,0.182311,-0.0280919,-0.0181447,-0.0679046,-0.182758,-0.191325,-0.126735,-0.0713855,0.0689936,0.174484,0.210953,0.230971,0.193752,0.134947,0.0761177,0.0201508,-0.291687,-0.101841,-0.0431216,0.0829363,0.259874,0.261969,0.122153,0.0444482,-1.29161,-0.739942,0.41702,-0.0121117,0.0407032,-0.0205571,-0.0329318,-0.307156,0.390332,29.778,0.0205955,10,0,183.889,156.845,129.441,106.775,86.7419,73.2353,64.3977,53.4976,0.14484,0.0407926,0.0259095,0.013978,0.0113387,0.00823916,0.00441332,0.00233014
1.93,-1.38324e-08,4.46262e-07,0.94985,29.9998,-0.000293065,6.49577e-05,0.179044,-0.0306572,-0.0211314,-0.0701418,-0.183417,-0.191514,-0.126968,-0.0715398,0.0704252,0.174204,0.211009,0.232134,0.195798,0.136588,0.0772159,0.0208512,-0.286152,-0.0960218,-0.0393734,0.0839284,0.258019,0.260006,0.121274,0.0441153,-1.29167,-0.739743,0.416922,-0.0122793,0.0391783,-0.0186129,-0.033784,-0.304533,0.388521,29.769,0.0207503,10,0,183.903,156.843,129.441,106.779,86.7467,73.2389,64.3999,53.4987,0.142914,0.0402118,0.0255771,0.0135655,0.0108588,0.00794562,0.00423507,0.00224114
1.935,-1.233e-08,4.4218e-07,0.94985,29.9998,-0.000291876,6.41938e-05,0.175826,-0.0331372,-0.0240448,-0.0723288,-0.184048,-0.191676,-0.127178,-0.0716802,0.0718025,0.173844,0.210963,0.233171,0.197723,0.138138,0.0782558,0.0215194,-0.280648,-0.0902846,-0.0356512,0.0849378,0.256209,0.258074,0.120408,0.0437864,-1.29173,-0.739551,0.416834,-0.0124516,0.0376701,-0.0166806,-0.0348289,-0.300481,0.385648,29.7602,0.0208946,10,0,183.924,156.838,129.441,106.784,86.7536,73.2441,64.4031,53.5004,0.140045,0.0393631,0.0251019,0.0129785,0.0101478,0.00751345,0.00397093,0.00210847
1.94,-1.08784e-08,4.37994e-07,0.94985,29.9998,-0.000290563,6.34198e-05,0.172658,-0.0355334,-0.0268859,-0.0744656,-0.184651,-0.191813,-0.127364,-0.0718069,0.0731255,0.173404,0.210815,0.234084,0.199528,0.139598,0.0792375,0.0221554,-0.275176,-0.0846304,-0.0319565,0.0859629,0.254444,0.256172,0.119553,0.0434614,-1.29179,-0.739367,0.416756,-0.0126282,0.036179,-0.0147608,-0.0355659,-0.297739,0.383593,29.7517,0.0210283,10,0,183.937,156.835,129.44,106.787,86.7579,73.2474,64.4051,53.5014,0.138146,0.0388127,0.0248009,0.0126099,0.00968037,0.0072314,0.0037973,0.00202068
1.945,-9.47842e-09,4.33707e-07,0.94985,29.9998,-0.000289128,6.26364e-05,0.169539,-0.0378472,-0.0296551,-0.0765527,-0.185226,-0.191923,-0.127528,-0.0719201,0.0743943,0.172886,0.210568,0.234872,0.201212,0.140968,0.080161,0.0227591,-0.269738,-0.0790597,-0.0282905,0.0870024,0.252721,0.2543,0.118711,0.0431403,-1.29185,-0.73919,0.416688,-0.0128089,0.0347054,-0.0128544,-0.0364568,-0.293527,0.380351,29.7435,0.0211515,10,0,183.956,156.828,129.438,106.791,86.7639,73.252,64.408,53.5029,0.13532,0.0380105,0.0243736,0.0120942,0.00899067,0.0068187,0.00354115,0.00189013
1.95,-8.13072e-09,4.29324e-07,0.94985,29.9998,-0.000287572,6.18442e-05,0.16647,-0.0400799,-0.0323534,-0.0785901,-0.185773,-0.192008,-0.12767,-0.0720199,0.0756089,0.172292,0.210222,0.235537,0.202776,0.142248,0.0810266,0.0233307,-0.264334,-0.0735729,-0.0246547,0.0880546,0.251041,0.252456,0.117879,0.0428231,-1.29192,-0.739021,0.416629,-0.0129933,0.0332495,-0.0109621,-0.037079,-0.290678,0.378061,29.7355,0.0212642,10,0,183.969,156.824,129.436,106.793,86.7677,73.2549,64.4098,53.5039,0.133452,0.0374916,0.0241051,0.0117771,0.00853949,0.00655129,0.00337365,0.00180398
1.955,-6.83594e-09,4.24849e-07,0.94985,29.9998,-0.000285898,6.1044e-05,0.16345,-0.042233,-0.0349814,-0.0805782,-0.186292,-0.192067,-0.12779,-0.0721067,0.0767694,0.171621,0.209779,0.236079,0.20422,0.143438,0.0818344,0.0238701,-0.258967,-0.0681703,-0.02105,0.0891182,0.2494,0.25064,0.11706,0.0425095,-1.29198,-0.738858,0.416579,-0.013181,0.0318116,-0.00908469,-0.0378165,-0.286322,0.374464,29.7278,0.0213663,10,0,183.986,156.816,129.433,106.796,86.7729,73.2589,64.4124,53.5053,0.130676,0.0367375,0.023727,0.0113444,0.00787773,0.00616337,0.00312812,0.00167628
1.96,-5.59463e-09,4.20285e-07,0.94985,29.9998,-0.000284107,6.02363e-05,0.160477,-0.0443078,-0.0375399,-0.0825172,-0.186783,-0.192101,-0.127888,-0.0721804,0.0778761,0.170875,0.20924,0.236501,0.205546,0.144538,0.0825846,0.0243774,-0.253638,-0.0628522,-0.0174778,0.0901917,0.247799,0.248852,0.116251,0.0421997,-1.29205,-0.738703,0.416539,-0.0133718,0.0303921,-0.00722278,-0.0383246,-0.283376,0.371948,29.7203,0.021458,10,0,183.997,156.81,129.43,106.797,86.7761,73.2614,64.4139,53.5061,0.128844,0.036251,0.0234916,0.0110864,0.00744805,0.00591463,0.00296883,0.00159232
1.965,-4.40727e-09,4.15637e-07,0.94985,29.9998,-0.000282201,5.94219e-05,0.157553,-0.0463057,-0.0400296,-0.0844074,-0.187246,-0.19211,-0.127964,-0.0722415,0.0789289,0.170055,0.208605,0.236803,0.206753,0.14555,0.0832773,0.0248527,-0.248348,-0.0576189,-0.0139391,0.091274,0.246236,0.247091,0.115453,0.0418935,-1.29212,-0.738555,0.416508,-0.0135652,0.0289912,-0.0053771,-0.0389101,-0.27889,0.36801,29.7131,0.0215392,10,0,184.012,156.801,129.425,106.799,86.7806,73.2649,64.4162,53.5073,0.126125,0.035546,0.0231634,0.0107478,0.00682392,0.00555842,0.00273767,0.00146844
1.97,-3.27427e-09,4.10909e-07,0.94985,29.9998,-0.000280184,5.86015e-05,0.154677,-0.0482281,-0.0424515,-0.0862492,-0.187681,-0.192094,-0.12802,-0.0722899,0.0799281,0.169162,0.207877,0.236986,0.207843,0.146474,0.0839128,0.0252962,-0.243098,-0.0524706,-0.0104349,0.0923635,0.244709,0.245356,0.114665,0.0415908,-1.29219,-0.738414,0.416486,-0.0137611,0.0276091,-0.00354836,-0.0393055,-0.275858,0.365277,29.7062,0.02161,10,0,184.022,156.794,129.422,106.8,86.7833,73.2671,64.4175,53.5081,0.124333,0.0350925,0.0229613,0.0105559,0.00642368,0.00533357,0.0025896,0.00138744
1.975,-2.196e-09,4.06105e-07,0.94985,29.9998,-0.000278056,5.77755e-05,0.151848,-0.0500764,-0.0448062,-0.0880429,-0.188089,-0.192055,-0.128055,-0.072326,0.0808738,0.168198,0.207056,0.237051,0.208816,0.14731,0.0844914,0.0257078,-0.23789,-0.0474074,-0.00696622,0.0934591,0.243218,0.243646,0.113888,0.0412916,-1.29226,-0.73828,0.416473,-0.0139589,0.0262462,-0.0017372,-0.0397406,-0.271256,0.361013,29.6994,0.0216705,10,0,184.036,156.783,129.415,106.8,86.7869,73.27,64.4194,53.5092,0.121677,0.0344374,0.0226829,0.0103205,0.005852,0.00501792,0.00237832,0.00126878
1.98,-1.17272e-09,4.01228e-07,0.94985,29.9998,-0.00027582,5.69447e-05,0.149066,-0.051852,-0.0470945,-0.0897887,-0.18847,-0.191991,-0.128069,-0.0723499,0.0817663,0.167163,0.206145,0.236999,0.209673,0.148058,0.0850134,0.0260877,-0.232724,-0.0424293,-0.00353406,0.0945596,0.241762,0.241961,0.113122,0.0409959,-1.29233,-0.738152,0.416469,-0.0141585,0.0249026,5.57064e-05,-0.0400252,-0.268148,0.358073,29.693,0.0217208,10,0,184.045,156.775,129.411,106.8,86.7891,73.2718,64.4206,53.5099,0.11993,0.0340174,0.0225138,0.0101994,0.00549356,0.00482361,0.00224595,0.00119189
1.985,-2.04658e-10,3.96282e-07,0.94985,29.9998,-0.000273478,5.61097e-05,0.14633,-0.0535562,-0.0493174,-0.0914872,-0.188823,-0.191904,-0.128064,-0.0723619,0.0826057,0.16606,0.205144,0.236833,0.210415,0.148719,0.0854791,0.0264361,-0.227602,-0.0375366,-0.000139299,0.0956637,0.240338,0.240301,0.112365,0.0407035,-1.2924,-0.738031,0.416475,-0.0143595,0.0235786,0.00182973,-0.0403125,-0.263446,0.353496,29.6867,0.0217609,10,0,184.057,156.762,129.403,106.799,86.792,73.2742,64.4221,53.5109,0.117345,0.0334124,0.0222845,0.0100721,0.00499754,0.00455949,0.00206275,0.00108062
1.99,7.08039e-10,3.91271e-07,0.94985,29.9998,-0.000271033,5.5271e-05,0.143641,-0.0551904,-0.0514756,-0.0931387,-0.18915,-0.191794,-0.128039,-0.0723621,0.0833924,0.164888,0.204055,0.236552,0.211042,0.149295,0.0858887,0.0267531,-0.222525,-0.0327291,0.00321723,0.0967703,0.238947,0.238665,0.111617,0.0404145,-1.29247,-0.737917,0.416488,-0.0145616,0.0222743,0.00358423,-0.0404886,-0.260271,0.350358,29.6807,0.0217909,10,0,184.065,156.753,129.398,106.799,86.7936,73.2756,64.4231,53.5114,0.115646,0.0330259,0.0221477,0.0100233,0.00470007,0.0044036,0.00195265,0.00100967
1.995,1.56528e-09,3.86198e-07,0.94985,29.9998,-0.000268486,5.44291e-05,0.140997,-0.056756,-0.0535699,-0.0947435,-0.189449,-0.19166,-0.127995,-0.0723507,0.0841266,0.16365,0.202879,0.236159,0.211556,0.149784,0.0862428,0.0270389,-0.217494,-0.0280068,0.00653471,0.0978783,0.237587,0.237051,0.11088,0.0401286,-1.29254,-0.737809,0.416511,-0.0147644,0.0209899,0.00531862,-0.040631,-0.255481,0.345485,29.6749,0.0218109,10,0,184.076,156.739,129.389,106.797,86.7957,73.2775,64.4243,53.5123,0.113138,0.0324711,0.0219658,0.0100033,0.00431471,0.00420341,0.00180915,0.000909313
2,2.36702e-09,3.81067e-07,0.94985,29.9998,-0.00026584,5.35847e-05,0.138399,-0.0582543,-0.0556013,-0.0963021,-0.189723,-0.191505,-0.127932,-0.0723279,0.0848085,0.162347,0.201618,0.235655,0.211958,0.150189,0.0865417,0.0272937,-0.212509,-0.0233696,0.00981239,0.0989867,0.236256,0.235461,0.110151,0.039846,-1.29262,-0.737708,0.416543,-0.0149677,0.0197257,0.0070323,-0.0407012,-0.252249,0.342157,29.6694,0.0218211,10,0,184.083,156.73,129.383,106.795,86.7969,73.2785,64.4251,53.5128,0.111493,0.0321178,0.0218598,0.0100243,0.00410551,0.00409421,0.00173016,0.000847339
2.005,3.11331e-09,3.75883e-07,0.94985,29.9998,-0.000263096,5.27383e-05,0.135845,-0.0596866,-0.0575705,-0.0978149,-0.189969,-0.191327,-0.12785,-0.072294,0.0854385,0.160979,0.200273,0.235041,0.212248,0.150509,0.0867858,0.0275176,-0.207572,-0.0188175,0.0130496,0.100094,0.234955,0.233892,0.109432,0.0395666,-1.29269,-0.737613,0.416582,-0.0151711,0.0184817,0.00872468,-0.0407021,-0.247384,0.337002,29.664,0.0218215,10,0,184.092,156.714,129.373,106.793,86.7982,73.2799,64.426,53.5134,0.109068,0.0316125,0.0217231,0.0101046,0.0038755,0.00396949,0.00164049,0.000763749
2.01,3.80421e-09,3.70647e-07,0.94985,29.9998,-0.000260258,5.18904e-05,0.133336,-0.0610544,-0.0594785,-0.0992823,-0.19019,-0.191127,-0.12775,-0.0722492,0.0860169,0.159549,0.198845,0.234318,0.212427,0.150746,0.0869755,0.0277108,-0.202683,-0.0143503,0.0162455,0.1012,0.233682,0.232346,0.108721,0.0392902,-1.29277,-0.737524,0.416631,-0.0153743,0.0172581,0.0103952,-0.0406695,-0.244104,0.333496,29.6589,0.0218123,10,0,184.097,156.703,129.365,106.791,86.7989,73.2806,64.4265,53.5139,0.10748,0.0312919,0.0216463,0.0101889,0.00378392,0.00391354,0.00160182,0.000715682
2.015,4.43987e-09,3.65364e-07,0.94985,29.9998,-0.000257328,5.10415e-05,0.13087,-0.062359,-0.061326,-0.100705,-0.190385,-0.190906,-0.127632,-0.0721936,0.0865441,0.158057,0.197338,0.233489,0.212498,0.1509,0.0871113,0.0278737,-0.197844,-0.00996764,0.0193997,0.102304,0.232436,0.23082,0.108019,0.0390168,-1.29285,-0.737441,0.416687,-0.0155771,0.016055,0.0120433,-0.040533,-0.239177,0.328074,29.654,0.0217935,10,0,184.105,156.686,129.354,106.787,86.7995,73.2814,64.4272,53.5144,0.105145,0.0308351,0.0215516,0.0103577,0.00374466,0.00387128,0.00157741,0.000657871
2.02,5.02047e-09,3.60038e-07,0.94985,29.9998,-0.000254308,5.01922e-05,0.128448,-0.0636016,-0.063114,-0.102083,-0.190554,-0.190663,-0.127497,-0.0721275,0.0870204,0.156505,0.195751,0.232555,0.21246,0.150972,0.0871937,0.0280063,-0.193054,-0.00566944,0.0225115,0.103403,0.231215,0.229315,0.107326,0.0387465,-1.29293,-0.737364,0.416752,-0.0157792,0.0148726,0.0136685,-0.0404009,-0.235858,0.324398,29.6493,0.0217654,10,0,184.109,156.675,129.346,106.784,86.7997,73.2817,64.4275,53.5147,0.103619,0.0305463,0.0215018,0.0104961,0.00378334,0.00387073,0.00158366,0.000630537
2.025,5.54628e-09,3.5467e-07,0.94985,29.9998,-0.000251199,4.93428e-05,0.126069,-0.0647836,-0.0648434,-0.103417,-0.190698,-0.1904,-0.127344,-0.072051,0.0874462,0.154895,0.194086,0.231516,0.212315,0.150963,0.0872231,0.028109,-0.188315,-0.00145539,0.0255803,0.104498,0.23002,0.227829,0.106641,0.038479,-1.29301,-0.737292,0.416825,-0.0159802,0.0137109,0.0152703,-0.0401313,-0.230881,0.318726,29.6448,0.021728,10,0,184.115,156.657,129.334,106.779,86.7996,73.282,64.4278,53.5151,0.101378,0.0301364,0.0214457,0.0107385,0.00393121,0.00390984,0.00162512,0.000608702
2.03,6.01757e-09,3.49266e-07,0.94985,29.9998,-0.000248006,4.84939e-05,0.123733,-0.0659064,-0.066515,-0.104708,-0.190817,-0.190117,-0.127175,-0.0719644,0.0878218,0.153227,0.192346,0.230376,0.212065,0.150874,0.0872002,0.0281821,-0.183628,0.00267483,0.0286057,0.105588,0.228849,0.226364,0.105964,0.0382144,-1.29309,-0.737227,0.416905,-0.0161799,0.0125701,0.0168481,-0.0399035,-0.227531,0.31489,29.6405,0.0216815,10,0,184.119,156.644,129.325,106.776,86.7993,73.2821,64.4279,53.5154,0.099918,0.0298782,0.0214203,0.0109207,0.00408258,0.00396102,0.00167222,0.000607592
2.035,6.4347e-09,3.43828e-07,0.94985,29.9999,-0.00024473,4.76459e-05,0.121439,-0.0669711,-0.0681297,-0.105955,-0.190911,-0.189813,-0.126989,-0.0718679,0.0881478,0.151503,0.190531,0.229135,0.21171,0.150705,0.0871254,0.0282257,-0.178992,0.00672156,0.0315872,0.106672,0.227702,0.224917,0.105295,0.0379527,-1.29317,-0.737167,0.416994,-0.016378,0.0114502,0.0184015,-0.0395055,-0.222516,0.308982,29.6364,0.021626,10,0,184.123,156.625,129.311,106.77,86.7984,73.2819,64.428,53.5157,0.0977786,0.0295131,0.0213989,0.011221,0.00437451,0.00407203,0.00176783,0.000625547
2.04,6.79805e-09,3.38358e-07,0.94985,29.9999,-0.000241373,4.67993e-05,0.119186,-0.0679792,-0.0696885,-0.10716,-0.19098,-0.18949,-0.126787,-0.0717617,0.0884246,0.149725,0.188644,0.227795,0.211252,0.150458,0.0869993,0.0282401,-0.174408,0.0106852,0.0345244,0.107748,0.226576,0.223489,0.104634,0.0376937,-1.29325,-0.737113,0.41709,-0.0165742,0.0103512,0.0199299,-0.039186,-0.219142,0.304996,29.6325,0.0215618,10,0,184.126,156.612,129.302,106.766,86.7977,73.2816,64.4279,53.5158,0.0963873,0.029284,0.0213951,0.0114369,0.00460409,0.00416657,0.00184554,0.000649353
2.045,7.10807e-09,3.32862e-07,0.94985,29.9999,-0.000237938,4.59545e-05,0.116975,-0.0689319,-0.0711921,-0.108323,-0.191025,-0.189148,-0.12657,-0.071646,0.0886525,0.147894,0.186685,0.226358,0.210691,0.150133,0.0868225,0.0282258,-0.169878,0.0145661,0.0374168,0.108817,0.225473,0.222079,0.10398,0.0374374,-1.29333,-0.737064,0.417194,-0.0167683,0.00927335,0.0214331,-0.0386647,-0.214101,0.298868,29.6288,0.0214888,10,0,184.128,156.591,129.287,106.76,86.7962,73.2809,64.4276,53.516,0.0943541,0.0289612,0.0214039,0.0117804,0.00498823,0.00433498,0.00197872,0.000699753
2.05,7.36523e-09,3.2734e-07,0.94985,29.9999,-0.000234427,4.51119e-05,0.114804,-0.0698305,-0.0726416,-0.109445,-0.191046,-0.188787,-0.126337,-0.0715211,0.0888321,0.146011,0.184657,0.224826,0.21003,0.149732,0.0865956,0.0281828,-0.165401,0.0183647,0.0402642,0.109877,0.22439,0.220687,0.103334,0.0371838,-1.29342,-0.737021,0.417305,-0.01696,0.00821655,0.0229104,-0.0382576,-0.210712,0.294743,29.6252,0.0214074,10,0,184.13,156.577,129.277,106.755,86.7949,73.2802,64.4274,53.516,0.0930353,0.0287594,0.0214189,0.0120206,0.00526463,0.00446258,0.00207632,0.000741228
2.055,7.57007e-09,3.21798e-07,0.94985,29.9999,-0.000230844,4.42719e-05,0.112673,-0.0706762,-0.0740377,-0.110526,-0.191044,-0.188407,-0.126089,-0.071387,0.0889639,0.144077,0.182562,0.223199,0.20927,0.149255,0.0863192,0.0281117,-0.160978,0.0220816,0.0430661,0.110928,0.223327,0.219312,0.102695,0.0369328,-1.2935,-0.736983,0.417424,-0.0171491,0.00718087,0.0243615,-0.0376183,-0.205654,0.288411,29.6219,0.0213176,10,0,184.131,156.555,129.261,106.747,86.7927,73.279,64.4268,53.5161,0.0911131,0.028476,0.0214536,0.0123943,0.00570108,0.00467305,0.00223268,0.000812258
2.06,7.72314e-09,3.16237e-07,0.94985,29.9999,-0.000227189,4.34349e-05,0.110582,-0.0714702,-0.0753814,-0.111566,-0.191018,-0.188009,-0.125826,-0.0712441,0.0890483,0.142095,0.180401,0.221481,0.208413,0.148704,0.0859939,0.0280127,-0.156609,0.0257171,0.0458224,0.111969,0.222283,0.217954,0.102063,0.0366844,-1.29359,-0.736949,0.417549,-0.0173353,0.00616633,0.0257861,-0.0371281,-0.202257,0.284156,29.6187,0.0212197,10,0,184.132,156.541,129.251,106.742,86.7911,73.2781,64.4264,53.5161,0.0898697,0.0282995,0.0214843,0.0126508,0.00600262,0.00482398,0.00234197,0.000864035
2.065,7.82505e-09,3.1066e-07,0.94985,29.9999,-0.000223466,4.26013e-05,0.10853,-0.072214,-0.0766737,-0.112566,-0.19097,-0.187593,-0.125549,-0.0710925,0.089086,0.140065,0.178175,0.219673,0.207458,0.148079,0.0856204,0.027886,-0.152295,0.0292718,0.0485328,0.113,0.221258,0.216612,0.101438,0.0364385,-1.29368,-0.736921,0.417682,-0.0175183,0.00517293,0.0271836,-0.0363766,-0.197193,0.277635,29.6157,0.0211138,10,0,184.132,156.518,129.234,106.734,86.7882,73.2765,64.4255,53.516,0.0880627,0.0280523,0.0215403,0.0130438,0.00646542,0.00506306,0.0025113,0.000946366
2.07,7.87646e-09,3.05071e-07,0.94985,29.9999,-0.000219677,4.17714e-05,0.106517,-0.0729085,-0.0779153,-0.113527,-0.190898,-0.187161,-0.125258,-0.0709324,0.0890773,0.13799,0.175887,0.217776,0.206409,0.147382,0.0851994,0.0277322,-0.148036,0.0327463,0.0511971,0.114019,0.220251,0.215286,0.10082,0.0361951,-1.29376,-0.736898,0.417822,-0.017698,0.00420069,0.0285538,-0.0358077,-0.193795,0.273261,29.6129,0.021,10,0,184.131,156.503,129.223,106.728,86.7861,73.2752,64.4249,53.5159,0.0868972,0.0278987,0.0215838,0.0133099,0.00677848,0.00522925,0.00262675,0.00100348
2.075,7.87804e-09,2.99471e-07,0.94985,29.9999,-0.000215825,4.09456e-05,0.104542,-0.0735552,-0.0791072,-0.11445,-0.190805,-0.186711,-0.124954,-0.0707641,0.089023,0.13587,0.173538,0.215792,0.205267,0.146614,0.0847316,0.0275515,-0.143832,0.0361412,0.053815,0.115027,0.21926,0.213976,0.100208,0.0359541,-1.29385,-0.73688,0.417968,-0.0178741,0.00324959,0.0298962,-0.0349498,-0.188735,0.266567,29.6102,0.0208787,10,0,184.13,156.479,129.205,106.719,86.7826,73.2731,64.4238,53.5157,0.0852088,0.0276842,0.0216568,0.0137131,0.00725153,0.00548628,0.00280233,0.00109133
2.08,7.83051e-09,2.93865e-07,0.94985,29.9999,-0.000211912,4.01242e-05,0.102605,-0.0741551,-0.0802504,-0.115334,-0.190689,-0.186244,-0.124636,-0.0705877,0.0889234,0.133707,0.17113,0.213724,0.204033,0.145775,0.0842176,0.0273443,-0.139683,0.039457,0.0563864,0.116022,0.218286,0.212681,0.0996029,0.0357155,-1.29394,-0.736866,0.418121,-0.0180463,0.00231961,0.0312106,-0.0343071,-0.185343,0.262084,29.6077,0.0207498,10,0,184.129,156.463,129.193,106.712,86.7801,73.2716,64.423,53.5155,0.0841234,0.0275512,0.0217101,0.0139834,0.00756764,0.00566155,0.00292032,0.00115083
2.085,7.73462e-09,2.88254e-07,0.94985,29.9999,-0.00020794,3.93075e-05,0.100705,-0.0747095,-0.0813456,-0.11618,-0.190552,-0.185762,-0.124305,-0.0704035,0.0887793,0.131502,0.168664,0.211573,0.202709,0.144867,0.0836582,0.0271109,-0.13559,0.0426943,0.0589112,0.117005,0.217327,0.2114,0.099004,0.0354793,-1.29403,-0.736857,0.418281,-0.0182146,0.00141072,0.0324967,-0.0333488,-0.180295,0.255233,29.6054,0.0206137,10,0,184.126,156.438,129.175,106.703,86.776,73.269,64.4216,53.5152,0.0825562,0.0273657,0.0217959,0.0143895,0.00804081,0.00592848,0.00309777,0.00124081
2.09,7.59115e-09,2.82642e-07,0.94985,29.9999,-0.000203913,3.84959e-05,0.0988417,-0.0752196,-0.0823938,-0.116989,-0.190394,-0.185263,-0.123961,-0.0702117,0.0885911,0.129257,0.166144,0.209341,0.201296,0.143892,0.0830541,0.0268518,-0.131553,0.0458539,0.0613894,0.117974,0.216383,0.210134,0.0984112,0.0352453,-1.29413,-0.736852,0.418447,-0.0183786,0.000522887,0.033754,-0.0326371,-0.176916,0.25065,29.6032,0.0204706,10,0,184.124,156.422,129.162,106.696,86.7731,73.2672,64.4206,53.5149,0.0815523,0.0272508,0.0218563,0.0146597,0.00835458,0.0061082,0.00321594,0.00130097
2.095,7.40093e-09,2.77031e-07,0.94985,29.9999,-0.000199832,3.76897e-05,0.0970146,-0.0756865,-0.0833959,-0.117762,-0.190215,-0.184749,-0.123605,-0.0700124,0.0883596,0.126974,0.163569,0.207031,0.199796,0.142849,0.082406,0.0265673,-0.127572,0.0489363,0.0638208,0.118929,0.215454,0.208882,0.0978244,0.0350137,-1.29422,-0.736852,0.418619,-0.0185381,-0.000343947,0.0349824,-0.0315846,-0.17189,0.243658,29.6011,0.0203205,10,0,184.119,156.396,129.143,106.685,86.7684,73.2642,64.419,53.5145,0.0801079,0.0270905,0.0219508,0.0150628,0.00882132,0.00637909,0.00339236,0.00139106
2.1,7.16479e-09,2.71423e-07,0.94985,29.9999,-0.0001957,3.6889e-05,0.0952231,-0.0761114,-0.0843527,-0.118499,-0.190015,-0.18422,-0.123238,-0.0698058,0.0880853,0.124654,0.160943,0.204643,0.19821,0.141742,0.0817147,0.0262579,-0.123648,0.0519423,0.0662054,0.11987,0.214538,0.207644,0.0972435,0.0347842,-1.29431,-0.736856,0.418797,-0.0186931,-0.00118984,0.0361815,-0.0308087,-0.168529,0.238986,29.5992,0.0201638,10,0,184.116,156.379,129.13,106.678,86.7651,73.2621,64.4179,53.5141,0.0791862,0.0269912,0.0220158,0.0153293,0.00912919,0.00655986,0.00350912,0.00145082
2.105,6.88361e-09,2.65821e-07,0.94985,29.9999,-0.00019152,3.60944e-05,0.0934668,-0.0764954,-0.0852653,-0.1192,-0.189795,-0.183677,-0.122858,-0.0695922,0.0877689,0.122298,0.158266,0.202179,0.196541,0.140569,0.0809811,0.0259239,-0.119779,0.0548725,0.0685432,0.120797,0.213635,0.206419,0.0966683,0.034557,-1.2944,-0.736865,0.418981,-0.0188432,-0.00201484,0.0373511,-0.0296685,-0.163534,0.231868,29.5975,0.0200006,10,0,184.111,156.353,129.11,106.666,86.7598,73.2587,64.416,53.5136,0.0778654,0.0268523,0.0221152,0.0157248,0.00958511,0.0068303,0.00368253,0.00153977
2.11,6.55829e-09,2.60227e-07,0.94985,29.9999,-0.000187293,3.53058e-05,0.0917452,-0.0768396,-0.0861343,-0.119867,-0.189555,-0.183119,-0.122468,-0.0693718,0.087411,0.119908,0.155541,0.199643,0.19479,0.139334,0.0802057,0.0255658,-0.115967,0.0577277,0.0708342,0.121708,0.212745,0.205206,0.0960988,0.0343318,-1.2945,-0.736877,0.419171,-0.0189883,-0.00281905,0.0384909,-0.0288334,-0.160197,0.227118,29.5959,0.0198311,10,0,184.107,156.335,129.096,106.658,86.7561,73.2563,64.4147,53.5132,0.0770259,0.026766,0.0221823,0.0159849,0.00988466,0.0070096,0.00379678,0.00159847
2.115,6.18975e-09,2.54644e-07,0.94985,29.9999,-0.000183023,3.45238e-05,0.0900577,-0.0771452,-0.0869608,-0.120499,-0.189296,-0.182547,-0.122066,-0.0691447,0.0870122,0.117485,0.152769,0.197035,0.192958,0.138037,0.0793896,0.0251839,-0.112211,0.0605086,0.0730784,0.122603,0.211867,0.204007,0.0955347,0.0341088,-1.29459,-0.736893,0.419367,-0.0191283,-0.00360253,0.0396008,-0.0276117,-0.15524,0.21989,29.5944,0.0196555,10,0,184.1,156.308,129.076,106.646,86.7503,73.2526,64.4126,53.5125,0.0758279,0.0266448,0.0222832,0.0163689,0.0103267,0.00727633,0.0039658,0.00168545
2.12,5.77895e-09,2.49075e-07,0.94985,29.9999,-0.000178713,3.37483e-05,0.088404,-0.0774133,-0.0877456,-0.121098,-0.189018,-0.181962,-0.121654,-0.0689112,0.0865733,0.115031,0.149953,0.194359,0.191048,0.13668,0.0785334,0.0247787,-0.108512,0.063216,0.075276,0.123483,0.211,0.20282,0.0949759,0.0338878,-1.29469,-0.736913,0.419568,-0.0192629,-0.00436539,0.0406805,-0.0267224,-0.151932,0.21507,29.5931,0.019474,10,0,184.095,156.29,129.062,106.638,86.7462,73.2499,64.4111,53.512,0.0750699,0.026569,0.0223503,0.0166203,0.0106162,0.00745227,0.00407676,0.00174264
2.125,5.32686e-09,2.4352e-07,0.94985,29.9999,-0.000174363,3.29798e-05,0.0867833,-0.0776449,-0.0884896,-0.121664,-0.188721,-0.181363,-0.121231,-0.0686714,0.0860948,0.112548,0.147093,0.191615,0.189061,0.135263,0.0776379,0.0243507,-0.104868,0.0658507,0.077427,0.124346,0.210144,0.201645,0.0944223,0.0336689,-1.29479,-0.736937,0.419774,-0.0193921,-0.00510771,0.0417298,-0.0254258,-0.147022,0.207748,29.5919,0.0192869,10,0,184.087,156.262,129.041,106.625,86.7399,73.2458,64.4088,53.5113,0.073993,0.0264618,0.0224497,0.0169898,0.0110421,0.00771282,0.00424037,0.0018271
2.13,4.83447e-09,2.37983e-07,0.94985,29.9999,-0.000169977,3.22184e-05,0.0851954,-0.0778412,-0.0891936,-0.122198,-0.188406,-0.180752,-0.120799,-0.0684256,0.0855776,0.110036,0.144192,0.188805,0.186998,0.133788,0.0767041,0.0239002,-0.101281,0.0684133,0.0795315,0.125193,0.209298,0.200481,0.0938739,0.0334519,-1.29488,-0.736965,0.419986,-0.0195156,-0.00582962,0.0427485,-0.0244872,-0.143749,0.202869,29.5908,0.0190944,10,0,184.082,156.244,129.026,106.617,86.7355,73.2429,64.4072,53.5107,0.0733147,0.0263942,0.0225147,0.0172307,0.0113203,0.00788399,0.00434746,0.00188246
2.135,4.30279e-09,2.32466e-07,0.94985,29.9999,-0.000165558,3.14643e-05,0.0836396,-0.0780031,-0.0898585,-0.122699,-0.188072,-0.180128,-0.120357,-0.0681738,0.0850223,0.107497,0.141252,0.185933,0.184863,0.132256,0.0757328,0.0234277,-0.0977504,0.0709048,0.0815896,0.126023,0.208462,0.199329,0.0933304,0.0332369,-1.29498,-0.736996,0.420202,-0.0196334,-0.00653121,0.0437366,-0.0231222,-0.138891,0.195468,29.5899,0.0188966,10,0,184.073,156.216,129.004,106.603,86.7286,73.2383,64.4046,53.5099,0.0723559,0.0262975,0.0226097,0.0175833,0.0117285,0.00813649,0.00450493,0.001964
2.14,3.73287e-09,2.26971e-07,0.94985,29.9999,-0.000161107,3.07178e-05,0.0821155,-0.0781318,-0.0904852,-0.123169,-0.187722,-0.179493,-0.119905,-0.0679164,0.0844295,0.104934,0.138275,0.182999,0.182655,0.13067,0.0747247,0.0229338,-0.0942755,0.073326,0.0836016,0.126836,0.207636,0.198188,0.0927918,0.0330238,-1.29508,-0.73703,0.420423,-0.0197452,-0.00721262,0.0446937,-0.0221394,-0.135658,0.190541,29.5891,0.0186939,10,0,184.066,156.197,128.989,106.594,86.7239,73.2352,64.4029,53.5093,0.0717549,0.0262357,0.0226709,0.0178122,0.0119944,0.00830178,0.00460772,0.00201731
2.145,3.12574e-09,2.21499e-07,0.94985,29.9999,-0.000156628,2.99789e-05,0.0806225,-0.0782281,-0.0910745,-0.123609,-0.187354,-0.178845,-0.119445,-0.0676535,0.0838001,0.102347,0.135261,0.180006,0.180378,0.129029,0.0736807,0.0224187,-0.0908566,0.0756776,0.0855675,0.127632,0.206818,0.197057,0.0922579,0.0328126,-1.29518,-0.737068,0.420649,-0.019851,-0.00787398,0.0456199,-0.0207124,-0.130861,0.183075,29.5884,0.0184863,10,0,184.056,156.168,128.967,106.58,86.7166,73.2303,64.4001,53.5083,0.0709097,0.0261462,0.0227591,0.0181459,0.0123837,0.0085448,0.00475848,0.00209564
2.15,2.48248e-09,2.16054e-07,0.94985,29.9999,-0.000152122,2.9248e-05,0.0791602,-0.0782933,-0.0916272,-0.124019,-0.186969,-0.178187,-0.118976,-0.0673852,0.0831347,0.099737,0.132214,0.176956,0.178033,0.127335,0.0726018,0.0218831,-0.0874934,0.0779606,0.0874877,0.128409,0.206009,0.195937,0.0917287,0.0326033,-1.29528,-0.737109,0.42088,-0.0199506,-0.00851541,0.046515,-0.0196903,-0.127671,0.178109,29.5878,0.0182742,10,0,184.049,156.149,128.952,106.571,86.7116,73.227,64.3982,53.5077,0.0703828,0.0260882,0.022815,0.0183617,0.0126367,0.00870336,0.00485665,0.00214673
2.155,1.80417e-09,2.10636e-07,0.94985,29.9999,-0.000147593,2.85251e-05,0.077728,-0.0783282,-0.0921443,-0.124399,-0.186568,-0.177517,-0.118498,-0.0671118,0.0824342,0.0971067,0.129134,0.173851,0.175622,0.125591,0.0714888,0.0213273,-0.0841858,0.0801757,0.0893622,0.129169,0.205207,0.194828,0.091204,0.0323957,-1.29538,-0.737154,0.421115,-0.020044,-0.00913706,0.0473788,-0.0182078,-0.12294,0.170595,29.5873,0.0180578,10,0,184.038,156.12,128.929,106.556,86.7038,73.2218,64.3952,53.5066,0.0696456,0.0260028,0.022894,0.018675,0.0130061,0.00893577,0.00500026,0.00222162
2.16,1.0919e-09,2.05248e-07,0.94985,29.9999,-0.000143041,2.78104e-05,0.0763255,-0.0783339,-0.0926265,-0.12475,-0.186151,-0.176837,-0.118013,-0.0668335,0.0816991,0.094457,0.126024,0.170693,0.173147,0.123796,0.0703425,0.0207518,-0.0809335,0.0823238,0.0911914,0.129911,0.204414,0.193728,0.0906838,0.0321899,-1.29548,-0.737201,0.421354,-0.0201309,-0.00973908,0.0482114,-0.0171512,-0.119799,0.1656,29.5869,0.0178373,10,0,184.03,156.1,128.914,106.547,86.6984,73.2182,64.3932,53.5059,0.0691887,0.0259466,0.0229432,0.0188766,0.0132455,0.00908695,0.00509354,0.00227036
2.165,3.46783e-10,1.99891e-07,0.94985,29.9999,-0.000138471,2.7104e-05,0.0749522,-0.0783112,-0.0930746,-0.125072,-0.185718,-0.176147,-0.117519,-0.0665504,0.0809304,0.0917895,0.122885,0.167483,0.170609,0.121953,0.0691639,0.0201572,-0.0777365,0.0844058,0.0929755,0.130635,0.203627,0.192638,0.0901678,0.0319859,-1.29558,-0.737251,0.421597,-0.0202114,-0.0103216,0.0490126,-0.0156197,-0.115141,0.158052,29.5866,0.017613,10,0,184.017,156.071,128.89,106.532,86.6902,73.2127,64.3901,53.5047,0.068553,0.0258624,0.0230113,0.0191682,0.0135943,0.00930788,0.00522967,0.00234166
2.17,-4.30066e-10,1.94568e-07,0.94985,29.9999,-0.000133884,2.64061e-05,0.0736076,-0.0782613,-0.0934895,-0.125367,-0.18527,-0.175446,-0.117018,-0.0662627,0.0801286,0.0891055,0.119719,0.164225,0.168011,0.120062,0.0679538,0.0195438,-0.0745943,0.0864226,0.0947147,0.131341,0.202847,0.191558,0.0896561,0.0317836,-1.29568,-0.737304,0.421845,-0.0202853,-0.0108849,0.0497824,-0.0145334,-0.112052,0.153037,29.5865,0.017385,10,0,184.009,156.051,128.875,106.522,86.6846,73.2089,64.3879,53.504,0.0681611,0.0258061,0.0230526,0.019355,0.0138198,0.00945116,0.00531787,0.00238795
2.175,-1.23752e-09,1.89279e-07,0.94985,29.9999,-0.000129282,2.57169e-05,0.0722912,-0.0781849,-0.0938721,-0.125635,-0.184807,-0.174737,-0.11651,-0.0659706,0.0792947,0.0864066,0.116529,0.16092,0.165354,0.118126,0.0667131,0.0189122,-0.0715068,0.088375,0.0964094,0.132028,0.202073,0.190487,0.0891486,0.031583,-1.29578,-0.73736,0.422096,-0.0203526,-0.0114289,0.0505207,-0.0129593,-0.107471,0.14547,29.5864,0.0171536,10,0,183.995,156.021,128.851,106.506,86.676,73.2031,64.3846,53.5027,0.0676193,0.0257207,0.0231081,0.0196239,0.0141474,0.00965991,0.00544626,0.00245551
2.18,-2.07443e-09,1.84027e-07,0.94985,29.9999,-0.000124668,2.50363e-05,0.0710025,-0.078083,-0.0942229,-0.125877,-0.18433,-0.174018,-0.115995,-0.0656742,0.0784294,0.0836941,0.113315,0.15757,0.16264,0.116146,0.0654428,0.0182629,-0.0684736,0.0902639,0.0980599,0.132696,0.201306,0.189424,0.088645,0.031384,-1.29589,-0.737419,0.42235,-0.0204131,-0.011954,0.0512276,-0.011848,-0.104438,0.140445,29.5864,0.0169191,10,0,183.986,156.001,128.835,106.496,86.6701,73.1992,64.3823,53.5019,0.0672873,0.0256627,0.0231405,0.0197953,0.0143586,0.00979488,0.00552922,0.00249928
2.185,-2.93966e-09,1.78814e-07,0.94985,29.9999,-0.000120044,2.43646e-05,0.0697411,-0.0779566,-0.094543,-0.126092,-0.183839,-0.17329,-0.115473,-0.0653738,0.0775334,0.0809695,0.110079,0.154178,0.159871,0.114122,0.0641437,0.0175963,-0.0654945,0.0920903,0.0996664,0.133345,0.200544,0.188371,0.0881454,0.0311867,-1.29599,-0.73748,0.422608,-0.0204667,-0.0124604,0.0519029,-0.0102375,-0.099941,0.132873,29.5865,0.0166818,10,0,183.972,155.971,128.811,106.48,86.6611,73.1931,64.3788,53.5006,0.0668308,0.0255736,0.0231819,0.0200407,0.0146646,0.00999091,0.00564967,0.002563
2.19,-3.83205e-09,1.7364e-07,0.94985,29.9999,-0.000115413,2.37019e-05,0.0685064,-0.0778065,-0.0948331,-0.126282,-0.183333,-0.172554,-0.114945,-0.0650695,0.0766076,0.0782342,0.106824,0.150744,0.15705,0.112057,0.0628167,0.016913,-0.0625692,0.0938551,0.101229,0.133976,0.199788,0.187326,0.0876497,0.0309909,-1.29609,-0.737544,0.422869,-0.0205136,-0.012948,0.0525468,-0.00910585,-0.096967,0.127848,29.5868,0.0164418,10,0,183.962,155.951,128.795,106.469,86.655,73.1889,64.3764,53.4997,0.0665528,0.0255124,0.0232045,0.0201963,0.0148614,0.0101172,0.00572728,0.00260418
2.195,-4.75046e-09,1.68507e-07,0.94985,29.9999,-0.000110777,2.30482e-05,0.067298,-0.0776336,-0.0950939,-0.126447,-0.182815,-0.17181,-0.114411,-0.0647614,0.0756527,0.0754896,0.10355,0.147272,0.154177,0.109952,0.0614628,0.0162135,-0.0596973,0.0955591,0.102749,0.134588,0.199036,0.186289,0.0871577,0.0307968,-1.29619,-0.73761,0.423134,-0.0205534,-0.0134173,0.0531592,-0.00746501,-0.0925577,0.120285,29.5871,0.0161994,10,0,183.947,155.92,128.771,106.453,86.6456,73.1826,64.3728,53.4983,0.0661729,0.0254176,0.0232308,0.0204176,0.0151455,0.0103001,0.00583962,0.00266399
2.2,-5.6937e-09,1.63417e-07,0.94985,29.9999,-0.000106137,2.24035e-05,0.0661154,-0.0774388,-0.0953262,-0.126587,-0.182283,-0.171058,-0.113871,-0.0644497,0.0746696,0.0727371,0.10026,0.143763,0.151254,0.107808,0.0600829,0.0154982,-0.0568784,0.0972032,0.104226,0.13518,0.198289,0.185261,0.0866694,0.0306041,-1.2963,-0.737678,0.423401,-0.0205863,-0.0138683,0.0537402,-0.0063175,-0.0896461,0.115269,29.5874,0.0159549,10,0,183.937,155.9,128.754,106.442,86.6392,73.1782,64.3703,53.4974,0.0659428,0.0253521,0.0232429,0.020557,0.0153276,0.0104176,0.00591178,0.00270254
2.205,-6.66063e-09,1.58371e-07,0.94985,29.9999,-0.000101497,2.17681e-05,0.0649581,-0.0772228,-0.0955308,-0.126704,-0.181739,-0.170299,-0.113326,-0.0641347,0.0736589,0.0699781,0.0969561,0.14022,0.148285,0.105627,0.0586779,0.0147676,-0.0541122,0.0987884,0.10566,0.135754,0.197547,0.18424,0.0861847,0.030413,-1.2964,-0.737749,0.423671,-0.0206121,-0.0143013,0.0542898,-0.00465242,-0.0853291,0.107729,29.5879,0.0157086,10,0,183.921,155.87,128.73,106.426,86.6295,73.1717,64.3665,53.4959,0.0656299,0.0252498,0.0232529,0.0207538,0.0155896,0.010587,0.00601591,0.00275838
2.21,-7.65006e-09,1.53371e-07,0.94985,29.9999,-9.68578e-05,2.11419e-05,0.0638257,-0.0769866,-0.0957084,-0.126798,-0.181183,-0.169532,-0.112775,-0.0638164,0.0726216,0.0672139,0.0936388,0.136644,0.14527,0.10341,0.0572487,0.0140223,-0.0513984,0.100316,0.107052,0.136309,0.196808,0.183227,0.0857035,0.0302234,-1.2965,-0.737821,0.423944,-0.0206309,-0.0147164,0.0548081,-0.00349337,-0.0824826,0.102731,29.5884,0.0154606,10,0,183.91,155.849,128.713,106.415,86.623,73.1672,64.3639,53.4949,0.0654414,0.0251786,0.023254,0.0208767,0.0157568,0.0106955,0.00608257,0.00279426
2.215,-8.66084e-09,1.48418e-07,0.94985,29.9999,-9.22225e-05,2.05251e-05,0.0627177,-0.0767309,-0.0958598,-0.126869,-0.180615,-0.168759,-0.112219,-0.063495,0.0715584,0.064446,0.0903103,0.133037,0.142211,0.101158,0.0557963,0.0132628,-0.0487364,0.101786,0.108403,0.136844,0.196073,0.182221,0.0852258,0.0300352,-1.2966,-0.737896,0.42422,-0.0206425,-0.0151139,0.0552952,-0.00180994,-0.078262,0.0952273,29.5891,0.0152114,10,0,183.893,155.819,128.689,106.398,86.613,73.1604,64.3599,53.4934,0.0651861,0.0250672,0.0232471,0.0210487,0.0159966,0.0108512,0.0061784,0.00284608
2.22,-9.69179e-09,1.43512e-07,0.94985,29.9999,-8.7593e-05,1.99176e-05,0.0616337,-0.0764565,-0.0959858,-0.126918,-0.180035,-0.167979,-0.111658,-0.0631706,0.0704702,0.0616756,0.0869723,0.129402,0.139111,0.0988738,0.0543215,0.0124896,-0.046126,0.1032,0.109712,0.137361,0.195342,0.181223,0.0847514,0.0298485,-1.29671,-0.737973,0.424497,-0.020647,-0.015494,0.0557511,-0.000643541,-0.0754831,0.0902557,29.5898,0.0149611,10,0,183.882,155.798,128.672,106.387,86.6062,73.1557,64.3573,53.4924,0.0650328,0.0249895,0.0232366,0.0211551,0.016149,0.0109504,0.00623951,0.00287927
2.225,-1.07417e-08,1.38656e-07,0.94985,29.9999,-8.29714e-05,1.93195e-05,0.0605732,-0.0761643,-0.0960869,-0.126946,-0.179444,-0.167194,-0.111093,-0.0628435,0.0693577,0.0589042,0.0836264,0.125741,0.135971,0.0965576,0.0528253,0.0117031,-0.0435666,0.104559,0.11098,0.137858,0.194615,0.180232,0.0842803,0.0296632,-1.29681,-0.738051,0.424777,-0.0206443,-0.0158568,0.056176,0.0010525,-0.0713625,0.0828023,29.5905,0.01471,10,0,183.864,155.768,128.647,106.37,86.5959,73.1487,64.3532,53.4908,0.0648256,0.0248677,0.0232121,0.0213022,0.0163664,0.0110923,0.006327,0.00292704
2.23,-1.18095e-08,1.3385e-07,0.94985,29.9999,-7.83598e-05,1.87309e-05,0.0595357,-0.075855,-0.096164,-0.126953,-0.178843,-0.166402,-0.110524,-0.0625138,0.0682218,0.0561329,0.0802744,0.122055,0.132794,0.0942112,0.0513086,0.0109039,-0.0410579,0.105863,0.112208,0.138337,0.19389,0.179248,0.0838124,0.0294792,-1.29691,-0.738131,0.425059,-0.0206345,-0.0162027,0.05657,0.0022222,-0.0686537,0.077866,29.5914,0.0144585,10,0,183.852,155.747,128.631,106.358,86.589,73.1439,64.3504,53.4898,0.0647012,0.0247827,0.0231897,0.0213919,0.0165039,0.0111822,0.00638253,0.00295753
2.235,-1.2894e-08,1.29095e-07,0.94985,29.9999,-7.37602e-05,1.81517e-05,0.0585209,-0.0755293,-0.0962178,-0.126939,-0.178231,-0.165605,-0.109951,-0.0621815,0.0670633,0.0533632,0.0769178,0.118346,0.12958,0.0918361,0.0497724,0.0100925,-0.0385994,0.107114,0.113395,0.138796,0.193168,0.178271,0.0833477,0.0292966,-1.29702,-0.738213,0.425343,-0.0206175,-0.0165318,0.0569331,0.00392529,-0.0646363,0.0704755,29.5923,0.0142068,10,0,183.834,155.717,128.606,106.341,86.5785,73.1367,64.3462,53.4881,0.0645327,0.0246492,0.0231471,0.021514,0.0166991,0.0113101,0.00646165,0.00300123
2.24,-1.39939e-08,1.24393e-07,0.94985,29.9999,-6.91748e-05,1.7582e-05,0.0575282,-0.075188,-0.096249,-0.126905,-0.177609,-0.164802,-0.109374,-0.0618469,0.065883,0.0505963,0.0735583,0.114617,0.126332,0.0894336,0.0482176,0.00926942,-0.0361906,0.108313,0.114544,0.139236,0.192449,0.1773,0.0828861,0.0291154,-1.29712,-0.738297,0.425629,-0.0205933,-0.0168443,0.0572657,0.00509439,-0.0619995,0.065583,29.5932,0.0139552,10,0,183.821,155.696,128.589,106.329,86.5714,73.1318,64.3434,53.487,0.0644311,0.0245562,0.0231126,0.0215871,0.0168217,0.0113907,0.0065116,0.00302901
2.245,-1.51083e-08,1.19744e-07,0.94985,29.9999,-6.46056e-05,1.70219e-05,0.0565572,-0.0748318,-0.0962582,-0.126852,-0.176977,-0.163995,-0.108793,-0.0615102,0.0646817,0.0478335,0.0701975,0.110869,0.123053,0.0870053,0.046645,0.00843515,-0.0338311,0.10946,0.115653,0.139658,0.191732,0.176336,0.0824274,0.0289355,-1.29722,-0.738382,0.425916,-0.0205619,-0.0171404,0.0575677,0.00679914,-0.0580884,0.0582678,29.5943,0.0137041,10,0,183.803,155.666,128.564,106.312,86.5606,73.1245,64.3391,53.4853,0.0642925,0.0244103,0.0230516,0.0216842,0.0169946,0.0115046,0.00658235,0.00306864
2.25,-1.62358e-08,1.15149e-07,0.94985,29.9999,-6.00545e-05,1.64713e-05,0.0556076,-0.0744614,-0.0962461,-0.126781,-0.176336,-0.163183,-0.10821,-0.0611714,0.0634603,0.0450761,0.066837,0.107105,0.119743,0.0845524,0.0450557,0.00759022,-0.0315204,0.110557,0.116723,0.14006,0.191017,0.175379,0.0819718,0.0287569,-1.29733,-0.738468,0.426205,-0.0205233,-0.0174205,0.0578394,0.00796393,-0.0555254,0.0534273,29.5953,0.0134536,10,0,183.79,155.646,128.548,106.3,86.5533,73.1195,64.3362,53.4842,0.0642079,0.0243086,0.0230047,0.0217407,0.0171025,0.0115758,0.00662674,0.00309371
2.255,-1.73753e-08,1.1061e-07,0.94985,29.9999,-5.55235e-05,1.59302e-05,0.0546788,-0.0740775,-0.0962134,-0.12669,-0.175686,-0.162367,-0.107623,-0.0608306,0.0622195,0.0423253,0.0634783,0.103326,0.116404,0.0820765,0.0434505,0.00673513,-0.029258,0.111604,0.117755,0.140444,0.190304,0.174427,0.081519,0.0285795,-1.29743,-0.738556,0.426494,-0.0204776,-0.0176846,0.058081,0.00966514,-0.051723,0.0461997,29.5965,0.0132042,10,0,183.77,155.615,128.523,106.282,86.5424,73.1119,64.3318,53.4824,0.0640904,0.0241495,0.0229252,0.021813,0.0172532,0.0116757,0.00668914,0.00312927
2.26,-1.85258e-08,1.06127e-07,0.94985,29.9999,-5.10145e-05,1.53986e-05,0.0537704,-0.0736808,-0.0961608,-0.126582,-0.175028,-0.161546,-0.107033,-0.0604881,0.0609603,0.0395824,0.0601231,0.0995341,0.113039,0.0795789,0.0418304,0.00587039,-0.0270434,0.112602,0.118749,0.140809,0.189593,0.173481,0.0810691,0.0284034,-1.29753,-0.738645,0.426785,-0.0204247,-0.0179332,0.0582926,0.010822,-0.0492354,0.0414191,29.5977,0.0129562,10,0,183.757,155.595,128.506,106.271,86.535,73.1068,64.3288,53.4813,0.0640172,0.0240389,0.0228659,0.0218529,0.0173463,0.0117375,0.00672798,0.00315163
2.265,-1.96861e-08,1.01701e-07,0.94985,30,-4.65295e-05,1.48765e-05,0.0528821,-0.0732719,-0.0960889,-0.126457,-0.174361,-0.160722,-0.106441,-0.060144,0.0596833,0.0368485,0.0567729,0.0957315,0.10965,0.077061,0.0401963,0.00499651,-0.0248761,0.113552,0.119707,0.141156,0.188884,0.172542,0.0806219,0.0282285,-1.29763,-0.738736,0.427077,-0.0203647,-0.0181663,0.0584745,0.0125147,-0.0455441,0.0342908,29.5989,0.0127099,10,0,183.737,155.565,128.482,106.253,86.5238,73.0991,64.3243,53.4795,0.063913,0.0238659,0.0227677,0.0219006,0.0174751,0.0118234,0.00678208,0.00318315
2.27,-2.0855e-08,9.7333e-08,0.94985,30,-4.20704e-05,1.4364e-05,0.0520134,-0.0728515,-0.0959983,-0.126315,-0.173686,-0.159895,-0.105846,-0.0597983,0.0583894,0.0341248,0.0534292,0.0919201,0.106237,0.0745243,0.038549,0.004114,-0.0227555,0.114456,0.120627,0.141484,0.188176,0.171608,0.0801775,0.0280549,-1.29773,-0.738827,0.42737,-0.0202976,-0.0183842,0.0586269,0.0136604,-0.0431332,0.0295779,29.6002,0.0124656,10,0,183.724,155.545,128.465,106.241,86.5163,73.094,64.3213,53.4783,0.0638461,0.023746,0.022696,0.0219242,0.0175536,0.011876,0.0068154,0.00320282
2.275,-2.20314e-08,9.3023e-08,0.94985,30,-3.76388e-05,1.38609e-05,0.0511639,-0.0724202,-0.0958897,-0.126157,-0.173004,-0.159064,-0.10525,-0.0594513,0.0570795,0.0314126,0.0500935,0.0881016,0.102804,0.0719702,0.0368896,0.00322335,-0.0206813,0.115313,0.121511,0.141793,0.187469,0.17068,0.0797357,0.0278824,-1.29784,-0.73892,0.427664,-0.0202234,-0.0185872,0.05875,0.0153397,-0.039555,0.0225602,29.6016,0.0122236,10,0,183.703,155.515,128.44,106.223,86.505,73.0861,64.3167,53.4764,0.0637476,0.0235589,0.0225791,0.0219475,0.0176606,0.0119479,0.00686127,0.00323031
2.28,-2.32143e-08,8.87722e-08,0.94985,30,-3.32368e-05,1.33673e-05,0.0503332,-0.0719787,-0.0957636,-0.125983,-0.172314,-0.158231,-0.104651,-0.059103,0.0557543,0.028713,0.0467673,0.084278,0.0993519,0.0693999,0.0352188,0.00232509,-0.0186527,0.116126,0.12236,0.142085,0.186764,0.169757,0.0792965,0.0277111,-1.29794,-0.739013,0.427958,-0.0201422,-0.0187755,0.058844,0.0164709,-0.0372219,0.0179225,29.603,0.0119844,10,0,183.689,155.495,128.424,106.211,86.4974,73.0809,64.3136,53.4752,0.0636822,0.0234293,0.0224951,0.021955,0.0177247,0.0119913,0.00688912,0.0032473
2.285,-2.44025e-08,8.45811e-08,0.94985,30,-2.8866e-05,1.28831e-05,0.0495209,-0.0715275,-0.0956208,-0.125794,-0.171618,-0.157394,-0.104051,-0.0587536,0.0544147,0.0260271,0.043452,0.0804511,0.0958823,0.0668149,0.0335377,0.0014197,-0.0166694,0.116894,0.123173,0.142358,0.18606,0.168839,0.0788599,0.027541,-1.29804,-0.739107,0.428252,-0.020054,-0.0189494,0.0589093,0.0181323,-0.0337583,0.0110263,29.6044,0.0117483,10,0,183.668,155.466,128.399,106.194,86.486,73.073,64.309,53.4733,0.0635827,0.0232278,0.0223597,0.0219543,0.0178102,0.0120494,0.00692683,0.00327079
2.29,-2.5595e-08,8.04502e-08,0.94985,30,-2.45281e-05,1.24083e-05,0.0487266,-0.0710672,-0.0954617,-0.125589,-0.170915,-0.156556,-0.103449,-0.0584032,0.0530615,0.023356,0.0401492,0.0766227,0.0923973,0.0642167,0.0318471,0.000507701,-0.0147307,0.117619,0.123951,0.142613,0.185356,0.167927,0.0784258,0.027372,-1.29814,-0.739203,0.428547,-0.0199589,-0.019109,0.058946,0.019246,-0.0315039,0.006471,29.6059,0.0115156,10,0,183.654,155.446,128.383,106.182,86.4783,73.0677,64.3059,53.4721,0.0635145,0.0230886,0.0222634,0.0219459,0.01786,0.0120836,0.00694928,0.00328513
2.295,-2.67907e-08,7.63803e-08,0.94985,30,-2.02249e-05,1.19429e-05,0.0479499,-0.0705985,-0.095287,-0.125371,-0.170205,-0.155715,-0.102845,-0.0580519,0.0516955,0.020701,0.0368602,0.0727947,0.0888987,0.0616064,0.0301479,-0.000410422,-0.0128361,0.118302,0.124696,0.14285,0.184654,0.16702,0.0779942,0.0272041,-1.29824,-0.739299,0.428842,-0.019857,-0.0192547,0.0589545,0.0208851,-0.0281563,-0.000293186,29.6074,0.0112868,10,0,183.633,155.417,128.359,106.164,86.4668,73.0597,64.3012,53.4702,0.0634079,0.0228725,0.0221098,0.0219215,0.0179243,0.012128,0.00697892,0.00330467
2.3,-2.79885e-08,7.23717e-08,0.94985,30,-1.59581e-05,1.14868e-05,0.0471905,-0.0701217,-0.0950973,-0.125138,-0.16949,-0.154872,-0.102241,-0.0576998,0.0503175,0.018063,0.0335864,0.0689688,0.0853882,0.0589856,0.0284409,-0.00133417,-0.0109851,0.118943,0.125406,0.14307,0.183952,0.166118,0.077565,0.0270374,-1.29834,-0.739395,0.429136,-0.0197482,-0.0193866,0.058935,0.0219785,-0.0259813,-0.00475923,29.6089,0.0110621,10,0,183.619,155.398,128.343,106.152,86.4591,73.0543,64.2981,53.4689,0.0633329,0.0227236,0.0220014,0.0218975,0.0179601,0.0121532,0.00699603,0.00331639
2.305,-2.91873e-08,6.84249e-08,0.94985,30,-1.17293e-05,1.10399e-05,0.0464479,-0.0696376,-0.094893,-0.124892,-0.168768,-0.154028,-0.101635,-0.0573471,0.0489282,0.0154431,0.0303292,0.0651469,0.0818676,0.0563555,0.0267272,-0.00226304,-0.00917703,0.119544,0.126084,0.143272,0.18325,0.165222,0.0771381,0.0268717,-1.29843,-0.739492,0.429431,-0.0196326,-0.0195051,0.0588878,0.0235912,-0.0227507,-0.0113814,29.6105,0.010842,10,0,183.597,155.369,128.319,106.134,86.4474,73.0462,64.2933,53.467,0.0632135,0.022493,0.0218298,0.02185,0.0180034,0.0121842,0.00701773,0.00333203
2.31,-3.03862e-08,6.45403e-08,0.94985,30,-7.54e-06,1.06023e-05,0.0457217,-0.0691467,-0.0946749,-0.124633,-0.168042,-0.153182,-0.101029,-0.0569939,0.0475286,0.0128423,0.0270901,0.0613306,0.0783387,0.0537174,0.0250074,-0.00319656,-0.00741145,0.120105,0.126729,0.143457,0.182549,0.164329,0.0767136,0.026707,-1.29853,-0.73959,0.429725,-0.0195104,-0.0196103,0.0588133,0.0246616,-0.0206556,-0.0157515,29.6122,0.0106269,10,0,183.582,155.35,128.303,106.122,86.4397,73.0408,64.2901,53.4657,0.0631284,0.0223344,0.0217095,0.0218107,0.0180254,0.0122004,0.00702957,0.00334116
2.315,-3.15842e-08,6.07184e-08,0.94985,30,-3.39186e-06,1.01738e-05,0.0450117,-0.0686494,-0.0944433,-0.124362,-0.16731,-0.152336,-0.100422,-0.0566402,0.0461194,0.0102618,0.0238702,0.0575217,0.0748033,0.0510728,0.0232826,-0.00413422,-0.00568773,0.120627,0.127341,0.143624,0.181849,0.163442,0.0762914,0.0265435,-1.29863,-0.739689,0.430019,-0.0193815,-0.0197025,0.0587117,0.0262438,-0.0175429,-0.022222,29.6138,0.0104172,10,0,183.56,155.321,128.279,106.105,86.428,73.0327,64.2854,53.4637,0.0629913,0.0220894,0.0215203,0.0217405,0.0180482,0.0122181,0.00704344,0.00335294
2.32,-3.27801e-08,5.69595e-08,0.94985,30,7.13605e-07,9.75443e-06,0.0443174,-0.0681462,-0.0941989,-0.124078,-0.166574,-0.151488,-0.0998152,-0.0562862,0.0447014,0.00770241,0.0206709,0.053722,0.071263,0.0484229,0.0215536,-0.00507555,-0.00400533,0.121112,0.127922,0.143775,0.181148,0.16256,0.0758715,0.026381,-1.29873,-0.739787,0.430312,-0.0192461,-0.019782,0.0585834,0.0272888,-0.015528,-0.02649,29.6155,0.0102132,10,0,183.546,155.303,128.263,106.093,86.4202,73.0273,64.2822,53.4624,0.062893,0.0219213,0.0213884,0.0216862,0.0180566,0.0122255,0.00705012,0.00335952
2.325,-3.39731e-08,5.32638e-08,0.94985,30,4.77492e-06,9.34409e-06,0.0436385,-0.0676377,-0.0939422,-0.123783,-0.165833,-0.150639,-0.0992078,-0.055932,0.0432753,0.00516523,0.0174936,0.0499331,0.0677197,0.045769,0.0198212,-0.00602006,-0.00236367,0.121559,0.128472,0.143909,0.180448,0.161682,0.0754537,0.0262195,-1.29882,-0.739886,0.430605,-0.0191042,-0.0198491,0.0584287,0.0288369,-0.0125337,-0.0327998,29.6172,0.0100154,10,0,183.524,155.275,128.24,106.075,86.4084,73.0191,64.2773,53.4605,0.0627339,0.021662,0.021182,0.0215939,0.0180593,0.0122302,0.0070563,0.00336751
2.33,-3.51621e-08,4.96317e-08,0.94985,30,8.79063e-06,8.94271e-06,0.0429747,-0.0671244,-0.0936737,-0.123477,-0.165088,-0.149791,-0.0986003,-0.0555776,0.041842,0.00265119,0.0143394,0.0461567,0.0641749,0.0431124,0.0180862,-0.00696728,-0.000762171,0.12197,0.128992,0.144026,0.179748,0.160808,0.0750382,0.026059,-1.29892,-0.739986,0.430896,-0.0189559,-0.0199038,0.058248,0.0298541,-0.0105992,-0.0369595,29.619,0.00982418,10,0,183.509,155.256,128.224,106.063,86.4006,73.0136,64.2741,53.4591,0.0626196,0.0214845,0.0210388,0.0215251,0.0180545,0.012229,0.0070579,0.00337158
2.335,-3.63462e-08,4.60634e-08,0.94985,30,1.27593e-05,8.55023e-06,0.0423255,-0.0666066,-0.0933939,-0.123159,-0.164339,-0.148941,-0.0979929,-0.0552233,0.0404022,0.000161234,0.0112097,0.0423944,0.0606305,0.0404544,0.0163496,-0.00791673,0.000799735,0.122346,0.129481,0.144126,0.179049,0.159939,0.0746247,0.0258995,-1.29901,-0.740086,0.431187,-0.0188013,-0.0199466,0.0580416,0.0313646,-0.00772348,-0.0431,29.6207,0.00963992,10,0,183.486,155.229,128.201,106.046,86.3889,73.0055,64.2693,53.4571,0.0624349,0.0212114,0.0208158,0.0214112,0.0180374,0.0122209,0.00705656,0.00337584
2.34,-3.75245e-08,4.25591e-08,0.94985,30,1.66796e-05,8.16657e-06,0.0416906,-0.0660849,-0.0931033,-0.122832,-0.163586,-0.148092,-0.0973858,-0.054869,0.0389567,-0.00230372,0.00810553,0.0386478,0.057088,0.0377962,0.0146121,-0.00886794,0.00232262,0.122687,0.129941,0.144211,0.178349,0.159074,0.0742134,0.0257409,-1.2991,-0.740185,0.431477,-0.0186405,-0.0199777,0.0578098,0.0323518,-0.00586926,-0.0471458,29.6225,0.00946304,10,0,183.471,155.211,128.186,106.034,86.381,73,64.2661,53.4558,0.0623024,0.0210248,0.0206616,0.0213282,0.0180196,0.0122113,0.00705319,0.00337746
2.345,-3.8696e-08,3.9119e-08,0.94985,30,2.05502e-05,7.79166e-06,0.0410698,-0.0655597,-0.0928023,-0.122494,-0.16283,-0.147243,-0.096779,-0.0545149,0.0375063,-0.00474276,0.00502823,0.0349186,0.053549,0.0351391,0.0128746,-0.00982045,0.00380708,0.122994,0.130372,0.144279,0.177649,0.158214,0.0738042,0.0255834,-1.2992,-0.740285,0.431765,-0.0184736,-0.0199973,0.0575531,0.0338215,-0.00311229,-0.0531088,29.6243,0.00929391,10,0,183.449,155.184,128.163,106.017,86.3693,72.9918,64.2612,53.4538,0.0620888,0.0207382,0.0204225,0.0211934,0.0179834,0.0121906,0.00704448,0.00337807
2.35,-3.98598e-08,3.57431e-08,0.94985,30,2.43697e-05,7.42541e-06,0.0404626,-0.0650313,-0.0924915,-0.122147,-0.162071,-0.146395,-0.0961729,-0.0541611,0.0360517,-0.00715502,0.00197891,0.0312083,0.0500153,0.0324844,0.0111379,-0.0107738,0.00525367,0.123269,0.130774,0.144332,0.176949,0.157357,0.073397,0.0254268,-1.29929,-0.740385,0.432052,-0.0183006,-0.0200056,0.0572718,0.0347769,-0.00133821,-0.0570353,29.6262,0.00913291,10,0,183.434,155.166,128.148,106.005,86.3615,72.9863,64.258,53.4525,0.061936,0.0205427,0.0202578,0.0210967,0.0179529,0.0121728,0.00703625,0.00337727
2.355,-4.1015e-08,3.24317e-08,0.94985,30,2.81369e-05,7.06776e-06,0.0398688,-0.0645004,-0.0921713,-0.12179,-0.161309,-0.145547,-0.0955675,-0.0538076,0.0345937,-0.00953965,-0.00104128,0.0275185,0.0464884,0.0298332,0.0094028,-0.0117275,0.00666298,0.123512,0.131149,0.144369,0.176249,0.156505,0.0729918,0.0252711,-1.29938,-0.740485,0.432337,-0.0181216,-0.0200029,0.0569662,0.0362026,0.00130023,-0.0628132,29.628,0.0089804,10,0,183.411,155.14,128.126,105.988,86.3498,72.9781,64.2532,53.4505,0.0616908,0.0202431,0.0200031,0.0209417,0.0178979,0.0121399,0.00702035,0.00337431
2.36,-4.21607e-08,2.91847e-08,0.94985,30,3.18507e-05,6.7186e-06,0.039288,-0.0639671,-0.0918422,-0.121425,-0.160545,-0.144699,-0.0949629,-0.0534546,0.033133,-0.0118958,-0.00403122,0.0238506,0.0429699,0.0271869,0.00767006,-0.0126812,0.00803559,0.123723,0.131496,0.14439,0.175548,0.155657,0.0725886,0.0251164,-1.29947,-0.740585,0.432621,-0.0179369,-0.0199895,0.0566369,0.0371244,0.00299451,-0.0666154,29.6299,0.00883673,10,0,183.396,155.123,128.111,105.977,86.342,72.9727,64.25,53.4491,0.0615163,0.0200392,0.0198283,0.0208317,0.0178551,0.012114,0.00700739,0.00337116
2.365,-4.32962e-08,2.60023e-08,0.94985,30,3.55097e-05,6.37785e-06,0.0387199,-0.063432,-0.0915046,-0.121051,-0.159778,-0.143853,-0.0943594,-0.0531022,0.0316704,-0.0142227,-0.00698984,0.0202062,0.0394615,0.0245464,0.0059405,-0.0136343,0.00937208,0.123904,0.131817,0.144397,0.174848,0.154813,0.0721873,0.0249626,-1.29956,-0.740685,0.432904,-0.0177464,-0.0199656,0.0562842,0.0385033,0.00551481,-0.072201,29.6318,0.00870222,10,0,183.373,155.097,128.089,105.96,86.3304,72.9645,64.2451,53.4471,0.0612374,0.0197271,0.0195587,0.0206571,0.0177818,0.0120693,0.00698448,0.0033647
2.37,-4.44205e-08,2.28843e-08,0.94985,30,3.91128e-05,6.04543e-06,0.0381641,-0.0628953,-0.0911589,-0.120669,-0.159009,-0.143008,-0.093757,-0.0527503,0.0302066,-0.0165195,-0.00991607,0.0165867,0.0359645,0.0219132,0.00421489,-0.0145864,0.010673,0.124056,0.132111,0.144388,0.174147,0.153973,0.071788,0.0248097,-1.29965,-0.740785,0.433184,-0.0175502,-0.0199314,0.0559085,0.0393898,0.00712975,-0.0758741,29.6337,0.00857715,10,0,183.358,155.081,128.075,105.948,86.3226,72.9591,64.2419,53.4458,0.0610397,0.019515,0.0193742,0.0205343,0.0177271,0.0120356,0.00696692,0.00335926
2.375,-4.55328e-08,1.98309e-08,0.94985,30,4.2659e-05,5.72124e-06,0.0376205,-0.0623575,-0.0908056,-0.12028,-0.158239,-0.142164,-0.0931558,-0.0523992,0.0287423,-0.0187855,-0.0128089,0.0129937,0.0324806,0.0192882,0.00249401,-0.0155372,0.011939,0.124178,0.132379,0.144365,0.173446,0.153137,0.0713906,0.0246577,-1.29974,-0.740884,0.433462,-0.0173486,-0.0198872,0.0555102,0.0407194,0.00953248,-0.0812609,29.6356,0.00846179,10,0,183.335,155.056,128.053,105.932,86.311,72.951,64.2371,53.4438,0.0607252,0.0191911,0.0190904,0.0203408,0.0176362,0.0119793,0.0069372,0.0033494
2.38,-4.66323e-08,1.68418e-08,0.94985,30,4.61472e-05,5.40519e-06,0.0370886,-0.0618189,-0.0904451,-0.119883,-0.157466,-0.141322,-0.0925561,-0.0520489,0.0272782,-0.0210198,-0.0156672,0.00942835,0.0290112,0.0166727,0.000778597,-0.0164861,0.0131706,0.124273,0.132622,0.144327,0.172745,0.152305,0.070995,0.0245066,-1.29982,-0.740984,0.433739,-0.0171415,-0.0198333,0.0550897,0.0415691,0.0110687,-0.0848005,29.6375,0.00835635,10,0,183.32,155.039,128.039,105.921,86.3034,72.9456,64.2339,53.4424,0.0605033,0.0189714,0.0188966,0.0202058,0.0175698,0.011938,0.00691516,0.00334172
2.385,-4.77183e-08,1.39172e-08,0.94985,30,4.95763e-05,5.09718e-06,0.0365682,-0.0612799,-0.0900778,-0.119479,-0.156693,-0.140482,-0.091958,-0.0516994,0.025815,-0.0232219,-0.0184902,0.00589221,0.0255579,0.0140678,-0.00093059,-0.0174328,0.0143684,0.12434,0.132841,0.144275,0.172043,0.151476,0.0706014,0.0243563,-1.29991,-0.741083,0.434013,-0.0169291,-0.0197698,0.0546475,0.0428469,0.0133546,-0.0899822,29.6395,0.00826103,10,0,183.297,155.015,128.018,105.904,86.2919,72.9375,64.2291,53.4404,0.0601519,0.0186363,0.0185994,0.0199942,0.0174618,0.0118705,0.00687884,0.00332856
2.39,-4.879e-08,1.10568e-08,0.94985,30,5.29454e-05,4.79712e-06,0.0360591,-0.0607408,-0.0897041,-0.119068,-0.155918,-0.139643,-0.0913615,-0.0513508,0.0243535,-0.025391,-0.0212767,0.00238659,0.022122,0.0114746,-0.00263282,-0.0183767,0.0155329,0.12438,0.133035,0.144209,0.171341,0.150651,0.0702095,0.0242069,-1.29999,-0.741181,0.434285,-0.0167115,-0.0196971,0.054184,0.0436586,0.0148128,-0.0933843,29.6414,0.00817595,10,0,183.282,154.999,128.005,105.893,86.2843,72.9322,64.226,53.4391,0.0599051,0.0184094,0.0183969,0.0198473,0.0173842,0.0118219,0.00685248,0.00331871
2.395,-4.98466e-08,8.26048e-09,0.94985,30,5.62535e-05,4.50491e-06,0.0355608,-0.0602019,-0.0893243,-0.118651,-0.155143,-0.138806,-0.0907668,-0.0510033,0.0228943,-0.0275264,-0.024026,-0.00108719,0.0187051,0.00889413,-0.00432736,-0.0193176,0.0166648,0.124395,0.133205,0.144129,0.170639,0.14983,0.0698194,0.0240584,-1.30007,-0.74128,0.434555,-0.0164889,-0.0196153,0.0536996,0.0448824,0.0169829,-0.0983554,29.6434,0.00810119,10,0,183.26,154.976,127.985,105.877,86.2729,72.9242,64.2212,53.4371,0.0595158,0.0180638,0.018087,0.0196185,0.0172597,0.0117436,0.00680977,0.00330234
2.4,-5.08875e-08,5.52815e-09,0.94985,30,5.94996e-05,4.22044e-06,0.0350731,-0.0596635,-0.0889389,-0.118228,-0.154366,-0.137972,-0.090174,-0.0506568,0.0214382,-0.0296275,-0.0267371,-0.00452782,0.0153085,0.00632758,-0.00601351,-0.020255,0.0177646,0.124385,0.133353,0.144036,0.169937,0.149013,0.0694312,0.0239107,-1.30016,-0.741378,0.434822,-0.0162613,-0.0195247,0.0531948,0.0456549,0.0183639,-0.101616,29.6454,0.0080368,10,0,183.245,154.961,127.971,105.866,86.2653,72.9189,64.218,53.4358,0.0592435,0.0178302,0.0178763,0.0194603,0.0171713,0.0116878,0.00677923,0.00329038
2.405,-5.19118e-08,2.85958e-09,0.94985,30,6.2683e-05,3.94363e-06,0.0345958,-0.0591258,-0.0885482,-0.1178,-0.15359,-0.13714,-0.0895831,-0.0503115,0.0199857,-0.0316937,-0.0294091,-0.00793404,0.0119336,0.00377596,-0.00769055,-0.0211884,0.0188329,0.124351,0.133477,0.143929,0.169234,0.148199,0.0690447,0.0237638,-1.30024,-0.741475,0.435086,-0.0160288,-0.0194256,0.05267,0.0468228,0.0204193,-0.106372,29.6473,0.00798275,10,0,183.222,154.938,127.951,105.85,86.2541,72.9109,64.2133,53.4338,0.0588156,0.017475,0.0175544,0.019215,0.0170309,0.0115991,0.00673036,0.00327091
2.41,-5.2919e-08,2.54572e-10,0.94985,30,6.58028e-05,3.67435e-06,0.0341286,-0.0585893,-0.0881525,-0.117366,-0.152813,-0.13631,-0.0889945,-0.0499674,0.0185376,-0.0337243,-0.0320412,-0.0113046,0.00858177,0.00124032,-0.00935781,-0.0221176,0.0198702,0.124293,0.13358,0.143809,0.168531,0.147389,0.06866,0.0236178,-1.30032,-0.741572,0.435348,-0.0157917,-0.0193181,0.0521257,0.0475551,0.021724,-0.109488,29.6493,0.00793897,10,0,183.207,154.923,127.939,105.84,86.2466,72.9057,64.2102,53.4324,0.0585175,0.0172352,0.017336,0.0190461,0.0169322,0.0115366,0.00669578,0.00325692
2.415,-5.39083e-08,-2.28711e-09,0.94985,30,6.88582e-05,3.41251e-06,0.0336712,-0.0580542,-0.0877523,-0.116927,-0.152036,-0.135483,-0.088408,-0.0496246,0.0170944,-0.0357188,-0.0346325,-0.0146383,0.00525434,-0.00127832,-0.0110146,-0.023042,0.0208771,0.124212,0.133661,0.143677,0.167827,0.146582,0.0682769,0.0234726,-1.30039,-0.741668,0.435607,-0.0155499,-0.0192026,0.0515624,0.0486651,0.0236659,-0.114023,29.6513,0.00790531,10,0,183.185,154.901,127.919,105.824,86.2356,72.8979,64.2056,53.4305,0.0580508,0.0168711,0.0170031,0.018785,0.0167765,0.0114378,0.00664098,0.00323445
2.42,-5.48792e-08,-4.76573e-09,0.94985,30,7.18484e-05,3.15801e-06,0.0332234,-0.0575207,-0.0873479,-0.116483,-0.151259,-0.134659,-0.0878239,-0.0492832,0.015657,-0.0376765,-0.0371823,-0.017934,0.00195261,-0.00377896,-0.0126603,-0.0239614,0.0218542,0.124109,0.13372,0.143531,0.167124,0.145779,0.0678957,0.0233281,-1.30047,-0.741764,0.435863,-0.0153037,-0.0190793,0.0509804,0.0493564,0.0248955,-0.116991,29.6533,0.0078816,10,0,183.17,154.887,127.907,105.814,86.2282,72.8927,64.2025,53.4292,0.0577266,0.0166257,0.0167776,0.018606,0.0166678,0.0113687,0.00660253,0.00321849
2.425,-5.58309e-08,-7.18157e-09,0.94985,30,7.47728e-05,2.91074e-06,0.0327848,-0.0569891,-0.0869395,-0.116035,-0.150483,-0.133837,-0.0872422,-0.0489431,0.0142258,-0.0395971,-0.0396898,-0.0211905,-0.00132213,-0.0062606,-0.0142941,-0.0248753,0.0228021,0.123984,0.133759,0.143374,0.16642,0.144979,0.0675161,0.0231845,-1.30055,-0.741859,0.436117,-0.0150532,-0.0189483,0.0503804,0.0504071,0.0267253,-0.121302,29.6553,0.0078676,10,0,183.148,154.866,127.888,105.799,86.2173,72.885,64.1979,53.4272,0.057221,0.0162536,0.0164343,0.0183301,0.0164975,0.0112603,0.00654204,0.00319313
2.43,-5.67629e-08,-9.53492e-09,0.94985,30,7.76306e-05,2.67059e-06,0.0323553,-0.0564597,-0.0865275,-0.115582,-0.149707,-0.133019,-0.086663,-0.0486045,0.0128015,-0.0414799,-0.0421543,-0.0244067,-0.00456862,-0.00872229,-0.0159155,-0.0257833,0.0237212,0.123839,0.133778,0.143204,0.165715,0.144183,0.0671381,0.0230417,-1.30062,-0.741953,0.436367,-0.0147984,-0.0188099,0.0497626,0.0510565,0.0278807,-0.12412,29.6573,0.00786303,10,0,183.133,154.852,127.876,105.789,86.2101,72.8799,64.1948,53.4259,0.0568709,0.0160032,0.0162023,0.0181415,0.0163792,0.011185,0.00649988,0.00317529
2.435,-5.76746e-08,-1.18261e-08,0.94985,30,8.04213e-05,2.43745e-06,0.0319346,-0.0559326,-0.0861123,-0.115126,-0.148932,-0.132204,-0.0860864,-0.0482674,0.0113847,-0.0433244,-0.0445751,-0.0275815,-0.00778564,-0.0111631,-0.0175239,-0.0266852,0.0246121,0.123673,0.133777,0.143023,0.165011,0.14339,0.0667619,0.0228996,-1.30069,-0.742047,0.436614,-0.0145396,-0.0186644,0.0491277,0.0520464,0.0296,-0.128203,29.6593,0.00786754,10,0,183.111,154.832,127.859,105.774,86.1993,72.8723,64.1903,53.424,0.0563266,0.0156241,0.0158497,0.0178516,0.016195,0.0110674,0.00643395,0.00314716
2.44,-5.85655e-08,-1.40555e-08,0.94985,30,8.31441e-05,2.21122e-06,0.0315225,-0.0554082,-0.0856941,-0.114666,-0.148158,-0.131392,-0.0855126,-0.0479319,0.00997605,-0.0451303,-0.0469515,-0.0307139,-0.010972,-0.013582,-0.0191186,-0.0275805,0.0254754,0.123488,0.133757,0.14283,0.164306,0.1426,0.0663873,0.0227584,-1.30077,-0.74214,0.436858,-0.0142768,-0.0185119,0.0484761,0.0526534,0.0306825,-0.130868,29.6613,0.00788076,10,0,183.097,154.819,127.847,105.764,86.1922,72.8672,64.1873,53.4227,0.0559508,0.0153692,0.0156117,0.0176539,0.0160677,0.0109861,0.00638824,0.00312751
2.445,-5.9435e-08,-1.62234e-08,0.94985,30,8.57987e-05,1.99179e-06,0.0311187,-0.0548865,-0.0852733,-0.114203,-0.147385,-0.130584,-0.0849415,-0.047598,0.00857613,-0.046897,-0.0492828,-0.0338028,-0.0141265,-0.0159782,-0.020699,-0.0284689,0.0263116,0.123285,0.133719,0.142625,0.163601,0.141814,0.0660144,0.0226179,-1.30084,-0.742232,0.437098,-0.0140102,-0.0183528,0.0478083,0.0535813,0.0322928,-0.13472,29.6633,0.0079023,10,0,183.075,154.8,127.83,105.75,86.1817,72.8598,64.1828,53.4208,0.0553681,0.014984,0.0152506,0.017351,0.0158702,0.0108598,0.00631712,0.00309672
2.45,-6.02825e-08,-1.83303e-08,0.94985,30,8.83843e-05,1.77904e-06,0.030723,-0.0543679,-0.08485,-0.113737,-0.146613,-0.129779,-0.0843733,-0.0472657,0.00718551,-0.0486242,-0.0515684,-0.0368472,-0.017248,-0.0183508,-0.0222646,-0.02935,0.0271213,0.123063,0.133662,0.14241,0.162896,0.141032,0.0656431,0.0224781,-1.30091,-0.742323,0.437336,-0.0137399,-0.0181872,0.0471248,0.0541454,0.0333037,-0.137231,29.6652,0.00793171,10,0,183.061,154.787,127.818,105.74,86.1747,72.8548,64.1799,53.4195,0.0549671,0.0147254,0.0150072,0.0171448,0.0157343,0.0107728,0.00626804,0.00307534
2.455,-6.11077e-08,-2.03765e-08,0.94985,30,9.09006e-05,1.57288e-06,0.0303352,-0.0538526,-0.0844246,-0.113267,-0.145843,-0.128978,-0.083808,-0.0469352,0.00580477,-0.0503115,-0.0538078,-0.0398462,-0.0203353,-0.0206989,-0.0238147,-0.0302235,0.027905,0.122823,0.133587,0.142184,0.162191,0.140252,0.0652734,0.0223391,-1.30097,-0.742414,0.437569,-0.0134661,-0.0180153,0.046426,0.0550103,0.034807,-0.140848,29.6672,0.00796853,10,0,183.039,154.769,127.802,105.726,86.1644,72.8475,64.1755,53.4176,0.0543468,0.0143351,0.0146385,0.0168297,0.0155242,0.0106382,0.00619199,0.00304202
2.46,-6.19099e-08,-2.23624e-08,0.94985,30,9.33472e-05,1.37319e-06,0.029955,-0.0533406,-0.0839975,-0.112796,-0.145074,-0.12818,-0.0832458,-0.0466065,0.00443446,-0.0519584,-0.0560003,-0.0427989,-0.0233875,-0.0230216,-0.0253487,-0.0310891,0.0286632,0.122567,0.133495,0.141947,0.161486,0.139476,0.0649053,0.0222009,-1.30104,-0.742503,0.437799,-0.0131888,-0.0178374,0.0457124,0.055531,0.0357475,-0.143203,29.6692,0.00801228,10,0,183.025,154.757,127.791,105.717,86.1576,72.8427,64.1726,53.4164,0.0539209,0.0140735,0.0143905,0.0166157,0.0153802,0.0105459,0.00613971,0.00301899
2.465,-6.26887e-08,-2.42886e-08,0.94985,30,9.57235e-05,1.17985e-06,0.0295823,-0.0528323,-0.0835687,-0.112322,-0.144307,-0.127387,-0.0826867,-0.0462796,0.00307514,-0.0535646,-0.0581455,-0.0457043,-0.0264034,-0.0253182,-0.0268662,-0.0319465,0.0293965,0.122294,0.133386,0.141699,0.160781,0.138703,0.0645388,0.0220634,-1.30111,-0.742592,0.438026,-0.0129083,-0.0176537,0.0449846,0.056332,0.0371455,-0.146585,29.6712,0.00806246,10,0,183.004,154.739,127.775,105.703,86.1475,72.8355,64.1683,53.4145,0.0532638,0.0136791,0.0140152,0.0162892,0.0151583,0.0104035,0.00605899,0.00298325
2.47,-6.34438e-08,-2.61553e-08,0.94985,30,9.80293e-05,9.9277e-07,0.0292167,-0.0523278,-0.0831386,-0.111846,-0.143542,-0.126597,-0.0821307,-0.0459545,0.00172735,-0.0551299,-0.0602427,-0.0485616,-0.0293819,-0.0275878,-0.0283666,-0.0327953,0.0301053,0.122006,0.133261,0.141442,0.160075,0.137934,0.0641739,0.0219266,-1.30117,-0.74268,0.438249,-0.0126246,-0.0174644,0.044243,0.0568092,0.0380171,-0.148782,29.6732,0.00811859,10,0,182.99,154.728,127.765,105.695,86.1408,72.8308,64.1655,53.4133,0.0528137,0.0134152,0.013763,0.0160681,0.0150066,0.010306,0.00600369,0.00295866
2.475,-6.41746e-08,-2.79632e-08,0.94985,30,0.000100264,8.11829e-07,0.0288582,-0.0518272,-0.0827074,-0.111368,-0.142779,-0.125811,-0.081578,-0.0456313,0.00039161,-0.0566538,-0.0622916,-0.0513699,-0.0323222,-0.0298297,-0.0298494,-0.0336352,0.0307902,0.121702,0.13312,0.141174,0.15937,0.137168,0.0638105,0.0217906,-1.30123,-0.742766,0.438468,-0.0123379,-0.0172697,0.0434881,0.0575456,0.0393118,-0.151926,29.6751,0.00818014,10,0,182.97,154.711,127.75,105.681,86.1309,72.8238,64.1613,53.4114,0.0521208,0.0130179,0.013382,0.0157312,0.0147735,0.0101563,0.00591858,0.00292064
2.48,-6.48808e-08,-2.97127e-08,0.94985,30,0.000102428,6.36919e-07,0.0285065,-0.0513307,-0.0822755,-0.110888,-0.142018,-0.12503,-0.0810285,-0.0453101,-0.000931561,-0.0581362,-0.0642917,-0.0541284,-0.0352231,-0.032043,-0.0313141,-0.0344659,0.0314517,0.121384,0.132964,0.140897,0.158665,0.136404,0.0634488,0.0216553,-1.30129,-0.742852,0.438683,-0.0120483,-0.0170698,0.0427204,0.0579791,0.040116,-0.153964,29.6771,0.00824664,10,0,182.956,154.7,127.74,105.673,86.1245,72.8191,64.1585,53.4102,0.0516472,0.0127524,0.0131264,0.0155034,0.0146147,0.0100542,0.00586044,0.00289456
2.485,-6.55619e-08,-3.14042e-08,0.94985,30,0.00010452,4.67931e-07,0.0281614,-0.0508384,-0.0818429,-0.110407,-0.14126,-0.124253,-0.0804824,-0.0449908,-0.00224166,-0.0595767,-0.0662426,-0.0568364,-0.0380838,-0.0342271,-0.0327601,-0.0352872,0.0320904,0.121052,0.132792,0.140611,0.157959,0.135645,0.0630886,0.0215207,-1.30135,-0.742937,0.438895,-0.011756,-0.016865,0.0419404,0.0586502,0.0413095,-0.156871,29.679,0.00831757,10,0,182.936,154.685,127.726,105.66,86.1149,72.8123,64.1544,53.4084,0.0509198,0.0123534,0.0127408,0.0151571,0.0143713,0.00989758,0.00577122,0.00285438
2.49,-6.62177e-08,-3.30384e-08,0.94985,30,0.000106541,3.04755e-07,0.0278228,-0.0503506,-0.0814099,-0.109924,-0.140504,-0.12348,-0.0799398,-0.0446735,-0.0035382,-0.0609751,-0.0681438,-0.0594932,-0.0409033,-0.0363812,-0.0341869,-0.0360987,0.0327066,0.120706,0.132606,0.140315,0.157254,0.134888,0.0627299,0.0213868,-1.30141,-0.743021,0.439102,-0.011461,-0.0166554,0.0411487,0.0590399,0.0420476,-0.158749,29.681,0.00839245,10,0,182.923,154.674,127.717,105.652,86.1085,72.8078,64.1517,53.4073,0.0504236,0.0120871,0.0124825,0.0149233,0.0142058,0.00979103,0.00571043,0.00282691
2.495,-6.68478e-08,-3.46157e-08,0.94985,30,0.000108489,1.47282e-07,0.0274903,-0.0498673,-0.0809768,-0.109441,-0.139751,-0.122711,-0.0794006,-0.0443583,-0.00482068,-0.0623313,-0.069995,-0.0620979,-0.0436807,-0.0385046,-0.0355942,-0.0369002,0.0333009,0.120348,0.132406,0.140011,0.15655,0.134135,0.0623728,0.0212536,-1.30147,-0.743103,0.439306,-0.0111636,-0.0164413,0.0403457,0.0596455,0.043142,-0.161416,29.6829,0.0084708,10,0,182.903,154.66,127.703,105.64,86.0992,72.8011,64.1477,53.4055,0.0496629,0.0116876,0.0120933,0.0145685,0.0139528,0.00962808,0.00561736,0.00278471
2.5,-6.74519e-08,-3.61366e-08,0.94985,30,0.000110366,-4.59582e-09,0.0271639,-0.0493886,-0.0805437,-0.108957,-0.139,-0.121947,-0.0788649,-0.0440452,-0.00608866,-0.063645,-0.0717958,-0.06465,-0.0464152,-0.0405967,-0.0369815,-0.0376914,0.0338739,0.119977,0.132192,0.139698,0.155845,0.133384,0.0620173,0.0211212,-1.30152,-0.743185,0.439505,-0.0108639,-0.0162228,0.0395318,0.0599915,0.0438156,-0.163135,29.6848,0.00855217,10,0,182.89,154.65,127.694,105.632,86.0931,72.7968,64.1451,53.4044,0.049145,0.0114214,0.0118329,0.0143294,0.0137811,0.00951746,0.00555411,0.00275593
2.505,-6.80296e-08,-3.76018e-08,0.94985,30,0.000112171,-1.50987e-07,0.0268434,-0.0489147,-0.0801109,-0.108472,-0.138252,-0.121188,-0.0783328,-0.0437341,-0.00734167,-0.064916,-0.0735459,-0.0671488,-0.049106,-0.0426568,-0.0383483,-0.038472,0.0344259,0.119594,0.131965,0.139376,0.155141,0.132637,0.0616632,0.0209894,-1.30158,-0.743266,0.439701,-0.010562,-0.0160002,0.0387077,0.0605312,0.044813,-0.165563,29.6868,0.00863611,10,0,182.87,154.636,127.681,105.62,86.084,72.7903,64.1412,53.4026,0.0483524,0.0110228,0.0114412,0.013967,0.0135193,0.00934867,0.0054575,0.00271184
2.51,-6.85807e-08,-3.90117e-08,0.94985,30,0.000113903,-2.92001e-07,0.0265285,-0.0484457,-0.0796786,-0.107987,-0.137508,-0.120433,-0.0778043,-0.0434252,-0.00857926,-0.0661442,-0.0752451,-0.0695937,-0.0517521,-0.0446842,-0.0396942,-0.0392417,0.0349574,0.1192,0.131725,0.139046,0.154436,0.131894,0.0613107,0.0208583,-1.30163,-0.743345,0.439892,-0.010258,-0.0157736,0.0378738,0.0608336,0.0454238,-0.167122,29.6887,0.00872219,10,0,182.858,154.627,127.673,105.612,86.0781,72.7861,64.1386,53.4015,0.0478138,0.0107578,0.0111795,0.0137232,0.013342,0.00923431,0.00539198,0.00268185
2.515,-6.9105e-08,-4.0367e-08,0.94985,30,0.000115564,-4.27743e-07,0.0262192,-0.0479817,-0.0792468,-0.107502,-0.136766,-0.119683,-0.0772795,-0.0431185,-0.00980101,-0.0673295,-0.0768931,-0.0719841,-0.0543529,-0.0466784,-0.0410187,-0.0400004,0.035469,0.118796,0.131472,0.138708,0.153733,0.131153,0.0609597,0.0207279,-1.30168,-0.743423,0.440079,-0.0099521,-0.0155433,0.0370306,0.0613074,0.0463266,-0.169311,29.6906,0.00880999,10,0,182.839,154.614,127.661,105.601,86.0693,72.7798,64.1348,53.3999,0.046991,0.0103615,0.0107865,0.0133543,0.013072,0.00906019,0.00529211,0.002636
2.52,-6.96021e-08,-4.16682e-08,0.94985,30,0.000117151,-5.5832e-07,0.0259152,-0.0475228,-0.0788159,-0.107016,-0.136028,-0.118937,-0.0767584,-0.0428139,-0.0110065,-0.0684718,-0.0784896,-0.0743194,-0.0569077,-0.0486387,-0.0423216,-0.0407478,0.0359611,0.118381,0.131207,0.138363,0.15303,0.130415,0.0606103,0.0205982,-1.30173,-0.7435,0.440262,-0.00964442,-0.0153094,0.0361786,0.0615663,0.046876,-0.17071,29.6924,0.00889913,10,0,182.826,154.606,127.653,105.594,86.0636,72.7757,64.1324,53.3988,0.0464328,0.0100985,0.0105243,0.0131064,0.0128896,0.00894245,0.00522451,0.00260488
2.525,-7.00719e-08,-4.29159e-08,0.94985,30,0.000118667,-6.8384e-07,0.0256164,-0.0470691,-0.078386,-0.106531,-0.135293,-0.118197,-0.076241,-0.0425116,-0.0121953,-0.069571,-0.0800344,-0.0765991,-0.0594156,-0.0505647,-0.0436023,-0.0414836,0.0364342,0.117956,0.130931,0.13801,0.152327,0.129681,0.0602623,0.0204691,-1.30177,-0.743576,0.44044,-0.00933509,-0.0150721,0.0353183,0.0619742,0.0476864,-0.172661,29.6943,0.00898923,10,0,182.808,154.594,127.642,105.583,86.0551,72.7696,64.1287,53.3971,0.0455815,0.00970632,0.0101311,0.0127319,0.0126124,0.00876351,0.00512168,0.00255741
2.53,-7.05141e-08,-4.41107e-08,0.94985,30,0.000120111,-8.04406e-07,0.0253226,-0.0466207,-0.0779573,-0.106046,-0.134561,-0.117461,-0.0757274,-0.0422115,-0.013367,-0.070627,-0.0815274,-0.0788228,-0.061876,-0.0524556,-0.0448606,-0.0422077,0.0368886,0.117522,0.130644,0.137649,0.151624,0.12895,0.0599159,0.0203407,-1.30182,-0.743651,0.440615,-0.00902426,-0.0148317,0.0344502,0.0621899,0.0481761,-0.173901,29.6962,0.00907994,10,0,182.796,154.587,127.634,105.576,86.0496,72.7656,64.1263,53.3961,0.0450048,0.00944662,0.00986918,0.0124807,0.0124254,0.00864275,0.00505222,0.00252526
2.535,-7.09287e-08,-4.52533e-08,0.94985,30,0.000121482,-9.20125e-07,0.0250337,-0.0461776,-0.0775299,-0.105561,-0.133833,-0.11673,-0.0752176,-0.0419136,-0.0145213,-0.0716398,-0.0829684,-0.0809899,-0.0642882,-0.0543112,-0.046096,-0.0429198,0.037325,0.117078,0.130345,0.137282,0.150923,0.128222,0.0595709,0.020213,-1.30186,-0.743724,0.440784,-0.00871205,-0.0145883,0.0335747,0.0625321,0.0488964,-0.175616,29.698,0.00917091,10,0,182.778,154.576,127.624,105.566,86.0414,72.7598,64.1227,53.3945,0.0441266,0.00906026,0.00947713,0.0121017,0.0121418,0.00845955,0.00494673,0.00247632
2.54,-7.13153e-08,-4.63443e-08,0.94985,30,0.000122782,-1.0311e-06,0.0247495,-0.0457399,-0.0771039,-0.105077,-0.133108,-0.116004,-0.0747117,-0.0416181,-0.0156578,-0.0726093,-0.0843573,-0.0831002,-0.0666517,-0.0561307,-0.0473083,-0.0436196,0.0377436,0.116627,0.130036,0.136908,0.150222,0.127497,0.0592275,0.020086,-1.30191,-0.743797,0.44095,-0.0083986,-0.014342,0.0326925,0.062705,0.0493282,-0.176697,29.6999,0.00926184,10,0,182.767,154.569,127.617,105.559,86.0361,72.7559,64.1204,53.3935,0.0435327,0.00880515,0.0092165,0.0118477,0.0119507,0.00833612,0.00487559,0.00244323
2.545,-7.16739e-08,-4.73842e-08,0.94985,30,0.00012401,-1.13743e-06,0.0244698,-0.0453078,-0.0766796,-0.104594,-0.132388,-0.115283,-0.0742097,-0.0413248,-0.0167761,-0.0735356,-0.0856939,-0.0851531,-0.0689657,-0.0579138,-0.0484971,-0.0443071,0.0381451,0.116168,0.129717,0.136527,0.149521,0.126775,0.0588855,0.0199596,-1.30195,-0.743868,0.441111,-0.00808405,-0.0140931,0.0318039,0.0629817,0.0499608,-0.178176,29.7017,0.00935242,10,0,182.749,154.558,127.607,105.55,86.0283,72.7503,64.117,53.3919,0.0426296,0.00842677,0.00882706,0.0114652,0.0116614,0.0081492,0.00476775,0.00239295
2.55,-7.20043e-08,-4.83738e-08,0.94985,30,0.000125166,-1.23923e-06,0.0241946,-0.0448812,-0.0762571,-0.104111,-0.131671,-0.114568,-0.0737115,-0.0410338,-0.0178759,-0.0744187,-0.0869782,-0.0871483,-0.0712299,-0.05966,-0.049662,-0.044982,0.0385296,0.115701,0.129388,0.136139,0.148822,0.126057,0.0585451,0.0198339,-1.30199,-0.743937,0.441268,-0.00776852,-0.0138418,0.0309095,0.0631122,0.0503361,-0.179101,29.7035,0.00944238,10,0,182.738,154.552,127.601,105.544,86.0232,72.7466,64.1148,53.3909,0.0420196,0.00817776,0.00856869,0.0112093,0.0114669,0.00802348,0.00469515,0.00235903
2.555,-7.23065e-08,-4.93136e-08,0.94985,30,0.000126251,-1.33659e-06,0.0239237,-0.0444602,-0.0758365,-0.10363,-0.130957,-0.113857,-0.0732173,-0.0407452,-0.0189568,-0.0752587,-0.0882101,-0.0890855,-0.0734435,-0.0613688,-0.0508029,-0.0456441,0.0388979,0.115226,0.12905,0.135746,0.148123,0.125341,0.0582061,0.0197089,-1.30203,-0.744006,0.44142,-0.00745217,-0.0135881,0.0300097,0.0633239,0.0508836,-0.180347,29.7053,0.00953144,10,0,182.722,154.543,127.592,105.535,86.0156,72.7412,64.1115,53.3894,0.0410935,0.00780984,0.00818347,0.0108243,0.0111728,0.00783341,0.00458528,0.00230756
2.56,-7.25802e-08,-5.02043e-08,0.94985,30,0.000127265,-1.42961e-06,0.0236569,-0.0440449,-0.0754179,-0.10315,-0.130248,-0.113151,-0.0727271,-0.0404589,-0.0200185,-0.0760555,-0.0893896,-0.0909643,-0.0756061,-0.0630399,-0.0519194,-0.0462933,0.0392501,0.114746,0.128703,0.135347,0.147425,0.124629,0.0578686,0.0195845,-1.30206,-0.744073,0.441567,-0.00713511,-0.0133324,0.0291051,0.0634123,0.0512041,-0.181116,29.7071,0.00961936,10,0,182.711,154.537,127.586,105.529,86.0108,72.7377,64.1093,53.3885,0.0404689,0.00756873,0.00792852,0.0105672,0.0109754,0.00770578,0.00451143,0.00227289
2.565,-7.28256e-08,-5.10466e-08,0.94985,30,0.000128207,-1.51839e-06,0.0233941,-0.0436353,-0.0750015,-0.102671,-0.129543,-0.112451,-0.0722408,-0.040175,-0.0210608,-0.0768094,-0.0905167,-0.0927846,-0.0777172,-0.0646728,-0.0530113,-0.0469293,0.0395868,0.114259,0.128347,0.134941,0.146728,0.12392,0.0575326,0.0194607,-1.3021,-0.744139,0.44171,-0.00681749,-0.0130748,0.028196,0.0635596,0.0516688,-0.182131,29.7088,0.00970591,10,0,182.695,154.529,127.578,105.52,86.0036,72.7325,64.1062,53.3871,0.0395217,0.00721419,0.00754939,0.010181,0.0106774,0.00751314,0.00439984,0.00222038
2.57,-7.30424e-08,-5.18411e-08,0.94985,30,0.00012908,-1.60304e-06,0.0231351,-0.0432315,-0.0745875,-0.102193,-0.128842,-0.111756,-0.0717585,-0.0398934,-0.0220833,-0.0775203,-0.0915915,-0.094546,-0.0797763,-0.0662672,-0.0540782,-0.047552,0.0399083,0.113766,0.127983,0.134531,0.146032,0.123214,0.0571981,0.0193376,-1.30213,-0.744204,0.441849,-0.00649943,-0.0128153,0.0272831,0.0636066,0.0519363,-0.182747,29.7106,0.00979087,10,0,182.684,154.524,127.573,105.515,85.9989,72.7291,64.1041,53.3861,0.0388837,0.00698313,0.00729919,0.00992336,0.0104776,0.007384,0.00432497,0.00218507
2.575,-7.32307e-08,-5.25885e-08,0.94985,30,0.000129882,-1.68365e-06,0.02288,-0.0428334,-0.0741758,-0.101717,-0.128145,-0.111066,-0.0712803,-0.0396142,-0.0230857,-0.0781883,-0.0926139,-0.0962484,-0.0817831,-0.0678228,-0.05512,-0.0481613,0.0402152,0.113267,0.12761,0.134115,0.145336,0.122511,0.0568651,0.0192151,-1.30216,-0.744267,0.441983,-0.00618106,-0.0125543,0.0263667,0.0636899,0.0523206,-0.183533,29.7123,0.00987405,10,0,182.669,154.517,127.565,105.507,85.9921,72.7242,64.1011,53.3847,0.0379175,0.00664551,0.00692837,0.00953708,0.0101766,0.00718939,0.004212,0.00213167
2.58,-7.33904e-08,-5.32895e-08,0.94985,30,0.000130614,-1.76031e-06,0.0226284,-0.0424412,-0.0737666,-0.101243,-0.127452,-0.110382,-0.070806,-0.0393374,-0.0240678,-0.0788138,-0.0935841,-0.0978915,-0.0837371,-0.0693391,-0.0561364,-0.048757,0.0405076,0.112764,0.12723,0.133694,0.144642,0.121811,0.0565336,0.0190933,-1.30219,-0.744329,0.442112,-0.00586252,-0.0122918,0.0254473,0.063696,0.0525367,-0.183997,29.714,0.00995524,10,0,182.659,154.512,127.56,105.501,85.9877,72.721,64.0992,53.3839,0.0372676,0.00642707,0.00668454,0.00927984,0.00997512,0.00705914,0.00413632,0.00209582
2.585,-7.35216e-08,-5.39447e-08,0.94985,30,0.000131277,-1.83312e-06,0.0223804,-0.0420548,-0.0733601,-0.100771,-0.126764,-0.109702,-0.0703358,-0.0390631,-0.0250294,-0.0793967,-0.0945021,-0.0994753,-0.085638,-0.070816,-0.0571273,-0.049339,0.0407861,0.112255,0.126843,0.133267,0.143949,0.121115,0.0562036,0.0189721,-1.30222,-0.74439,0.442237,-0.00554394,-0.012028,0.0245255,0.0637162,0.0528433,-0.184559,29.7157,0.0100343,10,0,182.644,154.506,127.554,105.494,85.9812,72.7162,64.0963,53.3825,0.0362846,0.00611066,0.0063247,0.00889477,0.00967198,0.00686319,0.00402232,0.00204169
2.59,-7.36242e-08,-5.45548e-08,0.94985,30,0.000131871,-1.90218e-06,0.0221357,-0.0416743,-0.0729562,-0.1003,-0.12608,-0.109028,-0.0698697,-0.0387911,-0.0259701,-0.0799373,-0.095368,-0.101,-0.0874854,-0.0722531,-0.0580923,-0.0499071,0.0410511,0.111742,0.126449,0.132837,0.143258,0.120422,0.055875,0.0188516,-1.30225,-0.744449,0.442357,-0.00522544,-0.0117631,0.0236016,0.0636821,0.0530097,-0.184873,29.7174,0.010111,10,0,182.634,154.502,127.55,105.489,85.977,72.7132,64.0944,53.3817,0.0356242,0.00590801,0.00608925,0.00863881,0.00946942,0.00673227,0.00394606,0.0020054
2.595,-7.36983e-08,-5.51206e-08,0.94985,30,0.000132397,-1.96758e-06,0.0218944,-0.0412997,-0.0725553,-0.0998315,-0.1254,-0.10836,-0.0694076,-0.0385215,-0.0268897,-0.0804357,-0.096182,-0.102464,-0.0892791,-0.0736501,-0.0590314,-0.0504613,0.0413028,0.111226,0.126048,0.132401,0.142567,0.119731,0.0555479,0.0187316,-1.30227,-0.744507,0.442472,-0.00490715,-0.0114973,0.0226761,0.06364,0.0532409,-0.185214,29.7191,0.0101853,10,0,182.62,154.497,127.544,105.482,85.9708,72.7087,64.0917,53.3804,0.0346266,0.00561798,0.00574375,0.0082564,0.00916516,0.00653563,0.00383139,0.0019507
2.6,-7.37439e-08,-5.56426e-08,0.94985,30,0.000132854,-2.02941e-06,0.0216562,-0.040931,-0.0721572,-0.0993649,-0.124725,-0.107697,-0.0689496,-0.0382544,-0.0277881,-0.0808922,-0.0969443,-0.103869,-0.0910186,-0.0750069,-0.0599443,-0.0510014,0.0415417,0.110705,0.125641,0.131962,0.141878,0.119044,0.0552223,0.0186123,-1.3023,-0.744564,0.442583,-0.00458919,-0.0112306,0.0217496,0.0635664,0.0533592,-0.185381,29.7207,0.0102569,10,0,182.611,154.494,127.54,105.478,85.9669,72.7058,64.0899,53.3796,0.0339571,0.0054349,0.0055192,0.00800272,0.00896219,0.00640448,0.00375481,0.00191408
2.605,-7.3761e-08,-5.61216e-08,0.94985,30,0.000133244,-2.08776e-06,0.0214211,-0.0405683,-0.0717621,-0.0989005,-0.124055,-0.107039,-0.0684956,-0.0379896,-0.028665,-0.081307,-0.0976551,-0.105215,-0.0927039,-0.0763232,-0.060831,-0.0515272,0.0417682,0.110181,0.125227,0.131518,0.14119,0.118361,0.0548982,0.0184937,-1.30232,-0.74462,0.442689,-0.0042717,-0.0109633,0.0208224,0.0634628,0.0535177,-0.185505,29.7224,0.0103258,10,0,182.598,154.489,127.535,105.471,85.9611,72.7016,64.0873,53.3784,0.0329471,0.00517745,0.00519236,0.00762456,0.00865783,0.00620785,0.00363983,0.00185898
2.61,-7.37498e-08,-5.65583e-08,0.94985,30,0.000133567,-2.14273e-06,0.0211889,-0.0402114,-0.0713701,-0.0984384,-0.123389,-0.106386,-0.0680458,-0.0377273,-0.0295202,-0.0816803,-0.0983144,-0.1065,-0.0943346,-0.0775988,-0.0616912,-0.0520388,0.0419825,0.109654,0.124808,0.13107,0.140503,0.11768,0.0545755,0.0183756,-1.30234,-0.744674,0.442791,-0.0039548,-0.0106954,0.0198949,0.0633503,0.0535897,-0.185527,29.724,0.0103919,10,0,182.589,154.486,127.531,105.467,85.9574,72.6989,64.0856,53.3776,0.0322701,0.00501836,0.00498199,0.00737431,0.00845516,0.00607695,0.00356317,0.00182215
2.615,-7.37104e-08,-5.69534e-08,0.94985,30,0.000133824,-2.19439e-06,0.0209596,-0.0398605,-0.0709812,-0.0979787,-0.122727,-0.105739,-0.0676,-0.0374675,-0.0303536,-0.0820125,-0.0989227,-0.107726,-0.0959106,-0.0788336,-0.0625249,-0.052536,0.0421851,0.109125,0.124383,0.130619,0.139818,0.117002,0.0542543,0.0182582,-1.30236,-0.744726,0.442888,-0.00363861,-0.0104271,0.0189677,0.0631864,0.0536778,-0.185438,29.7256,0.010455,10,0,182.576,154.483,127.527,105.462,85.952,72.6949,64.0832,53.3765,0.03125,0.00480052,0.00467943,0.00700227,0.00815182,0.00588107,0.00344829,0.00176681
2.62,-7.36428e-08,-5.73075e-08,0.94985,30,0.000134015,-2.24285e-06,0.020733,-0.0395155,-0.0705956,-0.0975214,-0.12207,-0.105098,-0.0671583,-0.03721,-0.0311649,-0.0823037,-0.0994801,-0.108893,-0.0974317,-0.0800273,-0.0633319,-0.0530187,0.0423763,0.108592,0.123953,0.130164,0.139135,0.116328,0.0539346,0.0181414,-1.30237,-0.744778,0.44298,-0.00332325,-0.0101587,0.0180412,0.0630359,0.0537051,-0.185319,29.7272,0.010515,10,0,182.568,154.481,127.524,105.458,85.9485,72.6923,64.0816,53.3757,0.0305671,0.00467031,0.00448752,0.0067568,0.00795021,0.00575093,0.00337184,0.00172988
2.625,-7.35472e-08,-5.76214e-08,0.94985,30,0.00013414,-2.28817e-06,0.0205091,-0.0391764,-0.0702132,-0.0970666,-0.121418,-0.104461,-0.0667207,-0.036955,-0.031954,-0.0825543,-0.0999869,-0.11,-0.0988978,-0.0811799,-0.0641121,-0.0534868,0.0425565,0.108058,0.123518,0.129705,0.138453,0.115657,0.0536164,0.0180252,-1.30239,-0.744828,0.443068,-0.00300884,-0.00989008,0.0171157,0.0628126,0.0537255,-0.185021,29.7288,0.0105719,10,0,182.556,154.478,127.521,105.453,85.9434,72.6886,64.0793,53.3747,0.0295393,0.00449947,0.00421655,0.0063931,0.00764908,0.0055566,0.00325748,0.00167449
2.63,-7.34237e-08,-5.78958e-08,0.94985,30,0.000134201,-2.33046e-06,0.0202878,-0.0388432,-0.0698342,-0.0966145,-0.120771,-0.103831,-0.0662872,-0.0367024,-0.0327209,-0.0827646,-0.100443,-0.111047,-0.100309,-0.0822912,-0.0648654,-0.0539404,0.0427259,0.107522,0.123079,0.129244,0.137772,0.114989,0.0532997,0.0179096,-1.3024,-0.744877,0.443151,-0.00269551,-0.00962154,0.0161918,0.0626249,0.0537098,-0.184764,29.7303,0.0106256,10,0,182.548,154.477,127.518,105.449,85.9402,72.6862,64.0778,53.374,0.0288521,0.00440294,0.00404861,0.00615406,0.00744939,0.00542776,0.00318152,0.00163759
2.635,-7.32725e-08,-5.81313e-08,0.94985,30,0.000134198,-2.36979e-06,0.020069,-0.0385159,-0.0694586,-0.096165,-0.120128,-0.103205,-0.0658577,-0.0364523,-0.0334652,-0.082935,-0.10085,-0.112035,-0.101664,-0.0833612,-0.0655918,-0.0543793,0.042885,0.106985,0.122635,0.128779,0.137093,0.114324,0.0529844,0.0177947,-1.30242,-0.744924,0.443229,-0.00238337,-0.00935317,0.0152699,0.0623435,0.0536649,-0.184263,29.7319,0.010676,10,0,182.536,154.475,127.515,105.445,85.9355,72.6828,64.0757,53.3729,0.027819,0.00428576,0.00381848,0.00580145,0.00715181,0.00523585,0.00306814,0.00158235
2.64,-7.30936e-08,-5.83287e-08,0.94985,30,0.000134132,-2.40625e-06,0.0198526,-0.0381945,-0.0690865,-0.0957182,-0.119491,-0.102585,-0.0654323,-0.0362046,-0.034187,-0.0830657,-0.101207,-0.112964,-0.102965,-0.0843897,-0.0662912,-0.0548034,0.0430339,0.106446,0.122187,0.128311,0.136416,0.113663,0.0526707,0.0176803,-1.30243,-0.74497,0.443303,-0.00207254,-0.0090851,0.0143503,0.0621194,0.0536078,-0.18387,29.7334,0.010723,10,0,182.529,154.474,127.514,105.442,85.9325,72.6805,64.0743,53.3723,0.0271292,0.00422674,0.00368127,0.0055709,0.00695497,0.00510894,0.002993,0.00154562
2.645,-7.28874e-08,-5.84887e-08,0.94985,30,0.000134003,-2.43992e-06,0.0196385,-0.037879,-0.0687179,-0.0952743,-0.118857,-0.101971,-0.065011,-0.0359593,-0.0348861,-0.0831571,-0.101514,-0.113834,-0.10421,-0.0853768,-0.0669636,-0.0552128,0.0431731,0.105906,0.121735,0.127841,0.135741,0.113004,0.0523584,0.0175666,-1.30244,-0.745015,0.443372,-0.00176313,-0.00881746,0.0134335,0.0617811,0.0535002,-0.183171,29.7349,0.0107665,10,0,182.518,154.473,127.512,105.438,85.9281,72.6773,64.0723,53.3713,0.0260936,0.00416758,0.0035028,0.00523292,0.00666244,0.0049204,0.0028811,0.00149072
2.65,-7.2654e-08,-5.8612e-08,0.94985,30,0.000133812,-2.47087e-06,0.0194266,-0.0375693,-0.0683529,-0.0948332,-0.118229,-0.101362,-0.0645937,-0.0357164,-0.0355624,-0.0832096,-0.101773,-0.114645,-0.105399,-0.0863223,-0.0676089,-0.0556073,0.0433028,0.105365,0.121279,0.127368,0.135068,0.112349,0.0520476,0.0174534,-1.30245,-0.745058,0.443437,-0.00145526,-0.00855039,0.01252,0.0615215,0.0534033,-0.182647,29.7364,0.0108066,10,0,182.511,154.473,127.51,105.435,85.9254,72.6753,64.071,53.3707,0.025403,0.00414782,0.00340376,0.00501354,0.00646951,0.00479609,0.00280713,0.0014543
2.655,-7.23936e-08,-5.86992e-08,0.94985,30,0.000133561,-2.49919e-06,0.0192169,-0.0372655,-0.0679915,-0.094395,-0.117606,-0.100758,-0.0641805,-0.0354759,-0.0362159,-0.0832235,-0.101983,-0.115398,-0.106534,-0.0872263,-0.0682271,-0.055987,0.0434234,0.104824,0.12082,0.126893,0.134396,0.111697,0.0517382,0.0173409,-1.30245,-0.7451,0.443497,-0.00114905,-0.00828399,0.01161,0.0611277,0.0532355,-0.181755,29.7378,0.0108431,10,0,182.501,154.473,127.509,105.431,85.9214,72.6723,64.0692,53.3698,0.0243676,0.0041473,0.00328773,0.0046948,0.00618376,0.004612,0.00269729,0.00139999
2.66,-7.21065e-08,-5.87511e-08,0.94985,30,0.000133249,-2.52495e-06,0.0190093,-0.0369674,-0.0676338,-0.0939598,-0.116987,-0.10016,-0.0637714,-0.0352379,-0.0368464,-0.0831994,-0.102145,-0.116092,-0.107613,-0.0880889,-0.0688182,-0.0563519,0.0435352,0.104282,0.120358,0.126416,0.133726,0.111049,0.0514304,0.0172289,-1.30246,-0.745141,0.443552,-0.000844594,-0.00801839,0.010704,0.0608334,0.0531005,-0.181103,29.7393,0.0108761,10,0,182.495,154.473,127.508,105.429,85.9189,72.6704,64.068,53.3692,0.023678,0.00416576,0.00323328,0.00449016,0.005996,0.00449106,0.00262489,0.00136403
2.665,-7.17928e-08,-5.87684e-08,0.94985,30,0.000132877,-2.54823e-06,0.0188037,-0.0366751,-0.0672797,-0.0935276,-0.116374,-0.099567,-0.0633662,-0.0350022,-0.0374539,-0.0831375,-0.10226,-0.116729,-0.108637,-0.0889099,-0.0693822,-0.0567018,0.0436384,0.103741,0.119893,0.125936,0.133059,0.110403,0.051124,0.0171176,-1.30246,-0.74518,0.443603,-0.000542013,-0.00775371,0.00980236,0.0603856,0.052875,-0.180024,29.7407,0.0109055,10,0,182.486,154.474,127.507,105.426,85.9153,72.6677,64.0663,53.3684,0.0226457,0.00422017,0.00318719,0.00419688,0.00571905,0.00431265,0.00251773,0.00131055
2.67,-7.14528e-08,-5.87518e-08,0.94985,30,0.000132447,-2.56911e-06,0.0186,-0.0363885,-0.0669293,-0.0930986,-0.115765,-0.0989796,-0.0629651,-0.0347689,-0.0380384,-0.0830384,-0.102327,-0.117308,-0.109605,-0.0896894,-0.0699191,-0.0570369,0.0437333,0.103199,0.119425,0.125455,0.132393,0.109761,0.0508191,0.0170069,-1.30246,-0.745218,0.44365,-0.000241414,-0.00749007,0.00890552,0.0600576,0.0527034,-0.179249,29.7421,0.0109312,10,0,182.48,154.475,127.507,105.424,85.913,72.666,64.0652,53.3678,0.0219593,0.00427311,0.00318032,0.00401176,0.00553793,0.00419595,0.00244736,0.00127525
2.675,-7.10868e-08,-5.87019e-08,0.94985,30,0.000131959,-2.58766e-06,0.0183982,-0.0361076,-0.0665828,-0.0926726,-0.115161,-0.0983975,-0.062568,-0.0345381,-0.0385998,-0.0829024,-0.102347,-0.117829,-0.110519,-0.0904276,-0.070429,-0.057357,0.0438203,0.102658,0.118955,0.124972,0.131729,0.109122,0.0505157,0.0168967,-1.30246,-0.745255,0.443692,5.70961e-05,-0.00722757,0.00801382,0.0595571,0.0524227,-0.177988,29.7435,0.0109533,10,0,182.471,154.476,127.507,105.422,85.9098,72.6636,64.0637,53.3671,0.0209334,0.00437525,0.00320491,0.00375222,0.0052722,0.00402462,0.00234363,0.00122289
2.68,-7.0695e-08,-5.86196e-08,0.94985,30,0.000131414,-2.60395e-06,0.0181982,-0.0358324,-0.0662399,-0.0922498,-0.114563,-0.0978208,-0.0621748,-0.0343096,-0.039138,-0.08273,-0.102321,-0.118293,-0.111378,-0.0911245,-0.0709118,-0.0576623,0.0438995,0.102118,0.118483,0.124487,0.131068,0.108486,0.0502138,0.0167872,-1.30246,-0.74529,0.44373,0.000353413,-0.00696634,0.00712763,0.0591964,0.0522162,-0.177093,29.7449,0.0109717,10,0,182.466,154.478,127.507,105.42,85.9078,72.662,64.0627,53.3666,0.0202525,0.00445708,0.00324345,0.00359295,0.00509948,0.00391316,0.00227582,0.00118844
2.685,-7.02777e-08,-5.85054e-08,0.94985,30,0.000130812,-2.61805e-06,0.018,-0.0355628,-0.0659009,-0.0918302,-0.113969,-0.0972494,-0.0617856,-0.0340834,-0.0396532,-0.0825217,-0.102249,-0.118701,-0.112182,-0.0917803,-0.0713677,-0.0579527,0.0439713,0.101578,0.118009,0.124001,0.130409,0.107853,0.0499134,0.0166783,-1.30246,-0.745324,0.443763,0.000647433,-0.00670647,0.00624732,0.0586448,0.0518826,-0.175658,29.7463,0.0109865,10,0,182.458,154.48,127.508,105.418,85.9049,72.6598,64.0613,53.3659,0.0192367,0.00459793,0.00333173,0.00337783,0.0048479,0.00375054,0.00217637,0.00113753
2.69,-6.98353e-08,-5.83601e-08,0.94985,30,0.000130156,-2.63004e-06,0.0178034,-0.0352988,-0.0655658,-0.0914138,-0.11338,-0.0966834,-0.0614004,-0.0338596,-0.0401452,-0.082278,-0.102132,-0.119053,-0.112932,-0.0923949,-0.0717967,-0.0582282,0.0440359,0.10104,0.117533,0.123513,0.129752,0.107224,0.0496145,0.0165699,-1.30246,-0.745357,0.443792,0.000939053,-0.00644807,0.00537324,0.0582524,0.0516428,-0.174647,29.7476,0.0109975,10,0,182.453,154.482,127.508,105.417,85.9031,72.6584,64.0604,53.3654,0.0185638,0.00470245,0.00340895,0.00325224,0.00468573,0.00364547,0.00211174,0.00110417
2.695,-6.9368e-08,-5.81843e-08,0.94985,30,0.000129445,-2.63997e-06,0.0176085,-0.0350404,-0.0652344,-0.0910008,-0.112796,-0.0961227,-0.0610191,-0.0336382,-0.0406141,-0.0819992,-0.10197,-0.119349,-0.113627,-0.0929686,-0.0721989,-0.0584889,0.0440935,0.100503,0.117055,0.123025,0.129097,0.106598,0.049317,0.0164621,-1.30245,-0.745389,0.443816,0.00122817,-0.00619125,0.00450576,0.0576512,0.0512589,-0.173043,29.7489,0.0110048,10,0,182.446,154.485,127.509,105.416,85.9006,72.6565,64.0591,53.3647,0.0175623,0.00487279,0.00354872,0.00309402,0.00445185,0.00349343,0.00201758,0.00105509
2.7,-6.88761e-08,-5.79789e-08,0.94985,30,0.00012868,-2.64793e-06,0.0174151,-0.0347874,-0.0649069,-0.090591,-0.112217,-0.0955672,-0.0606418,-0.0334191,-0.0410599,-0.0816861,-0.101764,-0.11959,-0.114269,-0.0935015,-0.0725743,-0.0587347,0.0441445,0.0999667,0.116576,0.122535,0.128444,0.105975,0.049021,0.016355,-1.30244,-0.745419,0.443836,0.0015147,-0.0059361,0.0036452,0.0572282,0.0509874,-0.171921,29.7502,0.0110085,10,0,182.441,154.488,127.51,105.415,85.899,72.6553,64.0584,53.3643,0.0169006,0.00499409,0.00365575,0.00301053,0.00430285,0.0033961,0.00195685,0.00102309
2.705,-6.836e-08,-5.77443e-08,0.94985,30,0.000127863,-2.65397e-06,0.0172233,-0.0345399,-0.0645833,-0.0901846,-0.111643,-0.0950171,-0.0602683,-0.0332024,-0.0414826,-0.081339,-0.101515,-0.119775,-0.114856,-0.0939938,-0.0729231,-0.0589658,0.0441891,0.0994323,0.116095,0.122045,0.127794,0.105356,0.0487266,0.0162484,-1.30243,-0.745448,0.443852,0.00179852,-0.00568273,0.00279191,0.0565792,0.0505556,-0.170155,29.7515,0.0110084,10,0,182.435,154.492,127.512,105.414,85.8969,72.6536,64.0573,53.3638,0.0159186,0.00518559,0.00383358,0.00292095,0.00409098,0.00325677,0.00186917,0.0009763
2.71,-6.782e-08,-5.74815e-08,0.94985,30,0.000126994,-2.65816e-06,0.0170329,-0.0342978,-0.0642636,-0.0897815,-0.111073,-0.0944722,-0.0598987,-0.0329879,-0.0418822,-0.0809584,-0.101222,-0.119907,-0.11539,-0.0944457,-0.0732455,-0.0591822,0.0442275,0.0988997,0.115614,0.121553,0.127146,0.104739,0.0484336,0.0161424,-1.30242,-0.745476,0.443864,0.00207956,-0.00543122,0.00194621,0.0561265,0.0502538,-0.168927,29.7528,0.0110047,10,0,182.431,154.494,127.514,105.413,85.8956,72.6526,64.0566,53.3634,0.015272,0.00531853,0.00396179,0.00288605,0.00395828,0.0031687,0.00181321,0.000945996
2.715,-6.72565e-08,-5.71909e-08,0.94985,30,0.000126075,-2.66057e-06,0.0168439,-0.034061,-0.0639478,-0.0893818,-0.110509,-0.0939326,-0.0595329,-0.0327758,-0.0422589,-0.080545,-0.100887,-0.119984,-0.115871,-0.0948574,-0.0735414,-0.0593839,0.04426,0.098369,0.115131,0.121061,0.1265,0.104126,0.0481421,0.016037,-1.30241,-0.745502,0.443871,0.00235771,-0.00518168,0.00110844,0.0554313,0.0497765,-0.167005,29.7541,0.0109973,10,0,182.425,154.499,127.516,105.413,85.8938,72.6511,64.0556,53.3629,0.0143159,0.00552418,0.0041657,0.00287151,0.00377348,0.00304449,0.00173339,0.000902029
2.72,-6.66698e-08,-5.68734e-08,0.94985,30,0.000125106,-2.66125e-06,0.0166562,-0.0338295,-0.0636358,-0.0889855,-0.10995,-0.0933981,-0.059171,-0.0325659,-0.0426127,-0.0800992,-0.10051,-0.120008,-0.116299,-0.0952291,-0.0738111,-0.059571,0.0442867,0.0978404,0.114648,0.120569,0.125857,0.103517,0.0478521,0.0159321,-1.3024,-0.745527,0.443875,0.00263288,-0.00493418,0.000278902,0.0549501,0.049446,-0.165675,29.7553,0.0109863,10,0,182.422,154.502,127.518,105.413,85.8927,72.6503,64.055,53.3625,0.0136892,0.00566456,0.00430789,0.00288659,0.00366067,0.00296734,0.00168318,0.000873811
2.725,-6.60603e-08,-5.65295e-08,0.94985,30,0.000124088,-2.66027e-06,0.0164699,-0.0336033,-0.0633278,-0.0885926,-0.109396,-0.0928688,-0.0588129,-0.0323583,-0.0429436,-0.0796216,-0.100092,-0.119979,-0.116675,-0.0955611,-0.0740547,-0.0597435,0.0443079,0.0973139,0.114165,0.120076,0.125217,0.10291,0.0475635,0.0158279,-1.30239,-0.745551,0.443874,0.00290499,-0.00468883,-0.000542092,0.0542104,0.0489256,-0.163605,29.7565,0.0109716,10,0,182.417,154.508,127.521,105.413,85.8912,72.6491,64.0542,53.3621,0.0127677,0.0058787,0.00452835,0.00294433,0.00350858,0.0028608,0.00161281,0.000833308
2.73,-6.54283e-08,-5.616e-08,0.94985,30,0.000123022,-2.65768e-06,0.0162849,-0.0333823,-0.0630236,-0.0882032,-0.108846,-0.0923447,-0.0584586,-0.032153,-0.0432517,-0.0791127,-0.0996327,-0.119899,-0.116998,-0.0958536,-0.0742724,-0.0599016,0.0443239,0.0967899,0.113681,0.119583,0.124579,0.102307,0.0472765,0.0157242,-1.30237,-0.745574,0.443869,0.00317395,-0.00444571,-0.00135424,0.0537018,0.0485679,-0.162177,29.7577,0.0109533,10,0,182.414,154.511,127.524,105.413,85.8904,72.6483,64.0537,53.3618,0.0121675,0.00602315,0.00467898,0.00300444,0.00341949,0.00279631,0.00156945,0.000807639
2.735,-6.47743e-08,-5.57655e-08,0.94985,30,0.00012191,-2.65356e-06,0.016101,-0.0331664,-0.0627234,-0.0878173,-0.108302,-0.0918257,-0.058108,-0.0319499,-0.0435371,-0.0785732,-0.0991339,-0.119766,-0.11727,-0.0961069,-0.0744642,-0.0600453,0.0443348,0.0962683,0.113197,0.11909,0.123944,0.101707,0.046991,0.0156211,-1.30236,-0.745596,0.44386,0.00343966,-0.00420489,-0.00215725,0.0529196,0.0480067,-0.159966,29.7589,0.0109314,10,0,182.409,154.518,127.527,105.414,85.8893,72.6474,64.0531,53.3614,0.0112921,0.00624131,0.0049088,0.00312326,0.00330574,0.00271002,0.00151022,0.000771346
2.74,-6.40987e-08,-5.53468e-08,0.94985,30,0.000120752,-2.64795e-06,0.0159184,-0.0329556,-0.062427,-0.0874348,-0.107762,-0.0913118,-0.0577612,-0.0317491,-0.0438,-0.0780036,-0.0985957,-0.119582,-0.11749,-0.0963212,-0.0746305,-0.0601746,0.0443408,0.0957494,0.112713,0.118596,0.123311,0.101111,0.0467069,0.0155186,-1.30234,-0.745616,0.443847,0.00370205,-0.00396646,-0.00295083,0.0523846,0.0476234,-0.158445,29.7601,0.010906,10,0,182.407,154.522,127.53,105.414,85.8887,72.6468,64.0527,53.3611,0.0107277,0.00638719,0.00506376,0.00321919,0.0032439,0.00265981,0.00147486,0.000748758
2.745,-6.34018e-08,-5.49044e-08,0.94985,30,0.000119549,-2.64091e-06,0.0157369,-0.0327498,-0.0621345,-0.0870557,-0.107227,-0.090803,-0.0574181,-0.0315504,-0.0440404,-0.0774045,-0.0980188,-0.119348,-0.11766,-0.0964969,-0.0747714,-0.0602897,0.0443422,0.0952332,0.112229,0.118103,0.122681,0.100517,0.0464244,0.0154167,-1.30232,-0.745635,0.44383,0.00396103,-0.00373051,-0.00373472,0.0515616,0.0470238,-0.1561,29.7612,0.0108771,10,0,182.403,154.528,127.534,105.415,85.8879,72.6461,64.0522,53.3608,0.0099151,0.00660587,0.00529763,0.0033841,0.00317309,0.002596,0.00142845,0.000717519
2.75,-6.2684e-08,-5.44391e-08,0.94985,30,0.000118303,-2.63249e-06,0.0155565,-0.032549,-0.0618459,-0.0866802,-0.106698,-0.0902992,-0.0570786,-0.031354,-0.0442584,-0.0767764,-0.097404,-0.119065,-0.117779,-0.0966344,-0.074887,-0.0603906,0.0443392,0.0947199,0.111745,0.11761,0.122053,0.0999271,0.0461433,0.0153153,-1.3023,-0.745653,0.443809,0.00421652,-0.0034971,-0.00450862,0.0510014,0.0466162,-0.154492,29.7624,0.0108447,10,0,182.401,154.533,127.537,105.416,85.8875,72.6457,64.0519,53.3606,0.00939973,0.00675112,0.00545389,0.00350579,0.00314089,0.00256138,0.00140215,0.000698594
2.755,-6.19459e-08,-5.39514e-08,0.94985,30,0.000117014,-2.62275e-06,0.0153772,-0.032353,-0.0615612,-0.0863082,-0.106173,-0.0898004,-0.0567428,-0.0311598,-0.0444542,-0.07612,-0.0967519,-0.118732,-0.117848,-0.0967338,-0.0749776,-0.0604776,0.0443319,0.0942095,0.111262,0.117117,0.121428,0.0993403,0.0458638,0.0152145,-1.30228,-0.74567,0.443784,0.00446844,-0.0032663,-0.00527229,0.0501396,0.0459805,-0.152019,29.7635,0.0108088,10,0,182.398,154.54,127.542,105.417,85.8871,72.6453,64.0515,53.3603,0.00867383,0.00696757,0.00568792,0.00370249,0.00311529,0.0025216,0.00136999,0.000673294
2.76,-6.11878e-08,-5.34421e-08,0.94985,30,0.000115683,-2.61175e-06,0.0151989,-0.032162,-0.0612803,-0.0859396,-0.105653,-0.0893066,-0.0564107,-0.0309677,-0.0446279,-0.0754359,-0.0960632,-0.11835,-0.117868,-0.0967957,-0.0750435,-0.0605505,0.0443205,0.0937023,0.110779,0.116625,0.120806,0.0987569,0.0455857,0.0151143,-1.30225,-0.745686,0.443756,0.00471673,-0.0030382,-0.00602546,0.0495554,0.0455502,-0.150328,29.7646,0.0107696,10,0,182.396,154.545,127.546,105.418,85.8869,72.645,64.0513,53.3601,0.00822663,0.00711057,0.00584325,0.00384127,0.00311321,0.00250325,0.00135354,0.000658614
2.765,-6.04101e-08,-5.29119e-08,0.94985,30,0.000114312,-2.59953e-06,0.0150216,-0.0319757,-0.0610032,-0.0855746,-0.105137,-0.0888177,-0.0560821,-0.0307777,-0.0447797,-0.0747247,-0.0953386,-0.117921,-0.117838,-0.0968202,-0.0750848,-0.0606097,0.0443053,0.0931984,0.110297,0.116133,0.120187,0.0981767,0.0453091,0.0150146,-1.30223,-0.7457,0.443724,0.00496129,-0.00281286,-0.00676789,0.0486566,0.0448807,-0.147736,29.7657,0.010727,10,0,182.394,154.553,127.551,105.42,85.8868,72.6448,64.051,53.3599,0.00762145,0.00732262,0.00607453,0.00405825,0.00313185,0.00248796,0.00133647,0.000640075
2.77,-5.96133e-08,-5.23612e-08,0.94985,30,0.000112902,-2.58615e-06,0.0148453,-0.0317941,-0.06073,-0.085213,-0.104627,-0.0883338,-0.0557571,-0.0305899,-0.0449097,-0.0739871,-0.0945788,-0.117445,-0.11776,-0.0968079,-0.0751017,-0.0606551,0.0442863,0.0926977,0.109816,0.115642,0.119571,0.0975998,0.0450341,0.0149155,-1.3022,-0.745714,0.443688,0.00520206,-0.00259034,-0.00749934,0.0480496,0.0444291,-0.145967,29.7668,0.010681,10,0,182.393,154.559,127.555,105.422,85.8869,72.6447,64.0509,53.3598,0.0072687,0.00746208,0.00622724,0.00420746,0.00315811,0.00248578,0.00133017,0.000630131
2.775,-5.87979e-08,-5.17909e-08,0.94985,30,0.000111453,-2.57165e-06,0.01467,-0.0316172,-0.0604606,-0.084855,-0.104121,-0.0878547,-0.0554356,-0.0304042,-0.0450181,-0.0732235,-0.0937846,-0.116923,-0.117634,-0.0967591,-0.0750946,-0.060687,0.0442639,0.0922004,0.109336,0.115151,0.118957,0.0970262,0.0447605,0.014817,-1.30218,-0.745726,0.443648,0.00543897,-0.00237072,-0.00821958,0.0471158,0.043728,-0.143263,29.7678,0.0106319,10,0,182.391,154.567,127.561,105.424,85.8871,72.6447,64.0508,53.3596,0.00682834,0.00766803,0.0064536,0.00443616,0.00321678,0.00249414,0.00132821,0.000618953
2.78,-5.79643e-08,-5.12015e-08,0.94985,30,0.000109967,-2.55609e-06,0.0144955,-0.0314449,-0.0601949,-0.0845004,-0.10362,-0.0873804,-0.0551177,-0.0302207,-0.045105,-0.0724348,-0.0929567,-0.116354,-0.117461,-0.0966742,-0.0750636,-0.0607053,0.0442381,0.0917067,0.108857,0.114661,0.118347,0.0964559,0.0444884,0.0147191,-1.30215,-0.745737,0.443605,0.00567194,-0.00215404,-0.00892837,0.0464873,0.0432565,-0.141421,29.7689,0.0105795,10,0,182.391,154.573,127.565,105.426,85.8873,72.6448,64.0508,53.3595,0.00660124,0.00780294,0.00660245,0.00459093,0.00326773,0.00250715,0.00133177,0.000614028
2.785,-5.7113e-08,-5.05936e-08,0.94985,30,0.000108444,-2.5395e-06,0.014322,-0.031277,-0.0599331,-0.0841493,-0.103124,-0.086911,-0.0548032,-0.0300391,-0.0451707,-0.0716214,-0.0920958,-0.115741,-0.117241,-0.0965536,-0.0750091,-0.0607104,0.0442091,0.0912165,0.108379,0.114172,0.117739,0.0958888,0.0442178,0.0146217,-1.30212,-0.745748,0.443559,0.00590092,-0.00194038,-0.00962551,0.0455205,0.0425261,-0.138613,29.7699,0.0105239,10,0,182.39,154.582,127.571,105.429,85.8879,72.645,64.0508,53.3594,0.00637097,0.00800142,0.00682222,0.00482517,0.00336002,0.00253715,0.00134403,0.000610426
2.79,-5.62444e-08,-4.9968e-08,0.94985,30,0.000106887,-2.52194e-06,0.0141492,-0.0311137,-0.059675,-0.0838017,-0.102633,-0.0864463,-0.0544922,-0.0298597,-0.0452153,-0.0707841,-0.0912027,-0.115084,-0.116975,-0.0963978,-0.0749313,-0.0607022,0.044177,0.09073,0.107902,0.113684,0.117134,0.0953251,0.0439487,0.0145249,-1.30209,-0.745757,0.443509,0.00612584,-0.0017298,-0.0103108,0.0448716,0.0420361,-0.136703,29.7709,0.0104653,10,0,182.389,154.588,127.576,105.431,85.8883,72.6452,64.0509,53.3594,0.00629512,0.00813097,0.00696621,0.00498203,0.003431,0.00256367,0.00135657,0.000610504
2.795,-5.5359e-08,-4.93251e-08,0.94985,30,0.000105296,-2.50345e-06,0.0139774,-0.0309548,-0.0594206,-0.0834576,-0.102146,-0.0859863,-0.0541846,-0.0296823,-0.045239,-0.0699235,-0.0902781,-0.114384,-0.116663,-0.0962071,-0.0748305,-0.060681,0.0441421,0.0902472,0.107426,0.113198,0.116532,0.0947647,0.043681,0.0144286,-1.30206,-0.745765,0.443455,0.00634663,-0.00152233,-0.010984,0.0438738,0.0412786,-0.133797,29.7719,0.0104037,10,0,182.389,154.598,127.582,105.434,85.8892,72.6457,64.0511,53.3593,0.00629955,0.00832089,0.00717812,0.00521737,0.0035497,0.0026124,0.00138141,0.000614205
2.8,-5.44573e-08,-4.86658e-08,0.94985,30,0.000103671,-2.48408e-06,0.0138063,-0.0308001,-0.0591699,-0.083117,-0.101664,-0.085531,-0.0538804,-0.0295069,-0.0452421,-0.0690403,-0.0893229,-0.113641,-0.116307,-0.0959821,-0.0747069,-0.0606469,0.0441045,0.0897683,0.106953,0.112712,0.115933,0.0942076,0.0434149,0.0143329,-1.30203,-0.745772,0.443399,0.00656323,-0.00131805,-0.0116449,0.0432058,0.0407715,-0.131825,29.7729,0.010339,10,0,182.389,154.604,127.587,105.436,85.8899,72.646,64.0512,53.3593,0.00637884,0.00844442,0.0073165,0.00537382,0.00363592,0.00265032,0.00140165,0.000618948
2.805,-5.35398e-08,-4.79904e-08,0.94985,30,0.000102015,-2.46387e-06,0.013636,-0.0306498,-0.0589228,-0.0827798,-0.101186,-0.0850804,-0.0535795,-0.0293335,-0.0452247,-0.068135,-0.0883377,-0.112856,-0.115906,-0.0957232,-0.0745609,-0.0606,0.0440643,0.0892933,0.10648,0.112227,0.115337,0.0936537,0.0431503,0.0142378,-1.30199,-0.745778,0.443339,0.00677559,-0.001117,-0.0122934,0.0421791,0.039989,-0.128829,29.7738,0.0102715,10,0,182.389,154.614,127.594,105.44,85.891,72.6467,64.0515,53.3593,0.0066028,0.0086249,0.00751952,0.00560706,0.00377415,0.00271446,0.00143694,0.00062923
2.81,-5.2607e-08,-4.72998e-08,0.94985,30,0.000100328,-2.44285e-06,0.0134665,-0.0305036,-0.0586794,-0.0824461,-0.100713,-0.0846343,-0.0532819,-0.0291621,-0.045187,-0.0672085,-0.0873234,-0.11203,-0.115461,-0.0954309,-0.0743927,-0.0605405,0.0440217,0.0888222,0.10601,0.111744,0.114745,0.0931032,0.0428871,0.0141432,-1.30196,-0.745783,0.443275,0.00698364,-0.000919229,-0.0129293,0.0414932,0.0394662,-0.126799,29.7748,0.0102011,10,0,182.39,154.621,127.599,105.442,85.8919,72.6472,64.0518,53.3594,0.00681445,0.00874189,0.00765171,0.00576126,0.0038713,0.00276152,0.00146342,0.000638037
2.815,-5.16593e-08,-4.65944e-08,0.94985,30,9.86122e-05,-2.42108e-06,0.0132977,-0.0303616,-0.0584397,-0.0821158,-0.100245,-0.0841929,-0.0529877,-0.0289927,-0.0451294,-0.0662612,-0.0862808,-0.111164,-0.114973,-0.0951056,-0.0742027,-0.0604686,0.0439768,0.0883551,0.105541,0.111262,0.114155,0.0925559,0.0426255,0.0140492,-1.30192,-0.745787,0.443209,0.00718734,-0.000724785,-0.0135524,0.0404397,0.0386609,-0.123722,29.7757,0.0101279,10,0,182.391,154.632,127.607,105.446,85.8933,72.648,64.0522,53.3594,0.00721063,0.00891222,0.00784505,0.00599004,0.00402306,0.00283771,0.00150696,0.000653878
2.82,-5.06973e-08,-4.58749e-08,0.94985,30,9.68674e-05,-2.39859e-06,0.0131297,-0.0302236,-0.0582035,-0.0817889,-0.0997812,-0.083756,-0.0526967,-0.0288252,-0.045052,-0.0652939,-0.0852106,-0.110259,-0.114443,-0.0947479,-0.0739912,-0.0603843,0.0439298,0.0878921,0.105074,0.110781,0.113568,0.092012,0.0423653,0.0139557,-1.30189,-0.74579,0.44314,0.00738663,-0.000533711,-0.0141625,0.0397373,0.0381237,-0.12164,29.7766,0.0100521,10,0,182.392,154.639,127.613,105.449,85.8944,72.6487,64.0525,53.3595,0.00751856,0.00902225,0.00797056,0.00614063,0.0041275,0.00289175,0.00153821,0.000666014
2.825,-4.97215e-08,-4.51419e-08,0.94985,30,9.50954e-05,-2.37542e-06,0.0129624,-0.0300897,-0.0579709,-0.0814654,-0.099322,-0.0833235,-0.0524089,-0.0286597,-0.044955,-0.0643073,-0.0841136,-0.109315,-0.113872,-0.0943582,-0.0737586,-0.060288,0.0438807,0.0874331,0.10461,0.110302,0.112984,0.0914713,0.0421066,0.0138628,-1.30185,-0.745792,0.443067,0.00758147,-0.000346052,-0.0147596,0.0386591,0.0372976,-0.118487,29.7775,0.00997356,10,0,182.393,154.65,127.621,105.453,85.8961,72.6497,64.053,53.3596,0.00803254,0.00918186,0.00815359,0.00636319,0.00428789,0.00297689,0.0015879,0.000686276
2.83,-4.87324e-08,-4.43959e-08,0.94985,30,9.32971e-05,-2.3516e-06,0.0127958,-0.0299596,-0.0577418,-0.0811453,-0.0988672,-0.0828955,-0.0521243,-0.028496,-0.0448388,-0.0633019,-0.0829906,-0.108334,-0.113259,-0.0939371,-0.073505,-0.0601797,0.0438298,0.0869784,0.104147,0.109824,0.112404,0.0909339,0.0418494,0.0137704,-1.30181,-0.745793,0.442992,0.00777179,-0.000161846,-0.0153434,0.0379413,0.0367474,-0.116358,29.7784,0.0098925,10,0,182.395,154.657,127.626,105.456,85.8973,72.6505,64.0534,53.3597,0.00840291,0.00928458,0.00827204,0.00650915,0.0043967,0.00303595,0.00162262,0.000700985
2.835,-4.77305e-08,-4.36376e-08,0.94985,30,9.14737e-05,-2.32718e-06,0.0126298,-0.0298334,-0.0575162,-0.0808285,-0.0984169,-0.082472,-0.0518429,-0.0283343,-0.0447035,-0.0622786,-0.0818424,-0.107315,-0.112606,-0.0934851,-0.073231,-0.0600596,0.0437771,0.0865279,0.103686,0.109348,0.111827,0.0903998,0.0415937,0.0136786,-1.30177,-0.745794,0.442913,0.00795757,1.88675e-05,-0.0159137,0.0368406,0.0359027,-0.113139,29.7793,0.00980895,10,0,182.397,154.669,127.635,105.461,85.8993,72.6518,64.0541,53.3599,0.00898988,0.00943302,0.00844425,0.00672413,0.00456183,0.00312732,0.00167662,0.000724571
2.84,-4.67162e-08,-4.28675e-08,0.94985,30,8.96264e-05,-2.30219e-06,0.0124645,-0.029711,-0.057294,-0.0805152,-0.097971,-0.0820527,-0.0515646,-0.0281744,-0.0445495,-0.0612379,-0.0806699,-0.106261,-0.111914,-0.0930027,-0.0729367,-0.0599279,0.0437227,0.0860816,0.103228,0.108874,0.111252,0.089869,0.0413395,0.0135873,-1.30173,-0.745793,0.442832,0.00813874,0.000196053,-0.0164706,0.0361088,0.0353407,-0.110967,29.7801,0.009723,10,0,182.399,154.676,127.64,105.464,85.9008,72.6527,64.0546,53.36,0.00939723,0.00952816,0.00855535,0.00686467,0.00467272,0.00318973,0.00171367,0.000741158
2.845,-4.56902e-08,-4.20862e-08,0.94985,30,8.77562e-05,-2.27666e-06,0.0122999,-0.0295923,-0.0570753,-0.0802051,-0.0975295,-0.0816378,-0.0512894,-0.0280163,-0.0443769,-0.0601806,-0.0794738,-0.105172,-0.111183,-0.0924906,-0.0726226,-0.0597849,0.0436668,0.0856396,0.102771,0.108402,0.110681,0.0893414,0.0410868,0.0134966,-1.30169,-0.745792,0.442748,0.00831528,0.000369675,-0.0170138,0.0349876,0.0344794,-0.107688,29.781,0.00963472,10,0,182.401,154.688,127.649,105.469,85.903,72.6541,64.0554,53.3602,0.0100253,0.00966506,0.00871635,0.00707104,0.00483952,0.00328504,0.00177045,0.000767097
2.85,-4.4653e-08,-4.12943e-08,0.94985,30,8.58642e-05,-2.25063e-06,0.0121359,-0.0294773,-0.05686,-0.0798984,-0.0970924,-0.0812272,-0.0510173,-0.0278601,-0.0441862,-0.0591072,-0.0782549,-0.104049,-0.110413,-0.0919491,-0.072289,-0.0596306,0.0436095,0.0852019,0.102318,0.107931,0.110113,0.0888172,0.0408355,0.0134064,-1.30165,-0.745789,0.442662,0.00848715,0.000539703,-0.0175433,0.0342432,0.0339069,-0.105479,29.7818,0.00954419,10,0,182.403,154.696,127.655,105.472,85.9046,72.6551,64.0559,53.3604,0.0104522,0.00975241,0.00881985,0.00720554,0.00495068,0.0033494,0.00180891,0.000784967
2.855,-4.3605e-08,-4.04923e-08,0.94985,30,8.39516e-05,-2.22414e-06,0.0119725,-0.0293659,-0.056648,-0.0795949,-0.0966596,-0.0808209,-0.0507481,-0.0277057,-0.0439775,-0.0580185,-0.0770141,-0.102892,-0.109607,-0.0913789,-0.0719364,-0.0594652,0.0435509,0.0847685,0.101866,0.107462,0.109549,0.0882962,0.0405857,0.0133168,-1.3016,-0.745786,0.442573,0.0086543,0.000706107,-0.0180589,0.0331037,0.033031,-0.102149,29.7826,0.00945151,10,0,182.407,154.708,127.665,105.478,85.9071,72.6568,64.0568,53.3607,0.0110999,0.00987749,0.00896931,0.00740248,0.00511679,0.00344673,0.0018672,0.000812443
2.86,-4.25469e-08,-3.96809e-08,0.94985,30,8.20195e-05,-2.19721e-06,0.0118098,-0.0292579,-0.0564394,-0.0792947,-0.0962311,-0.0804187,-0.050482,-0.0275531,-0.0437511,-0.0569152,-0.0757522,-0.101703,-0.108764,-0.0907806,-0.0715649,-0.059289,0.0434911,0.0843395,0.101417,0.106995,0.108987,0.0877784,0.0403374,0.0132277,-1.30156,-0.745782,0.442481,0.0088167,0.000868859,-0.0185605,0.032348,0.0324493,-0.0999073,29.7834,0.00935674,10,0,182.409,154.716,127.671,105.481,85.9089,72.6579,64.0574,53.3609,0.0115344,0.00995689,0.00906504,0.00753046,0.00522682,0.00351189,0.00190631,0.000831105
2.865,-4.1479e-08,-3.88604e-08,0.94985,30,8.0069e-05,-2.16987e-06,0.0116476,-0.0291535,-0.056234,-0.0789978,-0.0958068,-0.0800207,-0.0502188,-0.0274022,-0.0435074,-0.0557978,-0.0744699,-0.100483,-0.107885,-0.0901546,-0.0711751,-0.0591022,0.0434302,0.083915,0.100971,0.106531,0.108429,0.087264,0.0400906,0.0131392,-1.30152,-0.745777,0.442387,0.00897431,0.00102793,-0.0190481,0.0311924,0.0315608,-0.0965322,29.7842,0.00925999,10,0,182.413,154.728,127.68,105.487,85.9116,72.6597,64.0584,53.3612,0.0121873,0.0100699,0.00920272,0.00771732,0.00539035,0.00360969,0.0019651,0.000859456
2.87,-4.0402e-08,-3.80316e-08,0.94985,30,7.81012e-05,-2.14216e-06,0.0114861,-0.0290524,-0.0560319,-0.0787041,-0.0953867,-0.0796268,-0.0499586,-0.0272531,-0.0432466,-0.0546672,-0.0731682,-0.099232,-0.106972,-0.0895017,-0.0707672,-0.0589048,0.0433682,0.0834948,0.100527,0.106068,0.107874,0.0867527,0.0398452,0.0130512,-1.30147,-0.745772,0.44229,0.00912712,0.0011833,-0.0195216,0.0304267,0.0309712,-0.0942636,29.785,0.00916133,10,0,182.416,154.737,127.687,105.491,85.9136,72.661,64.0591,53.3614,0.0126217,0.0101413,0.00929054,0.0078384,0.00549815,0.00367471,0.00200426,0.000878513
2.875,-3.93164e-08,-3.71949e-08,0.94985,30,7.61172e-05,-2.11411e-06,0.0113251,-0.0289546,-0.055833,-0.0784135,-0.0949708,-0.079237,-0.0497012,-0.0271057,-0.042969,-0.0535239,-0.0718477,-0.0979513,-0.106024,-0.0888224,-0.0703417,-0.0586973,0.0433054,0.0830791,0.100086,0.105607,0.107322,0.0862448,0.0396013,0.0129637,-1.30142,-0.745766,0.442192,0.00927508,0.00133495,-0.0199808,0.0292571,0.030072,-0.0908511,29.7858,0.00906086,10,0,182.42,154.749,127.696,105.497,85.9166,72.663,64.0602,53.3618,0.0132699,0.0102421,0.00941625,0.00801467,0.00565765,0.0037717,0.00206273,0.000907209
2.88,-3.82227e-08,-3.63508e-08,0.94985,30,7.41181e-05,-2.08574e-06,0.0111647,-0.0288601,-0.0556372,-0.0781262,-0.094559,-0.0788511,-0.0494467,-0.02696,-0.0426749,-0.0523687,-0.0705094,-0.0966419,-0.105043,-0.0881173,-0.069899,-0.0584797,0.0432418,0.0826678,0.0996476,0.105148,0.106774,0.0857401,0.0393589,0.0128768,-1.30138,-0.745759,0.44209,0.00941817,0.00148285,-0.0204258,0.0284827,0.0294756,-0.0885602,29.7865,0.00895867,10,0,182.423,154.758,127.703,105.501,85.9186,72.6643,64.061,53.3621,0.0136987,0.0103053,0.00949604,0.00812855,0.00576234,0.00383583,0.00210144,0.000926347
2.885,-3.71215e-08,-3.55e-08,0.94985,30,7.21049e-05,-2.05708e-06,0.0110049,-0.0287687,-0.0554446,-0.0778419,-0.0941513,-0.0784693,-0.049195,-0.026816,-0.0423647,-0.0512021,-0.0691541,-0.0953046,-0.10403,-0.0873869,-0.0694394,-0.0582522,0.0431774,0.0822609,0.0992119,0.104692,0.106229,0.0852386,0.039118,0.0127904,-1.30133,-0.745751,0.441987,0.00955638,0.00162699,-0.0208564,0.0273014,0.0285677,-0.0851177,29.7873,0.00885486,10,0,182.428,154.771,127.713,105.507,85.9219,72.6665,64.0622,53.3625,0.0143352,0.0103939,0.00960967,0.00829382,0.00591665,0.00393097,0.00215895,0.000954965
2.89,-3.60132e-08,-3.46429e-08,0.94985,30,7.00789e-05,-2.02816e-06,0.0108457,-0.0286805,-0.0552551,-0.0775608,-0.0937477,-0.0780914,-0.0489461,-0.0266737,-0.0420386,-0.050025,-0.0677825,-0.0939404,-0.102984,-0.0866319,-0.0689633,-0.0580151,0.0431124,0.0818586,0.0987791,0.104237,0.105687,0.0847403,0.0388785,0.0127045,-1.30128,-0.745742,0.441882,0.00968967,0.00176735,-0.0212727,0.0265197,0.0279658,-0.0828093,29.788,0.00874951,10,0,182.432,154.779,127.72,105.511,85.9241,72.6679,64.063,53.3628,0.0147545,0.0104489,0.00968137,0.00840026,0.00601754,0.00399358,0.00219683,0.000973933
2.895,-3.48985e-08,-3.378e-08,0.94985,30,6.8041e-05,-1.999e-06,0.010687,-0.0285953,-0.0550686,-0.0772828,-0.0933481,-0.0777175,-0.0486999,-0.026533,-0.041697,-0.0488378,-0.0663955,-0.0925502,-0.101908,-0.085853,-0.0684711,-0.0577686,0.0430468,0.0814607,0.098349,0.103785,0.105148,0.0842453,0.0386405,0.0126192,-1.30123,-0.745733,0.441774,0.00981802,0.00190392,-0.0216744,0.0253288,0.0270509,-0.0793439,29.7887,0.00864274,10,0,182.437,154.792,127.73,105.517,85.9275,72.6702,64.0643,53.3632,0.0153745,0.0105252,0.00978283,0.00855421,0.00616572,0.00408604,0.00225284,0.00100214
2.9,-3.37778e-08,-3.29119e-08,0.94985,30,6.59924e-05,-1.96963e-06,0.0105289,-0.0285131,-0.0548851,-0.0770078,-0.0929525,-0.0773473,-0.0484565,-0.0263939,-0.0413401,-0.0476414,-0.0649939,-0.0911349,-0.100802,-0.0850506,-0.0679633,-0.0575129,0.0429808,0.0810673,0.0979219,0.103336,0.104613,0.0837535,0.0384039,0.0125344,-1.30118,-0.745723,0.441665,0.00994143,0.00203668,-0.0220618,0.0245412,0.0264446,-0.0770227,29.7894,0.00853463,10,0,182.441,154.801,127.737,105.522,85.9299,72.6718,64.0652,53.3635,0.0157814,0.0105719,0.0098464,0.00865301,0.00626227,0.00414662,0.00228958,0.00102074
2.905,-3.26517e-08,-3.2039e-08,0.94985,30,6.39341e-05,-1.94008e-06,0.0103713,-0.0284339,-0.0547046,-0.0767359,-0.0925609,-0.076981,-0.0482157,-0.0262565,-0.0409684,-0.0464363,-0.0635785,-0.0896955,-0.0996666,-0.0842255,-0.0674401,-0.0572482,0.0429143,0.0806783,0.0974976,0.102888,0.104081,0.083265,0.0381688,0.0124502,-1.30113,-0.745713,0.441553,0.0100599,0.00216563,-0.0224346,0.0233428,0.0255247,-0.0735415,29.7901,0.00842529,10,0,182.447,154.815,127.747,105.528,85.9335,72.6743,64.0666,53.364,0.0163812,0.0106358,0.00993564,0.00879541,0.00640358,0.00423572,0.00234367,0.00104826
2.91,-3.15207e-08,-3.11618e-08,0.94985,30,6.18672e-05,-1.91037e-06,0.0102143,-0.0283574,-0.054527,-0.0764669,-0.0921731,-0.0766184,-0.0479776,-0.0261206,-0.0405822,-0.0452232,-0.0621502,-0.0882328,-0.0985029,-0.0833783,-0.0669021,-0.0569747,0.0428476,0.0802938,0.0970763,0.102443,0.103553,0.0827796,0.0379351,0.0123664,-1.30108,-0.745701,0.44144,0.0101733,0.00229075,-0.0227928,0.0225506,0.0249153,-0.0712122,29.7908,0.00831482,10,0,182.451,154.823,127.754,105.533,85.936,72.6759,64.0675,53.3644,0.0167736,0.0106744,0.00999107,0.00888643,0.00649534,0.00429385,0.00237901,0.00106634
2.915,-3.03853e-08,-3.0281e-08,0.94985,30,5.97928e-05,-1.88052e-06,0.0100578,-0.0282838,-0.0543523,-0.076201,-0.0917892,-0.0762596,-0.0477421,-0.0259863,-0.0401817,-0.0440028,-0.0607096,-0.0867479,-0.0973115,-0.0825095,-0.0663497,-0.0566927,0.0427805,0.0799138,0.096658,0.102,0.103027,0.0822974,0.0377029,0.0122832,-1.30103,-0.74569,0.441325,0.0102818,0.00241204,-0.0231365,0.0213469,0.023992,-0.067722,29.7915,0.00820333,10,0,182.457,154.837,127.765,105.54,85.9398,72.6785,64.069,53.3649,0.0173504,0.010726,0.0100681,0.00901708,0.00662918,0.00437903,0.00243085,0.00109297
2.92,-2.92461e-08,-2.93968e-08,0.94985,30,5.77118e-05,-1.85056e-06,0.00990187,-0.0282129,-0.0541805,-0.0759379,-0.0914091,-0.0759044,-0.0475092,-0.0258535,-0.0397673,-0.0427758,-0.0592577,-0.0852416,-0.0960935,-0.0816199,-0.0657831,-0.0564023,0.0427133,0.0795383,0.0962427,0.10156,0.102505,0.0818185,0.0374722,0.0122005,-1.30098,-0.745677,0.441209,0.0103853,0.00252949,-0.0234657,0.0205516,0.0233805,-0.0653894,29.7921,0.00809093,10,0,182.462,154.846,127.772,105.544,85.9424,72.6803,64.07,53.3653,0.0177267,0.0107563,0.0101154,0.00910022,0.0067158,0.00443439,0.00246459,0.00111038
2.925,-2.81037e-08,-2.85098e-08,0.94985,30,5.56254e-05,-1.8205e-06,0.00974647,-0.0281446,-0.0540114,-0.0756778,-0.0910329,-0.0755529,-0.0472789,-0.0257222,-0.0393394,-0.0415427,-0.0577953,-0.083715,-0.0948496,-0.08071,-0.065203,-0.0561038,0.0426459,0.0791672,0.0958305,0.101122,0.101987,0.0813427,0.0372429,0.0121183,-1.30093,-0.745664,0.441091,0.0104837,0.00264311,-0.0237803,0.0193448,0.0224557,-0.061897,29.7928,0.00797772,10,0,182.468,154.86,127.783,105.551,85.9464,72.683,64.0715,53.3659,0.0182783,0.0107957,0.0101803,0.00921898,0.00684169,0.00451518,0.0025139,0.00113595
2.93,-2.69584e-08,-2.76206e-08,0.94985,30,5.35345e-05,-1.79036e-06,0.00959161,-0.028079,-0.0538451,-0.0754206,-0.0906603,-0.075205,-0.0470511,-0.0255925,-0.0388983,-0.0403042,-0.0563231,-0.0821688,-0.0935808,-0.0797805,-0.0646096,-0.0557974,0.0425785,0.0788006,0.0954213,0.100687,0.101471,0.0808701,0.037015,0.0120367,-1.30088,-0.745651,0.440971,0.0105772,0.00275288,-0.0240803,0.0185475,0.0218433,-0.0595655,29.7934,0.00786382,10,0,182.473,154.869,127.79,105.556,85.9492,72.6849,64.0726,53.3662,0.0186373,0.010818,0.0102194,0.00929417,0.00692287,0.00456749,0.00254587,0.00115261
2.935,-2.58109e-08,-2.67294e-08,0.94985,30,5.14403e-05,-1.76018e-06,0.00943729,-0.0280159,-0.0536816,-0.0751662,-0.0902915,-0.0748606,-0.0468257,-0.0254642,-0.0384444,-0.0390609,-0.0548419,-0.0806041,-0.0922878,-0.0788321,-0.0640034,-0.0554834,0.0425111,0.0784384,0.0950152,0.100254,0.100959,0.0804006,0.0367886,0.0119556,-1.30082,-0.745637,0.44085,0.0106656,0.00285881,-0.0243658,0.0173397,0.0209187,-0.0560776,29.794,0.00774934,10,0,182.48,154.882,127.801,105.564,85.9534,72.6877,64.0742,53.3669,0.0191622,0.0108452,0.0102722,0.00940095,0.00704043,0.00464353,0.00259242,0.00117698
2.94,-2.46617e-08,-2.58369e-08,0.94985,30,4.93436e-05,-1.72996e-06,0.0092835,-0.0279552,-0.0535207,-0.0749146,-0.0899263,-0.0745197,-0.0466028,-0.0253374,-0.0379779,-0.0378136,-0.0533525,-0.0790218,-0.0909716,-0.0778653,-0.0633847,-0.0551619,0.0424437,0.0780806,0.0946122,0.0998236,0.100451,0.0799344,0.0365636,0.0118749,-1.30077,-0.745622,0.440727,0.0107491,0.0029609,-0.0246368,0.016542,0.0203065,-0.0537515,29.7946,0.0076344,10,0,182.485,154.891,127.809,105.568,85.9562,72.6896,64.0753,53.3673,0.0195028,0.0108594,0.0103033,0.00946814,0.00711595,0.00469257,0.00262249,0.0011928
2.945,-2.35113e-08,-2.49435e-08,0.94985,30,4.72456e-05,-1.69972e-06,0.00913025,-0.027897,-0.0533624,-0.0746658,-0.0895648,-0.0741823,-0.0463823,-0.025212,-0.0374993,-0.0365627,-0.0518558,-0.0774227,-0.089633,-0.0768809,-0.0627542,-0.0548333,0.0423765,0.0777272,0.0942124,0.0993958,0.0999453,0.0794712,0.03634,0.0117949,-1.30072,-0.745607,0.440603,0.0108275,0.00305916,-0.0248933,0.0153354,0.0193836,-0.0502746,29.7953,0.00751911,10,0,182.492,154.905,127.82,105.576,85.9605,72.6926,64.077,53.3679,0.0199996,0.0108747,0.0103441,0.00956291,0.00722488,0.00476355,0.00266611,0.00121585
2.95,-2.23603e-08,-2.40495e-08,0.94985,30,4.51473e-05,-1.66949e-06,0.00897753,-0.0278411,-0.0532067,-0.0744197,-0.0892068,-0.0738483,-0.0461642,-0.025088,-0.0370088,-0.035309,-0.0503525,-0.0758079,-0.0882728,-0.0758794,-0.062112,-0.0544976,0.0423094,0.0773782,0.0938157,0.0989707,0.0994433,0.0790113,0.0361179,0.0117153,-1.30066,-0.745591,0.440478,0.0109009,0.00315358,-0.0251353,0.0145385,0.0187727,-0.0479583,29.7958,0.0074036,10,0,182.498,154.914,127.827,105.581,85.9635,72.6946,64.0782,53.3684,0.0203211,0.0108809,0.0103672,0.00962209,0.00729456,0.00480913,0.00269417,0.00123076
2.955,-2.1209e-08,-2.31555e-08,0.94985,30,4.30495e-05,-1.63928e-06,0.00882535,-0.0277875,-0.0530536,-0.0741764,-0.0888524,-0.0735177,-0.0459484,-0.0249655,-0.0365069,-0.0340531,-0.0488433,-0.0741783,-0.086892,-0.0748616,-0.0614587,-0.0541552,0.0422425,0.0770336,0.0934221,0.0985481,0.0989447,0.0785544,0.0358971,0.0116362,-1.30061,-0.745575,0.440352,0.0109694,0.00324418,-0.0253629,0.0133351,0.0178532,-0.0444988,29.7964,0.00728799,10,0,182.505,154.928,127.838,105.588,85.968,72.6977,64.0799,53.369,0.0207888,0.0108843,0.0103961,0.00970484,0.00739461,0.00487482,0.0027347,0.00125241
2.96,-2.00582e-08,-2.22619e-08,0.94985,30,4.09533e-05,-1.60911e-06,0.00867371,-0.0277361,-0.052903,-0.0739357,-0.0885015,-0.0731904,-0.045735,-0.0248443,-0.0359939,-0.0327956,-0.0473291,-0.0725348,-0.0854913,-0.073828,-0.0607948,-0.0538063,0.0421758,0.0766932,0.0930318,0.0981281,0.0984494,0.0781007,0.0356778,0.0115576,-1.30055,-0.745559,0.440224,0.0110328,0.00333097,-0.025576,0.0125404,0.0172446,-0.0421964,29.797,0.0071724,10,0,182.511,154.938,127.846,105.593,85.971,72.6997,64.0811,53.3695,0.0210906,0.0108827,0.0104114,0.009756,0.0074583,0.0049168,0.00276066,0.00126635
2.965,-1.89082e-08,-2.13691e-08,0.94985,30,3.88597e-05,-1.57899e-06,0.0085226,-0.0276869,-0.0527548,-0.0736977,-0.088154,-0.0728664,-0.0455239,-0.0247244,-0.0354702,-0.031537,-0.0458105,-0.0708783,-0.0840718,-0.0727794,-0.0601205,-0.0534511,0.0421095,0.0763573,0.0926446,0.0977107,0.0979574,0.0776501,0.03546,0.0114796,-1.3005,-0.745542,0.440096,0.0110912,0.00341395,-0.0257749,0.0113423,0.0163301,-0.0387603,29.7976,0.00705696,10,0,182.519,154.951,127.857,105.601,85.9756,72.7029,64.0829,53.3702,0.0215283,0.0108744,0.0104285,0.00982675,0.00754929,0.00497699,0.002798,0.00128653
2.97,-1.77595e-08,-2.04776e-08,0.94985,30,3.67696e-05,-1.54894e-06,0.00837204,-0.0276398,-0.052609,-0.0734623,-0.08781,-0.0725456,-0.045315,-0.024606,-0.034936,-0.030278,-0.0442885,-0.0692097,-0.0826341,-0.0717164,-0.0594364,-0.0530898,0.0420435,0.0760256,0.0922606,0.097296,0.0974687,0.0772026,0.0352435,0.011402,-1.30044,-0.745525,0.439966,0.0111447,0.00349314,-0.0259594,0.0105512,0.0157248,-0.036476,29.7981,0.00694181,10,0,182.525,154.961,127.864,105.606,85.9787,72.705,64.0842,53.3707,0.0218099,0.0108651,0.010436,0.00986993,0.0076069,0.00501525,0.0028218,0.00129947
2.975,-1.66128e-08,-1.95877e-08,0.94985,30,3.4684e-05,-1.51897e-06,0.00822202,-0.0275948,-0.0524657,-0.0732295,-0.0874694,-0.0722281,-0.0451083,-0.0244888,-0.0343919,-0.0290192,-0.0427637,-0.0675299,-0.0811792,-0.0706395,-0.0587428,-0.0527227,0.0419779,0.0756981,0.0918798,0.096884,0.0969834,0.0767582,0.0350284,0.011325,-1.30038,-0.745507,0.439836,0.0111933,0.00356855,-0.0261298,0.00936033,0.0148169,-0.0330694,29.7987,0.00682707,10,0,182.533,154.974,127.876,105.614,85.9835,72.7083,64.0861,53.3714,0.022217,0.0108454,0.0104415,0.00992874,0.0076887,0.00506981,0.00285584,0.00131811
2.98,-1.54684e-08,-1.86998e-08,0.94985,30,3.26038e-05,-1.48911e-06,0.00807254,-0.0275517,-0.0523246,-0.0729993,-0.087132,-0.0719137,-0.0449038,-0.024373,-0.033838,-0.0277612,-0.0412368,-0.0658399,-0.079708,-0.0695496,-0.0580403,-0.0523501,0.0419127,0.075375,0.0915023,0.0964746,0.0965014,0.0763168,0.0348148,0.0112484,-1.30033,-0.745489,0.439705,0.0112369,0.00364019,-0.026286,0.0085741,0.0142159,-0.0308071,29.7992,0.00671289,10,0,182.539,154.984,127.883,105.619,85.9867,72.7105,64.0873,53.3719,0.0224781,0.0108285,0.0104414,0.00996399,0.00774015,0.00510427,0.00287742,0.00133001
2.985,-1.43269e-08,-1.78144e-08,0.94985,30,3.05298e-05,-1.45936e-06,0.00792361,-0.0275106,-0.0521859,-0.0727716,-0.086798,-0.0716025,-0.0447015,-0.0242584,-0.0332749,-0.0265046,-0.0397087,-0.0641405,-0.0782214,-0.0684472,-0.0573291,-0.0519721,0.041848,0.075056,0.0911279,0.0960679,0.0960227,0.0758786,0.0346025,0.0111724,-1.30027,-0.745471,0.439573,0.0112756,0.00370808,-0.0264281,0.0073926,0.013316,-0.0274358,29.7998,0.0065994,10,0,182.548,154.998,127.895,105.627,85.9915,72.7139,64.0893,53.3727,0.0228541,0.0107976,0.0104355,0.0100109,0.00781267,0.00515306,0.00290811,0.00134708
2.99,-1.31887e-08,-1.69318e-08,0.94985,30,2.84631e-05,-1.42973e-06,0.00777523,-0.0274714,-0.0520494,-0.0725463,-0.0864673,-0.0712943,-0.0445013,-0.0241451,-0.0327028,-0.0252499,-0.03818,-0.0624327,-0.0767201,-0.0673329,-0.0566098,-0.0515889,0.0417837,0.0747412,0.0907568,0.0956639,0.0955474,0.0754434,0.0343917,0.0110969,-1.30022,-0.745452,0.439441,0.0113094,0.00377225,-0.0265562,0.00661253,0.0127203,-0.0251993,29.8003,0.00648674,10,0,182.554,155.007,127.902,105.632,85.9948,72.7161,64.0906,53.3732,0.0230943,0.0107733,0.0104279,0.0100383,0.00785791,0.00518365,0.00292744,0.00135792
2.995,-1.20544e-08,-1.60524e-08,0.94985,30,2.64046e-05,-1.40025e-06,0.0076274,-0.027434,-0.0519151,-0.0723235,-0.0861397,-0.0709892,-0.0443031,-0.024033,-0.0321222,-0.0239977,-0.0366515,-0.0607174,-0.075205,-0.0662075,-0.0558827,-0.0512009,0.04172,0.0744305,0.0903889,0.0952627,0.0950753,0.0750112,0.0341822,0.0110218,-1.30016,-0.745433,0.439308,0.0113383,0.0038327,-0.0266705,0.00544236,0.0118299,-0.0218689,29.8008,0.00637506,10,0,182.563,155.021,127.913,105.64,85.9998,72.7195,64.0926,53.374,0.0234389,0.0107314,0.0104109,0.0100736,0.0079211,0.0052266,0.00295472,0.00137336
3,-1.09244e-08,-1.51767e-08,0.94985,30,2.4355e-05,-1.37092e-06,0.00748013,-0.0273984,-0.0517829,-0.0721031,-0.0858154,-0.0706871,-0.0441071,-0.0239222,-0.0315333,-0.0227486,-0.0351239,-0.0589953,-0.0736771,-0.0650715,-0.0551483,-0.0508083,0.0416569,0.074124,0.0900242,0.0948641,0.0946066,0.0745821,0.0339741,0.0109473,-1.3001,-0.745414,0.439174,0.0113624,0.00388946,-0.0267709,0.00466974,0.0112404,-0.0196619,29.8013,0.00626451,10,0,182.569,155.03,127.921,105.646,86.0031,72.7218,64.0939,53.3745,0.0236581,0.0106999,0.0103959,0.0100932,0.00796011,0.00525328,0.00297176,0.00138312
3.005,-9.79925e-09,-1.43049e-08,0.94985,30,2.23153e-05,-1.34174e-06,0.00733342,-0.0273645,-0.0516529,-0.0718851,-0.0854941,-0.0703879,-0.0439131,-0.0238126,-0.0309366,-0.0215031,-0.0335979,-0.0572675,-0.0721371,-0.0639257,-0.0544071,-0.0504112,0.0415943,0.0738216,0.0896628,0.0944683,0.0941411,0.074156,0.0337674,0.0108732,-1.30005,-0.745394,0.43904,0.0113816,0.00394255,-0.0268576,0.00351281,0.0103608,-0.0163778,29.8018,0.00615524,10,0,182.578,155.043,127.932,105.654,86.0082,72.7253,64.096,53.3753,0.0239711,0.0106473,0.0103679,0.0101168,0.00801395,0.00529034,0.0029956,0.00139693
3.01,-8.67935e-09,-1.34375e-08,0.94985,30,2.02863e-05,-1.31275e-06,0.00718727,-0.0273322,-0.051525,-0.0716695,-0.085176,-0.0700917,-0.0437211,-0.0237041,-0.0303324,-0.0202618,-0.0320742,-0.0555347,-0.0705859,-0.0627706,-0.0536593,-0.0500099,0.0415324,0.0735232,0.0893045,0.0940752,0.093679,0.0737329,0.033562,0.0107996,-1.29999,-0.745374,0.438905,0.0113961,0.003992,-0.0269307,0.00274891,0.00977852,-0.0142038,29.8023,0.0060474,10,0,182.584,155.053,127.94,105.659,86.0116,72.7277,64.0973,53.3759,0.0241691,0.0106087,0.0103457,0.0101287,0.00804673,0.00531307,0.00301034,0.00140559
3.015,-7.56519e-09,-1.25748e-08,0.94985,30,1.82689e-05,-1.28394e-06,0.00704168,-0.0273016,-0.0513991,-0.0714561,-0.0848609,-0.0697983,-0.043531,-0.0235969,-0.029721,-0.0190253,-0.0305536,-0.053798,-0.0690244,-0.0616069,-0.0529056,-0.0496047,0.0414711,0.0732288,0.0889495,0.0936848,0.0932201,0.0733129,0.0333581,0.0107266,-1.29993,-0.745354,0.438771,0.0114058,0.00403783,-0.0269903,0.00160713,0.00891109,-0.0109712,29.8028,0.00594114,10,0,182.594,155.066,127.951,105.667,86.0167,72.7312,64.0994,53.3767,0.0244503,0.0105457,0.0103071,0.0101409,0.00809123,0.00534421,0.00303073,0.00141774
3.02,-6.45724e-09,-1.17172e-08,0.94985,30,1.62638e-05,-1.25533e-06,0.00689667,-0.0272725,-0.0512752,-0.071245,-0.0845489,-0.0695078,-0.043343,-0.0234908,-0.0291029,-0.0177939,-0.0290365,-0.052058,-0.0674534,-0.0604353,-0.0521461,-0.0491957,0.0414105,0.0729384,0.0885976,0.0932972,0.0927645,0.0728958,0.0331555,0.010654,-1.29987,-0.745334,0.438636,0.0114108,0.00408007,-0.0270365,0.000853191,0.00833682,-0.00883371,29.8032,0.00583663,10,0,182.6,155.075,127.958,105.673,86.0201,72.7336,64.1008,53.3773,0.0246272,0.0105002,0.0102779,0.0101452,0.0081178,0.00536299,0.00304316,0.00142529
3.025,-5.35594e-09,-1.08649e-08,0.94985,30,1.4272e-05,-1.22692e-06,0.00675224,-0.0272449,-0.0511533,-0.0710362,-0.0842398,-0.06922,-0.0431568,-0.0233858,-0.0284784,-0.0165684,-0.0275239,-0.0503157,-0.0658737,-0.0592563,-0.0513815,-0.0487833,0.0413505,0.0726519,0.088249,0.0929123,0.0923122,0.0724817,0.0329542,0.0105819,-1.29982,-0.745313,0.4385,0.0114111,0.00411874,-0.0270695,-0.000271593,0.00748286,-0.00565763,29.8037,0.00573402,10,0,182.61,155.089,127.97,105.681,86.0253,72.7372,64.1029,53.3781,0.0248766,0.0104271,0.0102289,0.0101462,0.008153,0.0053882,0.00306008,0.00143578
3.03,-4.26175e-09,-1.00184e-08,0.94985,30,1.22942e-05,-1.19872e-06,0.00660838,-0.0272188,-0.0510332,-0.0708296,-0.0839336,-0.0689351,-0.0429725,-0.0232819,-0.0278478,-0.0153492,-0.0260163,-0.0485719,-0.0642862,-0.0580706,-0.050612,-0.0483676,0.0412913,0.0723693,0.0879035,0.0925302,0.0918631,0.0720705,0.0327544,0.0105102,-1.29976,-0.745293,0.438365,0.0114068,0.00415387,-0.0270893,-0.00101436,0.00691748,-0.00355984,29.8042,0.00563347,10,0,182.617,155.098,127.977,105.686,86.0288,72.7396,64.1043,53.3787,0.0250322,0.0103751,0.0101929,0.0101431,0.00817339,0.00540303,0.00307021,0.00144222
3.035,-3.1751e-09,-9.178e-09,0.94985,30,1.03312e-05,-1.17075e-06,0.00646511,-0.0271941,-0.0509151,-0.0706252,-0.0836304,-0.0686528,-0.0427901,-0.0231792,-0.0272115,-0.0141367,-0.0245144,-0.0468275,-0.0626918,-0.0568789,-0.0498382,-0.0479488,0.0412327,0.0720906,0.0875613,0.0921508,0.0914172,0.0716623,0.0325558,0.0104391,-1.2997,-0.745272,0.438229,0.0113978,0.0041855,-0.0270961,-0.00212036,0.00607824,-0.000445089,29.8046,0.00553516,10,0,182.627,155.111,127.988,105.694,86.0341,72.7433,64.1064,53.3795,0.0252499,0.0102921,0.0101338,0.010133,0.00819937,0.00542233,0.00308367,0.00145105
3.04,-2.09644e-09,-8.34394e-09,0.94985,30,8.38373e-06,-1.14302e-06,0.00632243,-0.0271708,-0.0507988,-0.0704229,-0.08333,-0.0683733,-0.0426095,-0.0230775,-0.02657,-0.0129316,-0.0230188,-0.0450833,-0.0610911,-0.0556817,-0.0490604,-0.0475273,0.041175,0.0718157,0.0872222,0.0917741,0.0909746,0.071257,0.0323586,0.0103684,-1.29965,-0.745251,0.438094,0.0113842,0.00421366,-0.02709,-0.00285076,0.00552256,0.00160987,29.8051,0.00543924,10,0,182.633,155.12,127.995,105.7,86.0376,72.7457,64.1079,53.3801,0.0253844,0.0102337,0.0100911,0.0101226,0.00821364,0.00543323,0.0030915,0.00145637
3.045,-1.02619e-09,-7.51659e-09,0.94985,30,6.45259e-06,-1.11552e-06,0.00618034,-0.0271487,-0.0506842,-0.0702227,-0.0830324,-0.0680964,-0.0424306,-0.0229769,-0.0259234,-0.0117343,-0.0215302,-0.04334,-0.0594851,-0.0544797,-0.048279,-0.0471032,0.0411179,0.0715446,0.0868862,0.0914002,0.0905352,0.0708547,0.0321628,0.0102983,-1.29959,-0.74523,0.437959,0.0113662,0.00423837,-0.0270712,-0.00393622,0.00469922,0.00465874,29.8055,0.00534588,10,0,182.643,155.133,128.006,105.708,86.0429,72.7494,64.11,53.381,0.0255704,0.0101413,0.0100222,0.0101017,0.00823048,0.00544665,0.00310152,0.00146353
3.05,3.52329e-11,-6.69625e-09,0.94985,30,4.53851e-06,-1.08827e-06,0.00603885,-0.0271279,-0.0505715,-0.0700246,-0.0827376,-0.0678221,-0.0422536,-0.0228773,-0.0252722,-0.0105452,-0.0200492,-0.0415986,-0.0578746,-0.0532735,-0.0474944,-0.0466767,0.0410617,0.0712772,0.0865534,0.091029,0.090099,0.0704553,0.0319683,0.0102285,-1.29953,-0.745208,0.437823,0.0113436,0.00425967,-0.0270398,-0.00465311,0.00415404,0.0066679,29.8059,0.00525525,10,0,182.65,155.142,128.014,105.713,86.0464,72.7519,64.1115,53.3816,0.0256839,0.0100766,0.00997303,0.0100842,0.00823869,0.00545364,0.00310706,0.00146775
3.055,1.0874e-09,-5.88322e-09,0.94985,30,2.6422e-06,-1.06128e-06,0.00589797,-0.0271084,-0.0504604,-0.0698285,-0.0824455,-0.0675503,-0.0420783,-0.0227788,-0.0246168,-0.00936497,-0.0185764,-0.0398599,-0.0562603,-0.0520637,-0.0467071,-0.0462482,0.0410062,0.0710135,0.0862238,0.0906606,0.0896661,0.0700587,0.0317751,0.0101593,-1.29948,-0.745187,0.437688,0.0113166,0.00427761,-0.0269959,-0.00571635,0.00334774,0.00964653,29.8063,0.0051675,10,0,182.66,155.155,128.025,105.721,86.0517,72.7556,64.1137,53.3825,0.0258385,0.00997514,0.00989464,0.0100527,0.00824651,0.00546123,0.00311367,0.00147324
3.06,2.12992e-09,-5.0778e-09,0.94985,30,7.64378e-07,-1.03454e-06,0.00575769,-0.02709,-0.0503511,-0.0696344,-0.0821562,-0.0672811,-0.0419047,-0.0226813,-0.0239574,-0.0081939,-0.0171125,-0.0381245,-0.0546432,-0.0508509,-0.0459174,-0.0458177,0.0409516,0.0707534,0.0858972,0.0902949,0.0892363,0.0696651,0.0315832,0.0100905,-1.29942,-0.745166,0.437553,0.0112852,0.0042922,-0.0269398,-0.00641859,0.00281382,0.0116071,29.8068,0.00508281,10,0,182.667,155.163,128.032,105.727,86.0553,72.7581,64.1151,53.3831,0.0259311,0.00990453,0.0098393,0.0100282,0.00824874,0.00546436,0.00311695,0.00147636
3.065,3.16237e-09,-4.28027e-09,0.94985,30,-1.09427e-06,-1.00808e-06,0.00561803,-0.0270727,-0.0502433,-0.0694423,-0.0818695,-0.0670144,-0.0417328,-0.0225848,-0.0232945,-0.00703252,-0.015658,-0.0363933,-0.0530239,-0.0496358,-0.0451257,-0.0453855,0.0408977,0.070497,0.0855737,0.0899319,0.0888097,0.0692743,0.0313927,0.0100222,-1.29936,-0.745144,0.437419,0.0112495,0.0043035,-0.0268715,-0.00745797,0.00202565,0.0145114,29.8072,0.00500133,10,0,182.678,155.176,128.043,105.735,86.0607,72.7618,64.1173,53.384,0.0260546,0.00979429,0.00975176,0.00998643,0.00824767,0.00546618,0.00312019,0.00148021
3.07,4.18438e-09,-3.49091e-09,0.94985,30,-2.93306e-06,-9.8189e-07,0.00547899,-0.0270565,-0.0501372,-0.0692522,-0.0815854,-0.0667502,-0.0415626,-0.0224892,-0.0226284,-0.00588126,-0.0142136,-0.0346671,-0.0514032,-0.0484188,-0.0443325,-0.0449519,0.0408447,0.0702441,0.0852534,0.0895716,0.0883862,0.0688863,0.0312035,0.00995439,-1.29931,-0.745123,0.437285,0.0112094,0.00431154,-0.0267912,-0.00814448,0.00150371,0.0164206,29.8076,0.00492322,10,0,182.684,155.184,128.05,105.74,86.0642,72.7643,64.1188,53.3846,0.0261266,0.00971798,0.00969044,0.00995518,0.00824403,0.0054655,0.00312123,0.00148224
3.075,5.19554e-09,-2.70999e-09,0.94985,30,-4.75133e-06,-9.5598e-07,0.00534057,-0.0270414,-0.0500326,-0.0690639,-0.0813039,-0.0664883,-0.041394,-0.0223947,-0.0219594,-0.00474056,-0.0127797,-0.0329467,-0.049782,-0.0472007,-0.0435381,-0.0445171,0.0407924,0.0699948,0.0849361,0.0892141,0.0879659,0.0685013,0.0310155,0.00988702,-1.29925,-0.745101,0.437151,0.0111651,0.00431635,-0.0266991,-0.00915845,0.000734679,0.0192466,29.808,0.00484863,10,0,182.695,155.197,128.06,105.748,86.0696,72.7681,64.121,53.3855,0.0262192,0.00959936,0.00959409,0.00990334,0.00823422,0.00546164,0.00312114,0.00148446
3.08,6.19549e-09,-1.93777e-09,0.94985,30,-6.54845e-06,-9.30355e-07,0.00520278,-0.0270272,-0.0499295,-0.0688776,-0.081025,-0.0662289,-0.041227,-0.022301,-0.021288,-0.00361086,-0.011357,-0.0312327,-0.048161,-0.045982,-0.0427429,-0.0440812,0.040741,0.0697489,0.0846218,0.0888592,0.0875487,0.068119,0.0308289,0.00982011,-1.2992,-0.745079,0.437018,0.0111167,0.00431799,-0.0265954,-0.00982817,0.000225415,0.0211022,29.8084,0.00477771,10,0,182.702,155.205,128.067,105.753,86.0732,72.7706,64.1225,53.3861,0.0262708,0.00951759,0.00952701,0.0098655,0.00822481,0.0054572,0.00311998,0.0014854
3.085,7.18386e-09,-1.17452e-09,0.94985,30,-8.32379e-06,-9.0502e-07,0.00506563,-0.027014,-0.049828,-0.0686931,-0.0807486,-0.0659718,-0.0410616,-0.0222084,-0.0206143,-0.00249256,-0.00994599,-0.0295259,-0.0465409,-0.0447632,-0.0419472,-0.0436445,0.0406905,0.0695065,0.0843106,0.0885071,0.0871347,0.0677395,0.0306436,0.00975366,-1.29914,-0.745058,0.436885,0.0110641,0.00431649,-0.0264802,-0.0108152,-0.000523493,0.0238462,29.8088,0.00471059,10,0,182.712,155.218,128.078,105.761,86.0785,72.7743,64.1247,53.387,0.0263331,0.00939098,0.00942221,0.00980392,0.00820643,0.00544776,0.0031166,0.00148602
3.09,8.16028e-09,-4.20487e-10,0.94985,30,-1.00767e-05,-8.7998e-07,0.00492912,-0.0270017,-0.0497278,-0.0685103,-0.0804747,-0.065717,-0.0408977,-0.0221166,-0.0199388,-0.00138607,-0.00854726,-0.0278271,-0.0449226,-0.043545,-0.0411516,-0.0432073,0.0406408,0.0692674,0.0840023,0.0881577,0.0867238,0.0673629,0.0304595,0.00968766,-1.29908,-0.745036,0.436753,0.0110074,0.00431189,-0.0263537,-0.0114671,-0.00101943,0.0256456,29.8092,0.00464741,10,0,182.719,155.226,128.085,105.767,86.0821,72.7769,64.1262,53.3877,0.0263645,0.009304,0.00934961,0.00975969,0.00819137,0.00543963,0.00311328,0.00148589
3.095,9.12439e-09,3.24096e-10,0.94985,30,-1.18067e-05,-8.55238e-07,0.00479325,-0.0269903,-0.0496291,-0.0683294,-0.0802032,-0.0654646,-0.0407354,-0.0220257,-0.0192618,-0.0002918,-0.00716133,-0.026137,-0.0433068,-0.0423279,-0.0403563,-0.0427696,0.0405919,0.0690317,0.0836971,0.0878109,0.0863159,0.066989,0.0302768,0.00962213,-1.29903,-0.745015,0.436622,0.0109467,0.00430424,-0.0262161,-0.0124259,-0.0017473,0.0283044,29.8095,0.00458828,10,0,182.73,155.238,128.095,105.775,86.0875,72.7806,64.1284,53.3886,0.0263968,0.00916979,0.00923672,0.00968867,0.00816461,0.00542471,0.00310669,0.00148492
3.1,1.00759e-08,1.05899e-09,0.94985,30,-1.35131e-05,-8.30799e-07,0.00465804,-0.0269797,-0.0495318,-0.0681502,-0.0799341,-0.0652143,-0.0405746,-0.0219358,-0.0185837,0.000789868,-0.00578872,-0.0244563,-0.0416941,-0.0411125,-0.0395617,-0.0423318,0.0405439,0.0687993,0.0833948,0.0874668,0.0859111,0.0666178,0.0300953,0.00955704,-1.29898,-0.744993,0.436491,0.0108821,0.00429358,-0.0260676,-0.013059,-0.00222928,0.0300454,29.8099,0.0045333,10,0,182.737,155.246,128.102,105.78,86.091,72.7831,64.1299,53.3892,0.0264085,0.00907788,0.00915886,0.00963826,0.00814403,0.00541296,0.00310124,0.00148375
3.105,1.10143e-08,1.78397e-09,0.94985,30,-1.51954e-05,-8.06667e-07,0.00452348,-0.0269698,-0.0494358,-0.0679728,-0.0796674,-0.0649663,-0.0404152,-0.0218467,-0.0179047,0.00185855,-0.00442993,-0.0227857,-0.0400854,-0.0398994,-0.0387681,-0.0418941,0.0404967,0.0685701,0.0830955,0.0871254,0.0855094,0.0662495,0.0299151,0.00949241,-1.29892,-0.744972,0.436361,0.0108135,0.00427996,-0.0259083,-0.013988,-0.00293525,0.0326156,29.8103,0.00448257,10,0,182.747,155.257,128.112,105.788,86.0964,72.7869,64.1321,53.3901,0.0264113,0.00893646,0.00903825,0.00955813,0.00810909,0.00539268,0.0030915,0.00148123
3.11,1.19395e-08,2.49881e-09,0.94985,30,-1.6853e-05,-7.82845e-07,0.00438958,-0.0269608,-0.0493411,-0.067797,-0.079403,-0.0647204,-0.0402573,-0.0217584,-0.0172252,0.00291389,-0.00308546,-0.0211258,-0.0384813,-0.038689,-0.0379761,-0.0414566,0.0404504,0.0683441,0.0827991,0.0867866,0.0851108,0.0658838,0.0297361,0.00942822,-1.29887,-0.74495,0.436232,0.0107411,0.00426343,-0.0257384,-0.0146015,-0.00340269,0.0342963,29.8106,0.00443616,10,0,182.755,155.265,128.118,105.793,86.0999,72.7894,64.1336,53.3907,0.0264036,0.00883988,0.00895537,0.00950175,0.00808312,0.00537741,0.00308398,0.00147903
3.115,1.2851e-08,3.20331e-09,0.94985,30,-1.84854e-05,-7.59335e-07,0.00425636,-0.0269524,-0.0492477,-0.0676228,-0.0791409,-0.0644767,-0.0401009,-0.021671,-0.0165455,0.00395551,-0.0017558,-0.0194773,-0.0368826,-0.037482,-0.0371858,-0.0410195,0.040405,0.0681213,0.0825056,0.0864505,0.0847151,0.0655209,0.0295584,0.00936448,-1.29881,-0.744929,0.436104,0.010665,0.00424402,-0.0255582,-0.0154995,-0.00408597,0.036775,29.811,0.00439415,10,0,182.765,155.276,128.128,105.8,86.1053,72.7931,64.1358,53.3917,0.0263775,0.00869166,0.00882744,0.00941284,0.00804022,0.0053519,0.00307116,0.00147498
3.12,1.37486e-08,3.89725e-09,0.94985,30,-2.00921e-05,-7.3614e-07,0.0041238,-0.0269447,-0.0491555,-0.0674503,-0.0788811,-0.0642351,-0.0399458,-0.0215844,-0.015866,0.00498308,-0.000441413,-0.017841,-0.03529,-0.0362788,-0.0363977,-0.0405831,0.0403603,0.0679016,0.0822149,0.086117,0.0843225,0.0651607,0.029382,0.00930118,-1.29876,-0.744908,0.435976,0.0105851,0.00422179,-0.0253678,-0.0160924,-0.00453833,0.0383935,29.8114,0.00435656,10,0,182.772,155.284,128.135,105.806,86.1088,72.7956,64.1373,53.3923,0.0263507,0.00859068,0.0087398,0.00935072,0.00800903,0.00533318,0.00306161,0.00147178
3.125,1.4632e-08,4.58043e-09,0.94985,30,-2.16726e-05,-7.13264e-07,0.00399193,-0.0269377,-0.0490645,-0.0672794,-0.0786235,-0.0639956,-0.0397922,-0.0214987,-0.0151869,0.00599626,0.000857229,-0.0162174,-0.0337041,-0.0350801,-0.0356121,-0.0401476,0.0403166,0.0676849,0.0819271,0.0857861,0.0839328,0.0648032,0.0292068,0.00923833,-1.29871,-0.744887,0.43585,0.0105017,0.0041968,-0.0251674,-0.0169581,-0.00519816,0.0407779,29.8117,0.00432342,10,0,182.783,155.295,128.144,105.813,86.1141,72.7993,64.1395,53.3932,0.0262964,0.00843608,0.00860492,0.00925338,0.0079584,0.00530258,0.00304579,0.00146623
3.13,1.55008e-08,5.25268e-09,0.94985,30,-2.32265e-05,-6.90708e-07,0.00386074,-0.0269312,-0.0489747,-0.06711,-0.0783681,-0.0637582,-0.0396399,-0.0214137,-0.0145087,0.0069947,0.00213968,-0.0146072,-0.0321256,-0.0338862,-0.0348293,-0.0397131,0.0402736,0.0674713,0.0816422,0.0854578,0.0835462,0.0644483,0.0290328,0.00917592,-1.29866,-0.744866,0.435725,0.0104146,0.00416907,-0.0249573,-0.0175296,-0.00563492,0.0423325,29.8121,0.00429474,10,0,182.79,155.302,128.151,105.818,86.1176,72.8018,64.1409,53.3938,0.026251,0.00833098,0.00851279,0.00918576,0.00792212,0.00528052,0.00303427,0.00146205
3.135,1.63547e-08,5.9138e-09,0.94985,30,-2.47532e-05,-6.68474e-07,0.00373024,-0.0269254,-0.048886,-0.0669422,-0.0781148,-0.0635227,-0.0394889,-0.0213295,-0.0138315,0.00797811,0.00340551,-0.0130109,-0.0305553,-0.0326978,-0.0340497,-0.0392798,0.0402315,0.0672607,0.08136,0.0851321,0.0831625,0.0640961,0.0288601,0.00911394,-1.2986,-0.744845,0.435601,0.010324,0.00413868,-0.0247375,-0.0183621,-0.00627062,0.0446202,29.8124,0.0042705,10,0,182.8,155.313,128.16,105.826,86.1228,72.8055,64.1431,53.3948,0.0261691,0.00817041,0.00837137,0.00908033,0.007864,0.00524498,0.00301554,0.00145505
3.14,1.71936e-08,6.56362e-09,0.94985,30,-2.62524e-05,-6.46563e-07,0.00360043,-0.02692,-0.0487984,-0.0667759,-0.0778637,-0.0632893,-0.0393393,-0.0212461,-0.0131557,0.00894617,0.00465429,-0.0114293,-0.0289937,-0.0315153,-0.0332737,-0.038848,0.0401903,0.0670529,0.0810806,0.084809,0.0827817,0.0637466,0.0286886,0.0090524,-1.29855,-0.744825,0.435478,0.0102301,0.00410566,-0.0245084,-0.0189114,-0.00669132,0.0461093,29.8127,0.00425066,10,0,182.807,155.32,128.166,105.831,86.1263,72.8079,64.1446,53.3954,0.0261054,0.00806147,0.00827501,0.00900744,0.00782282,0.00521967,0.0030021,0.00144991
3.145,1.80171e-08,7.20197e-09,0.94985,30,-2.77236e-05,-6.24978e-07,0.00347132,-0.0269152,-0.0487119,-0.066611,-0.0776147,-0.0630578,-0.0391909,-0.0211635,-0.0124816,0.00989858,0.0058856,-0.00986283,-0.0274414,-0.0303392,-0.0325015,-0.0384178,0.0401499,0.0668481,0.080804,0.0844885,0.0824039,0.0633996,0.0285183,0.00899129,-1.2985,-0.744804,0.435356,0.0101327,0.00407007,-0.0242702,-0.0197094,-0.00730225,0.0482979,29.8131,0.00423518,10,0,182.818,155.331,128.175,105.838,86.1315,72.8116,64.1467,53.3963,0.0259966,0.00789535,0.00812745,0.0088943,0.00775746,0.00517935,0.00298055,0.0014415
3.15,1.8825e-08,7.82869e-09,0.94985,30,-2.91664e-05,-6.03719e-07,0.00334292,-0.0269108,-0.0486264,-0.0664476,-0.0773677,-0.0628282,-0.0390438,-0.0210816,-0.0118095,0.0108351,0.00709906,-0.00831217,-0.0258992,-0.0291701,-0.0317335,-0.0379894,0.0401102,0.066646,0.08053,0.0841704,0.082029,0.0630553,0.0283492,0.00893061,-1.29845,-0.744784,0.435235,0.0100321,0.00403196,-0.0240229,-0.0202358,-0.00770645,0.0497201,29.8134,0.00422397,10,0,182.825,155.338,128.181,105.843,86.1349,72.814,64.1482,53.3969,0.0259153,0.00778286,0.00802713,0.00881639,0.00771154,0.00515091,0.00296526,0.00143543
3.155,1.9617e-08,8.44363e-09,0.94985,30,-3.05805e-05,-5.82787e-07,0.00321522,-0.0269068,-0.0485419,-0.0662856,-0.0771228,-0.0626005,-0.038898,-0.0210004,-0.0111397,0.0117553,0.00829427,-0.00677785,-0.0243677,-0.0280083,-0.03097,-0.037563,0.0400715,0.0664468,0.0802588,0.0838549,0.081657,0.0627136,0.0281814,0.00887036,-1.2984,-0.744764,0.435116,0.00992828,0.00399139,-0.023767,-0.0209985,-0.00829205,0.0518078,29.8137,0.00421694,10,0,182.835,155.348,128.19,105.85,86.14,72.8176,64.1503,53.3978,0.0257803,0.00761161,0.00787384,0.00869591,0.00763922,0.00510597,0.00294097,0.00142565
3.16,2.03929e-08,9.04663e-09,0.94985,30,-3.19654e-05,-5.62184e-07,0.00308825,-0.0269033,-0.0484584,-0.0661249,-0.0768798,-0.0623747,-0.0387534,-0.02092,-0.0104725,0.0126591,0.00947085,-0.00526044,-0.0228475,-0.0268545,-0.0302113,-0.0371388,0.0400335,0.0662502,0.0799902,0.0835419,0.0812878,0.0623744,0.0280147,0.00881053,-1.29835,-0.744744,0.434998,0.00982131,0.0039484,-0.0235025,-0.0215013,-0.00867935,0.0531618,29.8141,0.00421398,10,0,182.842,155.354,128.196,105.855,86.1434,72.82,64.1518,53.3984,0.0256818,0.00749585,0.00776984,0.00861323,0.00758874,0.00507451,0.00292389,0.00141868
3.165,2.11525e-08,9.63757e-09,0.94985,30,-3.33208e-05,-5.41909e-07,0.00296199,-0.0269001,-0.0483759,-0.0659657,-0.0766388,-0.0621507,-0.03861,-0.0208402,-0.00980818,0.0135462,0.0106285,-0.00376046,-0.0213391,-0.0257089,-0.0294577,-0.0367169,0.0399963,0.0660564,0.0797243,0.0832314,0.0809215,0.0620378,0.0278492,0.00875113,-1.2983,-0.744724,0.434881,0.00971128,0.00390305,-0.0232297,-0.0222277,-0.0092391,0.0551467,29.8144,0.00421495,10,0,182.852,155.364,128.204,105.862,86.1485,72.8236,64.1539,53.3993,0.0255214,0.00731992,0.00761124,0.00848579,0.00750972,0.00502512,0.00289697,0.00140756
3.17,2.18955e-08,1.02163e-08,0.94985,30,-3.46463e-05,-5.21962e-07,0.00283645,-0.0268973,-0.0482942,-0.0658077,-0.0763998,-0.0619285,-0.0384678,-0.0207612,-0.00914702,0.0144163,0.0117667,-0.00227845,-0.0198431,-0.0245721,-0.0287095,-0.0362976,0.0399599,0.0658652,0.0794609,0.0829234,0.0805581,0.0617038,0.027685,0.00869215,-1.29825,-0.744705,0.434765,0.00959827,0.0038554,-0.0229488,-0.0227063,-0.00960915,0.0564315,29.8147,0.00421973,10,0,182.859,155.37,128.21,105.866,86.1518,72.826,64.1553,53.4,0.0254062,0.00720117,0.00750383,0.00839859,0.00745487,0.00499076,0.00287817,0.00139972
3.175,2.26217e-08,1.07827e-08,0.94985,30,-3.59418e-05,-5.02345e-07,0.00271165,-0.0268948,-0.0482135,-0.0656511,-0.0761626,-0.0617081,-0.0383267,-0.0206828,-0.00848929,0.0152692,0.0128853,-0.000814922,-0.0183602,-0.0234446,-0.0279671,-0.0358809,0.0399243,0.0656766,0.0792002,0.0826179,0.0801974,0.0613722,0.0275218,0.00863359,-1.29821,-0.744686,0.434652,0.00948235,0.0038055,-0.02266,-0.0233956,-0.0101426,0.058312,29.815,0.00422814,10,0,182.869,155.38,128.218,105.873,86.1568,72.8295,64.1574,53.4009,0.0252213,0.00702098,0.00734033,0.00826457,0.00736943,0.00493711,0.00284872,0.00138733
3.18,2.3331e-08,1.13367e-08,0.94985,30,-3.72068e-05,-4.83057e-07,0.00258758,-0.0268925,-0.0481336,-0.0654957,-0.0759274,-0.0614895,-0.0381868,-0.0206051,-0.00783527,0.0161047,0.013984,0.00062963,-0.0168909,-0.0223267,-0.0272307,-0.0354671,0.0398895,0.0654906,0.078942,0.0823148,0.0798395,0.0610432,0.0273599,0.00857544,-1.29816,-0.744667,0.434539,0.00936359,0.0037534,-0.0223636,-0.0238495,-0.0104951,0.0595266,29.8153,0.00424002,10,0,182.876,155.386,128.224,105.878,86.16,72.8318,64.1588,53.4015,0.02509,0.00689954,0.0072298,0.00817313,0.00731041,0.00489996,0.00282826,0.00137865
3.185,2.40231e-08,1.18781e-08,0.94985,30,-3.8441e-05,-4.64097e-07,0.00246425,-0.0268906,-0.0480545,-0.0653416,-0.0756939,-0.0612725,-0.038048,-0.0205281,-0.00718523,0.0169225,0.0150623,0.00205472,-0.0154358,-0.0212189,-0.0265005,-0.0350563,0.0398554,0.0653071,0.0786863,0.0820141,0.0794845,0.0607167,0.0271991,0.00851771,-1.29811,-0.744648,0.434428,0.00924209,0.00369916,-0.0220597,-0.0245009,-0.0110018,0.0613014,29.8156,0.00425519,10,0,182.886,155.395,128.231,105.884,86.1649,72.8353,64.1609,53.4023,0.0248813,0.00671552,0.00706182,0.00803293,0.00721885,0.00484223,0.00279638,0.00136502
3.19,2.46979e-08,1.24068e-08,0.94985,30,-3.96443e-05,-4.45466e-07,0.00234166,-0.0268888,-0.0479762,-0.0651887,-0.0754623,-0.0610573,-0.0379104,-0.0204517,-0.00653944,0.0177225,0.01612,0.00345988,-0.0139953,-0.0201217,-0.0257769,-0.0346488,0.0398221,0.065126,0.0784331,0.0817158,0.0791321,0.0603926,0.0270395,0.00846039,-1.29807,-0.74463,0.434319,0.00911792,0.00364284,-0.0217486,-0.0249295,-0.0113365,0.0624451,29.8159,0.00427347,10,0,182.893,155.401,128.237,105.889,86.1681,72.8376,64.1622,53.4029,0.0247345,0.00659167,0.00694845,0.0079375,0.00715585,0.00480243,0.00277435,0.00135553
3.195,2.53552e-08,1.29228e-08,0.94985,30,-4.08163e-05,-4.27162e-07,0.00221982,-0.0268873,-0.0478987,-0.065037,-0.0752324,-0.0608437,-0.0377738,-0.0203759,-0.00589816,0.0185044,0.0171568,0.00484465,-0.01257,-0.0190353,-0.0250602,-0.0342445,0.0397896,0.0649473,0.0781824,0.0814199,0.0787826,0.0600711,0.0268811,0.00840348,-1.29802,-0.744612,0.434211,0.00899115,0.0035845,-0.0214305,-0.0255425,-0.0118162,0.064113,29.8162,0.00429466,10,0,182.903,155.409,128.244,105.895,86.1729,72.841,64.1643,53.4038,0.0245029,0.00640427,0.00677642,0.00779152,0.00705847,0.00474082,0.00274016,0.00134072
3.2,2.59948e-08,1.3426e-08,0.94985,30,-4.19569e-05,-4.09184e-07,0.00209873,-0.0268859,-0.047822,-0.0648864,-0.0750043,-0.0606318,-0.0376383,-0.0203008,-0.00526163,0.0192682,0.0181725,0.0062086,-0.0111605,-0.0179603,-0.0243506,-0.0338438,0.0397578,0.064771,0.0779341,0.0811264,0.0784357,0.0597519,0.0267238,0.00834698,-1.29798,-0.744594,0.434104,0.00886187,0.00352418,-0.0211056,-0.0259454,-0.0121327,0.0651852,29.8165,0.00431856,10,0,182.909,155.415,128.249,105.899,86.1761,72.8432,64.1656,53.4044,0.0243411,0.00627831,0.00666049,0.00769237,0.00699169,0.00469849,0.00271661,0.00133046
3.205,2.66166e-08,1.39162e-08,0.94985,30,-4.30658e-05,-3.91533e-07,0.0019784,-0.0268847,-0.0477459,-0.064737,-0.074778,-0.0604215,-0.0375038,-0.0202263,-0.00463012,0.0200135,0.0191668,0.00755128,-0.00976723,-0.0168969,-0.0236484,-0.0334468,0.0397267,0.064597,0.0776883,0.0808352,0.0780915,0.0594352,0.0265676,0.00829088,-1.29793,-0.744577,0.434,0.00873016,0.00346195,-0.0207742,-0.0265194,-0.0125851,0.0667454,29.8168,0.00434498,10,0,182.919,155.423,128.257,105.906,86.1808,72.8466,64.1676,53.4053,0.0240876,0.00608795,0.00648484,0.00754102,0.0068888,0.00463319,0.00268022,0.00131452
3.21,2.72205e-08,1.43935e-08,0.94985,30,-4.41428e-05,-3.74206e-07,0.00185883,-0.0268836,-0.0476706,-0.0645887,-0.0745533,-0.0602128,-0.0373704,-0.0201524,-0.00400387,0.0207403,0.0201394,0.0088723,-0.00839066,-0.0158457,-0.0229538,-0.0330535,0.0396963,0.0644253,0.0774448,0.0805463,0.07775,0.0591209,0.0264126,0.00823519,-1.29789,-0.74456,0.433897,0.00859611,0.00339786,-0.0204364,-0.0268962,-0.0128834,0.0677455,29.8171,0.00437372,10,0,182.926,155.428,128.261,105.91,86.1838,72.8488,64.1689,53.4058,0.0239115,0.00596018,0.00636664,0.00743843,0.00681845,0.00458848,0.00265524,0.00130353
3.215,2.78063e-08,1.48576e-08,0.94985,30,-4.51877e-05,-3.57203e-07,0.00174002,-0.0268826,-0.0475959,-0.0644415,-0.0743303,-0.0600056,-0.037238,-0.020079,-0.00338312,0.0214484,0.0210901,0.0101713,-0.00703129,-0.0148069,-0.0222671,-0.0326642,0.0396666,0.0642559,0.0772036,0.0802598,0.0774112,0.058809,0.0262586,0.00817989,-1.29785,-0.744543,0.433796,0.00845978,0.00333197,-0.0200926,-0.0274307,-0.0133083,0.0691974,29.8174,0.00440457,10,0,182.935,155.436,128.268,105.916,86.1884,72.852,64.1709,53.4067,0.0236369,0.00576731,0.00618781,0.00728211,0.00671037,0.00451969,0.00261676,0.0012865
3.22,2.83738e-08,1.53087e-08,0.94985,30,-4.62005e-05,-3.40521e-07,0.00162198,-0.0268817,-0.0475218,-0.0642954,-0.0741089,-0.0598,-0.0371066,-0.0200063,-0.0027681,0.0221376,0.0220187,0.0114478,-0.00568958,-0.0137809,-0.0215885,-0.032279,0.0396376,0.0640886,0.0769648,0.0799755,0.077075,0.0584995,0.0261059,0.00812499,-1.29781,-0.744526,0.433696,0.00832128,0.00326434,-0.0197429,-0.027781,-0.0135881,0.070125,29.8177,0.00443734,10,0,182.942,155.441,128.273,105.92,86.1914,72.8542,64.1722,53.4072,0.0234471,0.00563801,0.00606763,0.00717635,0.00663665,0.00447272,0.00259043,0.00127481
3.225,2.89231e-08,1.57465e-08,0.94985,30,-4.71809e-05,-3.24161e-07,0.00150472,-0.0268808,-0.0474484,-0.0641503,-0.0738891,-0.0595959,-0.0369761,-0.0199341,-0.00215904,0.0228079,0.022925,0.0127015,-0.00436598,-0.0127681,-0.0209182,-0.0318981,0.0396092,0.0639234,0.0767283,0.0796936,0.0767414,0.0581923,0.0259542,0.00807049,-1.29776,-0.74451,0.433598,0.00818067,0.00319503,-0.0193876,-0.0282756,-0.0139852,0.0714681,29.818,0.00447184,10,0,182.951,155.448,128.28,105.926,86.1959,72.8574,64.1741,53.4081,0.0231524,0.00544308,0.00588604,0.00701548,0.00652369,0.00440065,0.00254997,0.00125676
3.23,2.94539e-08,1.61711e-08,0.94985,30,-4.81287e-05,-3.08119e-07,0.00138822,-0.02688,-0.0473755,-0.0640062,-0.0736709,-0.0593933,-0.0368467,-0.0198625,-0.00155617,0.0234591,0.0238088,0.013932,-0.00306092,-0.0117688,-0.0202565,-0.0315215,0.0395815,0.0637604,0.076494,0.0794138,0.0764105,0.0578875,0.0258036,0.00801638,-1.29772,-0.744495,0.433502,0.00803805,0.00312409,-0.0190268,-0.0285992,-0.0142465,0.0723231,29.8183,0.00450786,10,0,182.957,155.453,128.284,105.93,86.1988,72.8595,64.1754,53.4086,0.0229496,0.00531255,0.00576418,0.00690682,0.00644683,0.00435157,0.00252237,0.0012444
3.235,2.99663e-08,1.65825e-08,0.94985,30,-4.9044e-05,-2.92394e-07,0.00127251,-0.0268792,-0.0473032,-0.0638631,-0.0734543,-0.0591921,-0.0367181,-0.0197914,-0.000959709,0.0240911,0.0246698,0.015139,-0.00177483,-0.0107834,-0.0196037,-0.0311494,0.0395545,0.0635994,0.0762619,0.0791363,0.0760821,0.057585,0.0256541,0.00796266,-1.29768,-0.744479,0.433408,0.0078935,0.00305158,-0.0186608,-0.0290537,-0.0146158,0.0735572,29.8186,0.00454523,10,0,182.966,155.46,128.29,105.935,86.2032,72.8626,64.1772,53.4095,0.0226358,0.005116,0.00558028,0.00674182,0.00632931,0.00427644,0.00248007,0.00122538
3.24,3.046e-08,1.69805e-08,0.94985,30,-4.99266e-05,-2.76984e-07,0.00115758,-0.0268784,-0.0472315,-0.063721,-0.0732392,-0.0589924,-0.0365905,-0.0197209,-0.000369871,0.0247039,0.025508,0.0163221,-0.000508116,-0.00981207,-0.0189598,-0.030782,0.0395281,0.0634405,0.076032,0.0788611,0.0757562,0.0572848,0.0255057,0.00790933,-1.29765,-0.744464,0.433316,0.0077471,0.00297756,-0.0182899,-0.0293504,-0.0148584,0.0743395,29.8188,0.00458377,10,0,182.973,155.464,128.295,105.939,86.206,72.8646,64.1785,53.41,0.0224205,0.00498453,0.00545703,0.00663055,0.00624953,0.00422539,0.00245127,0.00121239
3.245,3.09351e-08,1.73652e-08,0.94985,30,-5.07764e-05,-2.61888e-07,0.00104344,-0.0268775,-0.0471603,-0.0635798,-0.0730256,-0.0587941,-0.0364639,-0.0196508,0.000213134,0.0252972,0.0263232,0.0174812,0.000738825,-0.00885524,-0.0183252,-0.0304193,0.0395023,0.0632835,0.0758044,0.078588,0.0754329,0.0569869,0.0253584,0.00785639,-1.29761,-0.744449,0.433226,0.00759893,0.00290209,-0.0179143,-0.0297645,-0.0151999,0.0754645,29.8191,0.00462329,10,0,182.982,155.471,128.301,105.944,86.2102,72.8676,64.1803,53.4108,0.0220887,0.00478681,0.00527127,0.00646185,0.00612779,0.00414741,0.00240724,0.00119246
3.25,3.13914e-08,1.77366e-08,0.94985,30,-5.15934e-05,-2.47102e-07,0.000930088,-0.0268766,-0.0470896,-0.0634396,-0.0728134,-0.0585972,-0.0363381,-0.0195814,0.000789104,0.0258711,0.0271152,0.0186158,0.00196561,-0.00791319,-0.0177001,-0.0300614,0.0394771,0.0631284,0.0755788,0.078317,0.0751121,0.0566913,0.0252122,0.00780383,-1.29757,-0.744435,0.433137,0.00744908,0.00282523,-0.0175341,-0.0300341,-0.0154238,0.0761743,29.8194,0.00466363,10,0,182.987,155.475,128.304,105.948,86.213,72.8696,64.1815,53.4113,0.0218616,0.00465473,0.00514692,0.00634825,0.00604531,0.00409453,0.00237733,0.00117889
3.255,3.1829e-08,1.80946e-08,0.94985,30,-5.23774e-05,-2.32625e-07,0.000817527,-0.0268757,-0.0470193,-0.0633002,-0.0726028,-0.0584017,-0.0362132,-0.0195124,0.00135784,0.0264254,0.0278839,0.0197256,0.00317187,-0.0069862,-0.0170845,-0.0297086,0.0394525,0.0629753,0.0753553,0.0780483,0.0747938,0.0563979,0.025067,0.00775165,-1.29753,-0.744421,0.43305,0.00729764,0.00274703,-0.0171497,-0.0304077,-0.0157374,0.0771904,29.8197,0.00470462,10,0,182.996,155.481,128.31,105.953,86.2171,72.8725,64.1832,53.4121,0.0215127,0.0044563,0.00495976,0.00617626,0.00591968,0.00401392,0.00233169,0.0011581
3.26,3.22478e-08,1.84392e-08,0.94985,30,-5.31286e-05,-2.18454e-07,0.000705762,-0.0268746,-0.0469495,-0.0631618,-0.0723935,-0.0582075,-0.0360891,-0.0194439,0.00191915,0.0269602,0.0286292,0.0208105,0.00435726,-0.00607455,-0.0164788,-0.0293609,0.0394285,0.062824,0.075134,0.0777816,0.074478,0.0561068,0.0249229,0.00769984,-1.2975,-0.744408,0.432966,0.00714468,0.00266756,-0.0167612,-0.0306501,-0.0159426,0.0778278,29.8199,0.00474612,10,0,183.002,155.485,128.314,105.957,86.2197,72.8745,64.1844,53.4126,0.0212746,0.00432389,0.00483463,0.00606062,0.00583472,0.00395936,0.00230076,0.00114398
3.265,3.26477e-08,1.87704e-08,0.94985,30,-5.38468e-05,-2.04588e-07,0.000594795,-0.0268735,-0.0468802,-0.0630242,-0.0721857,-0.0580147,-0.0359659,-0.0193759,0.00247284,0.0274753,0.0293509,0.0218701,0.00552142,-0.00517851,-0.0158831,-0.0290184,0.039405,0.0626745,0.0749147,0.0775171,0.0741647,0.0558179,0.0247798,0.00764842,-1.29746,-0.744395,0.432883,0.0069903,0.00258687,-0.0163689,-0.0309832,-0.0162284,0.0787353,29.8202,0.00478796,10,0,183.011,155.491,128.319,105.962,86.2237,72.8773,64.1861,53.4134,0.0209095,0.00412523,0.00464653,0.00588578,0.00570555,0.00387635,0.00225365,0.0011224
3.27,3.30287e-08,1.90883e-08,0.94985,30,-5.45322e-05,-1.91023e-07,0.000484628,-0.0268722,-0.0468112,-0.0628874,-0.0719792,-0.0578232,-0.0358436,-0.0193084,0.00301874,0.0279708,0.030049,0.0229043,0.00666403,-0.00429835,-0.0152976,-0.0286813,0.0393821,0.0625267,0.0746974,0.0772546,0.0738537,0.0555312,0.0246378,0.00759737,-1.29743,-0.744382,0.432802,0.00683458,0.00250501,-0.015973,-0.0311984,-0.016415,0.0793007,29.8205,0.00483001,10,0,183.016,155.494,128.323,105.965,86.2263,72.8792,64.1872,53.4139,0.0206611,0.00399283,0.00452093,0.00576838,0.00561834,0.00382027,0.00222178,0.00110776
3.275,3.33909e-08,1.93928e-08,0.94985,30,-5.51845e-05,-1.77757e-07,0.000375265,-0.0268708,-0.0467426,-0.0627514,-0.0717741,-0.0576329,-0.0357221,-0.0192414,0.00355667,0.0284465,0.0307234,0.0239127,0.00778478,-0.00343431,-0.0147224,-0.0283495,0.0393597,0.0623807,0.074482,0.0769942,0.0735452,0.0552467,0.0244969,0.00754669,-1.29739,-0.74437,0.432724,0.0066776,0.00242205,-0.0155736,-0.031491,-0.0166731,0.0801003,29.8208,0.00487214,10,0,183.025,155.499,128.327,105.97,86.2301,72.8819,64.1889,53.4146,0.020281,0.00379443,0.00433237,0.00559114,0.00548597,0.00373508,0.00217332,0.00108545
3.28,3.37341e-08,1.96839e-08,0.94985,30,-5.58041e-05,-1.64787e-07,0.000266708,-0.0268693,-0.0466744,-0.0626163,-0.0715703,-0.057444,-0.0356014,-0.0191748,0.00408646,0.0289026,0.0313741,0.0248953,0.00888336,-0.00258663,-0.0141577,-0.0280233,0.0393378,0.0622364,0.0742687,0.0767359,0.0732391,0.0549644,0.0243569,0.00749638,-1.29736,-0.744358,0.432647,0.00651944,0.00233805,-0.0151712,-0.031679,-0.016841,0.0805941,29.821,0.00491422,10,0,183.03,155.503,128.331,105.973,86.2325,72.8837,64.19,53.4151,0.0200229,0.00366237,0.00420663,0.00547227,0.00539674,0.00367762,0.00214059,0.00107034
3.285,3.40585e-08,1.99618e-08,0.94985,30,-5.63908e-05,-1.5211e-07,0.00015896,-0.0268675,-0.0466066,-0.0624819,-0.0713679,-0.0572562,-0.0354814,-0.0191087,0.00460793,0.0293389,0.0320008,0.0258517,0.00995949,-0.00175554,-0.0136038,-0.0277028,0.0393164,0.0620937,0.0740573,0.0764795,0.0729353,0.0546843,0.024218,0.00744644,-1.29733,-0.744346,0.432572,0.0063602,0.00225306,-0.0147658,-0.0319312,-0.0170716,0.0812866,29.8213,0.00495611,10,0,183.038,155.508,128.335,105.977,86.2362,72.8863,64.1916,53.4158,0.0196288,0.00346475,0.00401813,0.00529306,0.00526152,0.0035905,0.00209091,0.00104736
3.29,3.4364e-08,2.02263e-08,0.94985,30,-5.69447e-05,-1.39724e-07,5.20212e-05,-0.0268656,-0.0465391,-0.0623483,-0.0711667,-0.0570697,-0.0353623,-0.019043,0.00512094,0.0297555,0.0326037,0.0267819,0.0110129,-0.000941269,-0.0130606,-0.0273879,0.0392955,0.0619526,0.0738477,0.0762252,0.0726339,0.0544063,0.0240802,0.00739686,-1.2973,-0.744335,0.432499,0.00619996,0.00216714,-0.0143577,-0.0320921,-0.017221,0.0817093,29.8216,0.00499772,10,0,183.043,155.511,128.338,105.98,86.2386,72.8881,64.1926,53.4163,0.0193617,0.00333339,0.0038926,0.00517303,0.00517051,0.00353182,0.00205742,0.00103182
3.295,3.46506e-08,2.04776e-08,0.94985,30,-5.74659e-05,-1.27625e-07,-5.41046e-05,-0.0268635,-0.0464719,-0.0622154,-0.0709668,-0.0568845,-0.0352439,-0.0189778,0.00562533,0.0301523,0.0331827,0.0276856,0.0120433,-0.000144012,-0.0125284,-0.0270789,0.0392751,0.0618132,0.0736401,0.0759729,0.0723349,0.0541304,0.0239433,0.00734764,-1.29727,-0.744325,0.432429,0.00603879,0.00208034,-0.0139471,-0.0323041,-0.0174242,0.0822956,29.8218,0.00503892,10,0,183.051,155.515,128.343,105.984,86.2421,72.8906,64.1942,53.417,0.0189548,0.00313712,0.00370469,0.00499229,0.0050328,0.00344299,0.00200665,0.00100822
3.3,3.49184e-08,2.07157e-08,0.94985,30,-5.79545e-05,-1.15811e-07,-0.000159416,-0.0268612,-0.046405,-0.0620833,-0.0707681,-0.0567004,-0.0351263,-0.018913,0.00612095,0.0305295,0.0337377,0.0285628,0.0130505,0.000636028,-0.0120073,-0.0267757,0.0392551,0.0616752,0.0734343,0.0757225,0.0720381,0.0538566,0.0238074,0.00729879,-1.29724,-0.744314,0.43236,0.00587679,0.00199273,-0.0135342,-0.032438,-0.0175553,0.0826481,29.8221,0.00507963,10,0,183.056,155.518,128.345,105.987,86.2444,72.8922,64.1952,53.4175,0.0186794,0.00300688,0.00357975,0.00487141,0.00494024,0.00338325,0.00197248,0.0009923
3.305,3.51675e-08,2.09406e-08,0.94985,30,-5.84106e-05,-1.04279e-07,-0.000263911,-0.0268586,-0.0463384,-0.0619518,-0.0705707,-0.0565174,-0.0350094,-0.0188487,0.00660766,0.0308869,0.0342688,0.0294132,0.0140342,0.00139866,-0.0114975,-0.0264786,0.0392355,0.0615387,0.0732303,0.075474,0.0717436,0.0535849,0.0236726,0.00725029,-1.29721,-0.744305,0.432294,0.00571403,0.00190436,-0.0131193,-0.0326102,-0.0177314,0.0831293,29.8224,0.00511974,10,0,183.064,155.521,128.349,105.991,86.2477,72.8947,64.1967,53.4181,0.0182606,0.00281261,0.00339302,0.00468962,0.0048004,0.00329296,0.00192077,0.00096815
3.31,3.53978e-08,2.11524e-08,0.94985,30,-5.88344e-05,-9.30258e-08,-0.000367588,-0.0268559,-0.046272,-0.061821,-0.0703745,-0.0563356,-0.0348933,-0.0187847,0.00708532,0.0312248,0.0347759,0.0302367,0.0149943,0.00214371,-0.010999,-0.0261875,0.0392164,0.0614037,0.0730281,0.0752275,0.0714514,0.0533153,0.0235387,0.00720214,-1.29718,-0.744295,0.432229,0.00555061,0.00181528,-0.0127026,-0.0327173,-0.0178443,0.0834122,29.8226,0.00515916,10,0,183.069,155.524,128.352,105.994,86.2499,72.8963,64.1976,53.4186,0.0179777,0.00268396,0.00326908,0.00456819,0.00470654,0.00323233,0.00188602,0.000951882
3.315,3.56094e-08,2.13511e-08,0.94985,30,-5.92259e-05,-8.20477e-08,-0.000470446,-0.0268528,-0.0462059,-0.0616909,-0.0701794,-0.056155,-0.0347779,-0.0187212,0.00755381,0.031543,0.0352591,0.0310333,0.0159304,0.00287101,-0.010512,-0.0259025,0.0391977,0.0612702,0.0728276,0.0749828,0.0711615,0.0530478,0.0234058,0.00715435,-1.29715,-0.744287,0.432167,0.0053866,0.00172556,-0.0122842,-0.03285,-0.0179937,0.0837897,29.8229,0.0051978,10,0,183.076,155.527,128.355,105.997,86.2531,72.8986,64.199,53.4192,0.0175482,0.00249248,0.00308421,0.00438582,0.00456494,0.00314081,0.00183349,0.000927244
3.32,3.58025e-08,2.15368e-08,0.94985,30,-5.95854e-05,-7.13419e-08,-0.000572483,-0.0268495,-0.04614,-0.0615615,-0.0699855,-0.0559755,-0.0346632,-0.0186581,0.00801298,0.0318417,0.0357183,0.0318028,0.0168425,0.0035804,-0.0100365,-0.0256237,0.0391794,0.061138,0.0726289,0.0747401,0.0708738,0.0527823,0.0232739,0.00710691,-1.29713,-0.744278,0.432106,0.00522208,0.00163525,-0.0118645,-0.0329305,-0.0180886,0.0840041,29.8231,0.0052356,10,0,183.081,155.53,128.357,106,86.2552,72.9001,64.2,53.4196,0.0172585,0.002366,0.00296177,0.00426417,0.00447003,0.00307946,0.00179824,0.000910673
3.325,3.5977e-08,2.17097e-08,0.94985,30,-5.99129e-05,-6.09053e-08,-0.000673698,-0.0268459,-0.0460743,-0.0614326,-0.0697927,-0.055797,-0.0345491,-0.0185953,0.00846274,0.0321209,0.0361536,0.0325452,0.0177303,0.00427173,-0.00957276,-0.0253512,0.0391614,0.0610071,0.0724318,0.0744992,0.0705882,0.0525188,0.023143,0.00705982,-1.2971,-0.74427,0.432048,0.00505713,0.00154439,-0.0114435,-0.0330241,-0.0182115,0.0842792,29.8234,0.00527247,10,0,183.087,155.533,128.361,106.003,86.2582,72.9023,64.2013,53.4202,0.0168193,0.00217833,0.00277954,0.00408174,0.00432704,0.00298698,0.00174505,0.000885613
3.33,3.61331e-08,2.18696e-08,0.94985,30,-6.02086e-05,-5.07344e-08,-0.00077409,-0.026842,-0.0460088,-0.0613044,-0.0696011,-0.0556197,-0.0344358,-0.018533,0.00890296,0.0323807,0.0365651,0.0332604,0.0185937,0.00494486,-0.00912079,-0.025085,0.0391438,0.0608776,0.0722365,0.0742601,0.0703049,0.0522573,0.023013,0.00701307,-1.29707,-0.744263,0.431992,0.00489185,0.00145306,-0.0110215,-0.0330784,-0.0182887,0.0844261,29.8237,0.00530835,10,0,183.092,155.534,128.363,106.006,86.2602,72.9038,64.2022,53.4207,0.0165235,0.00205481,0.00265918,0.00396022,0.00423135,0.00292508,0.0017094,0.000868781
3.335,3.62709e-08,2.20168e-08,0.94985,30,-6.04728e-05,-4.08261e-08,-0.000873657,-0.0268379,-0.0459435,-0.0611768,-0.0694106,-0.0554434,-0.0343231,-0.018471,0.00933353,0.0326212,0.0369528,0.0339483,0.0194325,0.00559967,-0.0086807,-0.0248252,0.0391266,0.0607494,0.0720428,0.0740228,0.0700237,0.0519979,0.022884,0.00696667,-1.29705,-0.744256,0.431938,0.0047263,0.0013613,-0.0105988,-0.0331335,-0.0183856,0.0846005,29.8239,0.00534317,10,0,183.099,155.537,128.365,106.009,86.2631,72.9059,64.2035,53.4212,0.0160757,0.00187238,0.00248059,0.00377825,0.00408736,0.0028319,0.00165569,0.000843364
3.34,3.63904e-08,2.21513e-08,0.94985,30,-6.07057e-05,-3.11769e-08,-0.000972399,-0.0268334,-0.0458784,-0.0610497,-0.0692211,-0.0552682,-0.0342111,-0.0184094,0.00975435,0.0328425,0.0373168,0.0346089,0.0202466,0.00623605,-0.00825256,-0.0245719,0.0391097,0.0606224,0.0718507,0.0737873,0.0697447,0.0517404,0.0227559,0.00692061,-1.29703,-0.744249,0.431886,0.00456057,0.00126916,-0.0101755,-0.0331619,-0.0184453,0.0846811,29.8242,0.00537688,10,0,183.103,155.539,128.367,106.011,86.2649,72.9072,64.2043,53.4216,0.0157746,0.00175299,0.00236305,0.00365724,0.00399114,0.00276962,0.00161974,0.000826316
3.345,3.64917e-08,2.22732e-08,0.94985,30,-6.09074e-05,-2.17836e-08,-0.00107032,-0.0268286,-0.0458134,-0.0609233,-0.0690327,-0.055094,-0.0340998,-0.0183482,0.0101653,0.0330446,0.0376571,0.0352422,0.0210358,0.00685388,-0.00783646,-0.024325,0.0390931,0.0604967,0.0716602,0.0735536,0.0694678,0.0514849,0.0226288,0.00687489,-1.29701,-0.744243,0.431837,0.00439474,0.00117671,-0.00975191,-0.0331789,-0.0185167,0.0847566,29.8244,0.00540941,10,0,183.109,155.541,128.37,106.014,86.2677,72.9092,64.2055,53.4222,0.0153194,0.00157798,0.0021894,0.00347632,0.00384657,0.00267603,0.00156564,0.000800609
3.35,3.65751e-08,2.23827e-08,0.94985,30,-6.10782e-05,-1.26427e-08,-0.00116741,-0.0268235,-0.0457486,-0.0607973,-0.0688454,-0.0549208,-0.033989,-0.0182874,0.0105664,0.0332276,0.0379738,0.0358482,0.0218001,0.00745306,-0.00743246,-0.0240847,0.0390767,0.0603721,0.0714712,0.0733216,0.069193,0.0512313,0.0225026,0.0068295,-1.29698,-0.744237,0.431789,0.00422888,0.00108399,-0.00932811,-0.0331819,-0.0185592,0.0847721,29.8247,0.00544072,10,0,183.113,155.542,128.371,106.016,86.2694,72.9105,64.2063,53.4226,0.0150137,0.0014646,0.0020757,0.00335622,0.0037501,0.00261356,0.0015295,0.000783391
3.355,3.66406e-08,2.24797e-08,0.94985,30,-6.12183e-05,-3.75089e-09,-0.00126367,-0.026818,-0.0456839,-0.060672,-0.068659,-0.0547486,-0.033879,-0.0182269,0.0109574,0.0333918,0.0382671,0.0364268,0.0225393,0.00803351,-0.00704063,-0.023851,0.0390607,0.0602486,0.0712838,0.0730914,0.0689203,0.0509796,0.0223773,0.00678445,-1.29696,-0.744232,0.431744,0.00406308,0.00099105,-0.00890435,-0.0331616,-0.0186054,0.0847505,29.8249,0.00547076,10,0,183.119,155.544,128.373,106.019,86.272,72.9124,64.2075,53.4231,0.0145521,0.00130077,0.00190882,0.00317703,0.00360538,0.00251983,0.00147519,0.000757462
3.36,3.66883e-08,2.25644e-08,0.94985,30,-6.1328e-05,4.89534e-09,-0.0013591,-0.0268122,-0.0456193,-0.0605471,-0.0684737,-0.0545774,-0.0337695,-0.0181667,0.0113383,0.0335371,0.038537,0.0369781,0.0232534,0.00859515,-0.00666102,-0.0236239,0.039045,0.0601263,0.0710979,0.0728629,0.0686497,0.0507299,0.022253,0.00673973,-1.29694,-0.744228,0.4317,0.00389741,0.000897951,-0.00848084,-0.0331395,-0.0186311,0.0847022,29.8252,0.00549949,10,0,183.123,155.545,128.375,106.02,86.2736,72.9136,64.2082,53.4235,0.0142426,0.00119674,0.00180043,0.00305832,0.00350895,0.00245738,0.00143894,0.000740119
3.365,3.67184e-08,2.26369e-08,0.94985,30,-6.14075e-05,1.32994e-08,-0.00145371,-0.026806,-0.0455547,-0.0604227,-0.0682894,-0.0544072,-0.0336606,-0.0181069,0.0117091,0.0336637,0.0387836,0.0375021,0.0239422,0.00913791,-0.0062937,-0.0234034,0.0390295,0.0600051,0.0709135,0.072636,0.0683811,0.050482,0.0221296,0.00669534,-1.29692,-0.744223,0.431659,0.00373195,0.000804741,-0.00805778,-0.0330826,-0.0186527,0.0845858,29.8255,0.00552687,10,0,183.129,155.546,128.377,106.023,86.276,72.9153,64.2093,53.424,0.0137758,0.00105098,0.00164304,0.00288161,0.00336453,0.00236383,0.00138458,0.00071404
3.37,3.67311e-08,2.26974e-08,0.94985,30,-6.14571e-05,2.14648e-08,-0.00154749,-0.0267995,-0.0454903,-0.0602988,-0.0681061,-0.0542379,-0.0335524,-0.0180475,0.0120695,0.0337718,0.0390072,0.0379988,0.0246058,0.00966173,-0.00593869,-0.0231897,0.0390142,0.059885,0.0707305,0.0724108,0.0681145,0.0502361,0.0220071,0.00665128,-1.29691,-0.74422,0.43162,0.00356677,0.00071147,-0.00763534,-0.0330359,-0.0186619,0.0844751,29.8257,0.00555286,10,0,183.133,155.547,128.378,106.024,86.2775,72.9165,64.21,53.4243,0.0134632,0.000962676,0.00154223,0.00276486,0.00326847,0.00230161,0.00134836,0.000696622
3.375,3.67264e-08,2.27459e-08,0.94985,30,-6.14772e-05,2.9395e-08,-0.00164044,-0.0267926,-0.045426,-0.0601754,-0.0679237,-0.0540696,-0.0334447,-0.0179883,0.0124197,0.0338616,0.0392077,0.0384683,0.0252441,0.0101666,-0.00559605,-0.0229827,0.0389992,0.0597658,0.070549,0.0721873,0.0678499,0.049992,0.0218855,0.00660754,-1.29689,-0.744216,0.431583,0.00340195,0.00061819,-0.00721374,-0.0329432,-0.0186595,0.0842659,29.826,0.00557744,10,0,183.138,155.548,128.379,106.027,86.2797,72.9181,64.211,53.4248,0.0129924,0.000848206,0.00139862,0.00259158,0.00312485,0.00220858,0.00129411,0.000670466
3.38,3.67046e-08,2.27826e-08,0.94985,30,-6.14679e-05,3.70934e-08,-0.00173257,-0.0267853,-0.0453617,-0.0600525,-0.0677423,-0.0539022,-0.0333376,-0.0179295,0.0127596,0.033933,0.0393854,0.0389107,0.025857,0.0106524,-0.0052658,-0.0227825,0.0389843,0.0596477,0.0703688,0.0719653,0.0675874,0.0497497,0.0217648,0.00656412,-1.29687,-0.744213,0.431548,0.00323757,0.000524949,-0.00679315,-0.0328725,-0.0186526,0.0840944,29.8262,0.00560057,10,0,183.141,155.548,128.38,106.028,86.2811,72.9192,64.2117,53.4251,0.0126775,0.000787394,0.001309,0.00247749,0.0030295,0.00214683,0.00125804,0.000653023
3.385,3.66658e-08,2.28076e-08,0.94985,30,-6.14297e-05,4.45636e-08,-0.00182386,-0.0267777,-0.0452974,-0.05993,-0.0675617,-0.0537357,-0.0332311,-0.017871,0.013089,0.0339864,0.0395404,0.039326,0.0264445,0.0111191,-0.00494797,-0.0225891,0.0389697,0.0595305,0.0701901,0.071745,0.0673267,0.0495093,0.0216449,0.00652103,-1.29686,-0.744211,0.431515,0.00307369,0.000431797,-0.00637377,-0.0327448,-0.0186267,0.0837948,29.8265,0.00562222,10,0,183.147,155.549,128.381,106.03,86.2832,72.9207,64.2126,53.4256,0.0122039,0.000726141,0.00118604,0.00230886,0.00288724,0.00205469,0.00120411,0.00062687
3.39,3.66102e-08,2.2821e-08,0.94985,30,-6.13628e-05,5.18091e-08,-0.00191433,-0.0267696,-0.0452333,-0.059808,-0.0673821,-0.0535701,-0.0331251,-0.0178129,0.0134079,0.0340218,0.0396729,0.0397143,0.0270066,0.0115668,-0.00464258,-0.0224024,0.0389552,0.0594143,0.0700127,0.0715263,0.0670681,0.0492707,0.021526,0.00647825,-1.29684,-0.744209,0.431484,0.00291039,0.000338782,-0.00595578,-0.0326507,-0.0186042,0.0835641,29.8267,0.00564238,10,0,183.15,155.549,128.382,106.031,86.2845,72.9217,64.2133,53.4259,0.0118875,0.000708624,0.00111335,0.00219837,0.00279301,0.00199366,0.00116831,0.000609455
3.395,3.6538e-08,2.28229e-08,0.94985,30,-6.12675e-05,5.88333e-08,-0.00200397,-0.0267612,-0.0451691,-0.0596863,-0.0672034,-0.0534054,-0.0330197,-0.017755,0.0137163,0.0340395,0.0397831,0.0400757,0.0275433,0.0119954,-0.00434964,-0.0222226,0.0389409,0.059299,0.0698366,0.0713091,0.0668113,0.0490339,0.0214079,0.00643579,-1.29683,-0.744208,0.431456,0.00274773,0.000245952,-0.00553936,-0.0324889,-0.0185555,0.0831765,29.827,0.00566103,10,0,183.155,155.549,128.383,106.033,86.2864,72.9231,64.2141,53.4263,0.0114122,0.00071952,0.00102157,0.00203603,0.00265274,0.00190284,0.0011149,0.000583389
3.4,3.64494e-08,2.28136e-08,0.94985,30,-6.11443e-05,6.56398e-08,-0.00209279,-0.0267524,-0.0451049,-0.0595651,-0.0670256,-0.0532415,-0.0329148,-0.0176975,0.0140142,0.0340396,0.039871,0.0404103,0.0280546,0.0124049,-0.00406917,-0.0220496,0.0389268,0.0591846,0.0696618,0.0710935,0.0665565,0.0487989,0.0212907,0.00639365,-1.29681,-0.744207,0.431429,0.0025858,0.000153354,-0.00512469,-0.032372,-0.0185176,0.0828882,29.8272,0.00567815,10,0,183.158,155.549,128.383,106.034,86.2876,72.924,64.2147,53.4266,0.0110951,0.000750019,0.000973996,0.00193043,0.00256008,0.00184284,0.00107954,0.000566063
3.405,3.63446e-08,2.27931e-08,0.94985,30,-6.09934e-05,7.2232e-08,-0.00218078,-0.0267431,-0.0450408,-0.0594443,-0.0668487,-0.0530786,-0.0328105,-0.0176403,0.0143016,0.0340222,0.039937,0.0407183,0.0285406,0.0127953,-0.00380115,-0.0218835,0.0389128,0.059071,0.0694883,0.0708794,0.0663035,0.0485657,0.0211744,0.00635181,-1.2968,-0.744206,0.431405,0.00242466,6.10337e-05,-0.00471195,-0.0321771,-0.0184468,0.0824152,29.8275,0.00569372,10,0,183.162,155.549,128.383,106.036,86.2893,72.9253,64.2155,53.427,0.0106195,0.00082435,0.000926443,0.00177673,0.00242257,0.00175383,0.0010269,0.000540176
3.41,3.62238e-08,2.27616e-08,0.94985,30,-6.08152e-05,7.86136e-08,-0.00226795,-0.0267335,-0.0449767,-0.0593239,-0.0666726,-0.0529164,-0.0327067,-0.0175833,0.0145783,0.0339877,0.0399812,0.0409998,0.0290012,0.0131667,-0.0035456,-0.0217242,0.0388989,0.0589583,0.0693161,0.0706668,0.0660525,0.0483342,0.0210589,0.00631028,-1.29679,-0.744206,0.431382,0.00226437,-3.09627e-05,-0.00430132,-0.032038,-0.0183941,0.082071,29.8278,0.00570773,10,0,183.165,155.549,128.384,106.037,86.2904,72.9261,64.216,53.4272,0.0103026,0.000888616,0.000912053,0.00167792,0.00233203,0.00169522,0.000992142,0.000523004
3.415,3.60871e-08,2.27193e-08,0.94985,30,-6.06101e-05,8.47878e-08,-0.00235429,-0.0267234,-0.0449125,-0.0592038,-0.0664973,-0.0527552,-0.0326035,-0.0175267,0.0148444,0.0339362,0.0400039,0.0412549,0.0294366,0.013519,-0.00330249,-0.0215718,0.0388851,0.0588463,0.0691451,0.0704557,0.0658032,0.0481045,0.0209443,0.00626907,-1.29678,-0.744207,0.431362,0.00210501,-0.00012259,-0.00389296,-0.031811,-0.0183017,0.0815153,29.828,0.00572017,10,0,183.169,155.548,128.384,106.038,86.2919,72.9273,64.2168,53.4276,0.00982797,0.00100045,0.000917187,0.00153636,0.00219821,0.0016086,0.000940571,0.000497402
3.42,3.59349e-08,2.26662e-08,0.94985,30,-6.03784e-05,9.07583e-08,-0.00243981,-0.026713,-0.0448484,-0.0590842,-0.0663228,-0.0525947,-0.0325007,-0.0174703,0.0150999,0.0338678,0.0400052,0.0414837,0.0298467,0.0138523,-0.00307182,-0.0214262,0.0388715,0.0587352,0.0689753,0.070246,0.0655558,0.0478765,0.0208305,0.00622815,-1.29677,-0.744208,0.431344,0.00194664,-0.000213805,-0.00348704,-0.0316505,-0.0182347,0.0811171,29.8283,0.00573104,10,0,183.171,155.547,128.384,106.039,86.2929,72.928,64.2172,53.4278,0.00951221,0.00108226,0.000937675,0.00144722,0.0021105,0.00155182,0.000906627,0.000480457
3.425,3.57672e-08,2.26026e-08,0.94985,30,-6.01206e-05,9.65285e-08,-0.00252451,-0.0267021,-0.0447842,-0.0589648,-0.0661492,-0.0524351,-0.0323985,-0.0174142,0.0153447,0.0337829,0.0399853,0.0416865,0.0302317,0.0141667,-0.00285356,-0.0212875,0.0388579,0.0586248,0.0688067,0.0700378,0.0653102,0.0476502,0.0207176,0.00618754,-1.29676,-0.744209,0.431327,0.00178932,-0.000304564,-0.00308374,-0.0313923,-0.0181216,0.0804814,29.8285,0.00574033,10,0,183.175,155.546,128.384,106.04,86.2943,72.929,64.2179,53.4282,0.00904,0.0012121,0.000991022,0.00132313,0.00198154,0.00146831,0.000856469,0.000455262
3.43,3.55845e-08,2.25286e-08,0.94985,30,-5.9837e-05,1.02102e-07,-0.00260839,-0.0266907,-0.04472,-0.0588459,-0.0659764,-0.0522762,-0.0322967,-0.0173584,0.0155789,0.0336815,0.0399446,0.0418635,0.0305916,0.0144621,-0.00264768,-0.0211556,0.0388444,0.0585151,0.0686392,0.069831,0.0650664,0.0474256,0.0206054,0.00614723,-1.29675,-0.744211,0.431313,0.00163313,-0.000394823,-0.0026832,-0.0312111,-0.0180407,0.080031,29.8288,0.00574804,10,0,183.178,155.546,128.383,106.04,86.2951,72.9297,64.2183,53.4284,0.0087264,0.00130182,0.00103936,0.00124802,0.00189755,0.00141389,0.000823605,0.000438635
3.435,3.53868e-08,2.24444e-08,0.94985,30,-5.9528e-05,1.07482e-07,-0.00269145,-0.026679,-0.0446557,-0.0587272,-0.0658043,-0.0521182,-0.0321955,-0.0173029,0.0158024,0.033564,0.0398832,0.0420147,0.0309266,0.0147386,-0.00245415,-0.0210306,0.0388309,0.0584061,0.0684729,0.0696256,0.0648244,0.0472026,0.0204941,0.00610722,-1.29674,-0.744213,0.431301,0.00147811,-0.000484542,-0.0022856,-0.030923,-0.0179076,0.0793182,29.829,0.00575416,10,0,183.181,155.544,128.383,106.041,86.2963,72.9306,64.2189,53.4287,0.00825826,0.00143924,0.00112695,0.00114928,0.00177502,0.0013344,0.000775302,0.000413992
3.44,3.51744e-08,2.23501e-08,0.94985,30,-5.91941e-05,1.12672e-07,-0.0027737,-0.0266668,-0.0445914,-0.0586089,-0.065633,-0.0519609,-0.0320947,-0.0172477,0.0160153,0.0334306,0.0398013,0.0421404,0.0312367,0.0149964,-0.00227294,-0.0209124,0.0388175,0.0582978,0.0683078,0.0694217,0.0645842,0.0469814,0.0203836,0.0060675,-1.29674,-0.744215,0.43129,0.00132434,-0.00057368,-0.00189108,-0.0307218,-0.0178134,0.0788176,29.8293,0.00575871,10,0,183.183,155.543,128.382,106.041,86.2971,72.9312,64.2193,53.4289,0.00794797,0.00153192,0.00119321,0.00109434,0.00169595,0.00128301,0.00074385,0.000397791
3.445,3.49476e-08,2.2246e-08,0.94985,30,-5.88357e-05,1.17675e-07,-0.00285512,-0.0266542,-0.044527,-0.0584909,-0.0654625,-0.0518044,-0.0319944,-0.0171927,0.0162176,0.0332814,0.0396993,0.0422409,0.031522,0.0152355,-0.00210399,-0.020801,0.0388041,0.0581902,0.0681437,0.0692191,0.0643456,0.0467618,0.020274,0.00602808,-1.29673,-0.744219,0.431282,0.00117187,-0.000662195,-0.0014998,-0.0304049,-0.017661,0.0780306,29.8295,0.00576167,10,0,183.186,155.542,128.382,106.042,86.2981,72.932,64.2198,53.4292,0.00748579,0.00167156,0.00130128,0.00103111,0.00158194,0.00120869,0.000697975,0.000373886
3.45,3.47066e-08,2.21321e-08,0.94985,30,-5.84531e-05,1.22496e-07,-0.00293574,-0.0266411,-0.0444626,-0.0583732,-0.0652928,-0.0516487,-0.0318946,-0.017138,0.0164092,0.0331167,0.0395774,0.0423163,0.0317827,0.0154559,-0.00194727,-0.0206964,0.0387907,0.0580832,0.0679806,0.0690178,0.0641088,0.0465438,0.0201651,0.00598895,-1.29672,-0.744222,0.431276,0.00102077,-0.000750048,-0.00111192,-0.0301845,-0.0175539,0.0774817,29.8298,0.00576307,10,0,183.188,155.54,128.381,106.042,86.2988,72.9326,64.2202,53.4294,0.00718019,0.00176462,0.00137765,0.00100322,0.00150943,0.00116122,0.000668375,0.000358249
3.455,3.44517e-08,2.20086e-08,0.94985,30,-5.80469e-05,1.27136e-07,-0.00301554,-0.0266277,-0.0443981,-0.0582558,-0.0651237,-0.0514937,-0.0317952,-0.0170835,0.0165903,0.0329368,0.0394359,0.0423668,0.0320189,0.0156578,-0.00180271,-0.0205985,0.0387774,0.0579768,0.0678187,0.0688179,0.0638737,0.0463274,0.020057,0.00595011,-1.29672,-0.744226,0.431271,0.000871081,-0.000837202,-0.000727576,-0.02984,-0.017383,0.0766235,29.8301,0.0057629,10,0,183.191,155.538,128.38,106.042,86.2996,72.9333,64.2206,53.4296,0.00672625,0.00190359,0.00149671,0.000984444,0.0014068,0.00109355,0.000625685,0.000335319
3.46,3.41831e-08,2.18758e-08,0.94985,30,-5.76174e-05,1.316e-07,-0.00309453,-0.0266137,-0.0443335,-0.0581387,-0.0649554,-0.0513394,-0.0316964,-0.0170293,0.0167608,0.032742,0.039275,0.0423928,0.0322308,0.0158412,-0.00167026,-0.0205074,0.038764,0.057871,0.0676578,0.0686193,0.0636403,0.0461127,0.0199497,0.00591155,-1.29672,-0.744231,0.431268,0.000722872,-0.000923618,-0.000346914,-0.0296012,-0.0172637,0.0760284,29.8303,0.00576117,10,0,183.193,155.537,128.379,106.042,86.3002,72.9337,64.2209,53.4298,0.00642705,0.00199556,0.00157818,0.000987536,0.00134306,0.00105109,0.00059852,0.000320431
3.465,3.39011e-08,2.17339e-08,0.94985,30,-5.71652e-05,1.35891e-07,-0.00317272,-0.0265994,-0.0442688,-0.0580219,-0.0647878,-0.0511859,-0.0315979,-0.0169754,0.0169208,0.0325323,0.039095,0.0423944,0.0324185,0.0160064,-0.00154985,-0.020423,0.0387506,0.0577658,0.0674978,0.068422,0.0634086,0.0458996,0.0198432,0.00587328,-1.29671,-0.744235,0.431268,0.000576194,-0.00100926,2.9924e-05,-0.0292302,-0.0170751,0.0751022,29.8306,0.0057579,10,0,183.195,155.535,128.378,106.042,86.3009,72.9343,64.2213,53.43,0.00598426,0.00213217,0.00170236,0.00101452,0.00125563,0.000991944,0.000560025,0.000298796
3.47,3.36059e-08,2.15829e-08,0.94985,30,-5.66906e-05,1.40012e-07,-0.0032501,-0.0265846,-0.0442041,-0.0579054,-0.0646209,-0.0510331,-0.0314999,-0.0169216,0.0170702,0.0323082,0.0388961,0.0423718,0.0325821,0.0161533,-0.00144141,-0.0203453,0.0387372,0.0576611,0.0673389,0.0682259,0.0631785,0.045688,0.0197375,0.0058353,-1.29671,-0.744241,0.431269,0.000431103,-0.00109409,0.000402801,-0.028974,-0.0169441,0.0744628,29.8308,0.00575309,10,0,183.196,155.533,128.377,106.042,86.3013,72.9346,64.2216,53.4301,0.00569369,0.00222217,0.00178591,0.00104605,0.00120356,0.000955885,0.000536068,0.000284906
3.475,3.32979e-08,2.14231e-08,0.94985,30,-5.61941e-05,1.43967e-07,-0.00332667,-0.0265693,-0.0441392,-0.0577891,-0.0644547,-0.050881,-0.0314024,-0.0168682,0.0172092,0.0320698,0.0386788,0.0423255,0.0327219,0.0162821,-0.00134487,-0.0202743,0.0387238,0.057557,0.067181,0.0680312,0.06295,0.045478,0.0196325,0.00579759,-1.29671,-0.744246,0.431272,0.000287649,-0.00117807,0.000771582,-0.0285777,-0.0167386,0.0734717,29.8311,0.00574676,10,0,183.199,155.53,128.375,106.042,86.3019,72.9351,64.2219,53.4303,0.005266,0.00235535,0.00191165,0.00111061,0.00113611,0.000907493,0.000503086,0.000265006
3.48,3.29772e-08,2.12546e-08,0.94985,30,-5.56762e-05,1.47758e-07,-0.00340244,-0.0265536,-0.0440743,-0.057673,-0.0642892,-0.0507296,-0.0313053,-0.016815,0.0173378,0.0318175,0.0384433,0.0422556,0.032838,0.0163929,-0.00126015,-0.0202098,0.0387103,0.0574533,0.067024,0.0678376,0.0627231,0.0452695,0.0195283,0.00576017,-1.29671,-0.744253,0.431277,0.000145885,-0.00126118,0.00113614,-0.0283048,-0.0165964,0.0727903,29.8313,0.00573893,10,0,183.2,155.528,128.374,106.042,86.3022,72.9354,64.2221,53.4304,0.00498718,0.00244281,0.00199542,0.00116324,0.00109907,0.000879408,0.000483321,0.000252458
3.485,3.26442e-08,2.10777e-08,0.94985,30,-5.51374e-05,1.51389e-07,-0.00347742,-0.0265375,-0.0440092,-0.0575573,-0.0641243,-0.0505789,-0.0312086,-0.016762,0.017456,0.0315514,0.0381898,0.0421623,0.0329306,0.0164859,-0.00118716,-0.0201519,0.0386967,0.0573502,0.0668679,0.0676454,0.0624978,0.0450626,0.0194249,0.00572302,-1.29671,-0.744259,0.431283,5.8599e-06,-0.00134337,0.00149634,-0.0278847,-0.0163748,0.0717374,29.8316,0.00572961,10,0,183.202,155.525,128.372,106.042,86.3026,72.9357,64.2224,53.4306,0.00458024,0.00257186,0.0021205,0.00125343,0.00105662,0.000844172,0.000457465,0.000234901
3.49,3.22992e-08,2.08926e-08,0.94985,30,-5.4578e-05,1.54864e-07,-0.00355159,-0.0265209,-0.0439441,-0.0574417,-0.0639601,-0.0504289,-0.0311124,-0.0167093,0.0175639,0.0312719,0.0379187,0.0420461,0.033,0.0165612,-0.00112581,-0.0201006,0.0386831,0.0572475,0.0667128,0.0674543,0.0622742,0.0448572,0.0193222,0.00568614,-1.29671,-0.744266,0.431292,-0.000132377,-0.00142461,0.00185206,-0.027596,-0.016222,0.071016,29.8319,0.00571882,10,0,183.203,155.523,128.371,106.041,86.3028,72.936,64.2225,53.4307,0.00431778,0.00265638,0.0022033,0.00131948,0.00103766,0.000825601,0.000443023,0.000224166
3.495,3.19424e-08,2.06994e-08,0.94985,30,-5.39987e-05,1.58185e-07,-0.00362497,-0.0265039,-0.0438788,-0.0573264,-0.0637966,-0.0502796,-0.0310165,-0.0166568,0.0176615,0.0309793,0.0376303,0.0419072,0.0330463,0.016619,-0.00107602,-0.0200557,0.0386693,0.0571453,0.0665585,0.0672644,0.062052,0.0446533,0.0192203,0.00564954,-1.29671,-0.744273,0.431302,-0.00026878,-0.00150488,0.00220318,-0.0271532,-0.0159853,0.0699047,29.8321,0.00570658,10,0,183.204,155.52,128.369,106.041,86.303,72.9362,64.2227,53.4309,0.00394012,0.00278078,0.00232629,0.00142513,0.00102377,0.000805567,0.00042598,0.000209757
3.5,3.15741e-08,2.04983e-08,0.94985,30,-5.33999e-05,1.61355e-07,-0.00369757,-0.0264864,-0.0438134,-0.0572113,-0.0636337,-0.0501309,-0.0309211,-0.0166045,0.0177489,0.0306737,0.037325,0.0417459,0.0330698,0.0166594,-0.00103768,-0.0200173,0.0386555,0.0570435,0.0664051,0.0670757,0.0618315,0.0444509,0.0191191,0.00561321,-1.29671,-0.744281,0.431314,-0.000403301,-0.00158413,0.00254959,-0.0268496,-0.0158225,0.0691456,29.8324,0.00569291,10,0,183.205,155.518,128.367,106.04,86.3031,72.9363,64.2228,53.4309,0.00370109,0.00286207,0.00240733,0.00149887,0.00102425,0.000797581,0.0004179,0.000201434
3.505,3.11947e-08,2.02895e-08,0.94985,30,-5.2782e-05,1.64378e-07,-0.00376937,-0.0264685,-0.0437479,-0.0570965,-0.0634714,-0.0499829,-0.0308261,-0.0165524,0.0178262,0.0303556,0.037003,0.0415625,0.0330706,0.0166826,-0.00101069,-0.0199853,0.0386416,0.0569421,0.0662526,0.0668882,0.0616124,0.04425,0.0190187,0.00557715,-1.29671,-0.744289,0.431328,-0.000535898,-0.00166235,0.00289117,-0.0263855,-0.0155714,0.067979,29.8326,0.00567784,10,0,183.206,155.514,128.365,106.039,86.3032,72.9365,64.2229,53.4311,0.00336605,0.00298146,0.00252724,0.00161295,0.00103904,0.000793716,0.00041093,0.000191136
3.51,3.08043e-08,2.00733e-08,0.94985,30,-5.21457e-05,1.67256e-07,-0.00384039,-0.0264501,-0.0436823,-0.0569818,-0.0633098,-0.0498356,-0.0307315,-0.0165006,0.0178934,0.0300251,0.0366647,0.0413573,0.0330491,0.0166888,-0.000994947,-0.0199596,0.0386276,0.0568412,0.0661009,0.0667018,0.0613949,0.0440506,0.0189189,0.00554135,-1.29672,-0.744298,0.431343,-0.000666526,-0.0017395,0.0032278,-0.026068,-0.0153991,0.0671844,29.8329,0.00566138,10,0,183.207,155.512,128.363,106.039,86.3032,72.9365,64.223,53.4311,0.00316154,0.0030593,0.00260597,0.00169062,0.00105769,0.000796449,0.000409752,0.000185874
3.515,3.04033e-08,1.98498e-08,0.94985,30,-5.14912e-05,1.69993e-07,-0.00391062,-0.0264314,-0.0436165,-0.0568674,-0.0631488,-0.0496889,-0.0306373,-0.016449,0.0179506,0.0296826,0.0363103,0.0411307,0.0330055,0.0166781,-0.000990335,-0.0199403,0.0386134,0.0567406,0.0659501,0.0665165,0.0611788,0.0438526,0.0188199,0.00550582,-1.29672,-0.744307,0.43136,-0.000795145,-0.00181555,0.00355939,-0.0255839,-0.0151346,0.065966,29.8332,0.00564356,10,0,183.208,155.508,128.36,106.038,86.3032,72.9366,64.2231,53.4312,0.00288967,0.00317339,0.0027221,0.00180862,0.00109745,0.000808125,0.000413072,0.000180584
3.52,2.9992e-08,1.96192e-08,0.94985,30,-5.08193e-05,1.72592e-07,-0.00398007,-0.0264121,-0.0435506,-0.0567532,-0.0629883,-0.0495428,-0.0305435,-0.0163976,0.0179979,0.0293283,0.0359404,0.0408829,0.03294,0.0166507,-0.000996742,-0.0199271,0.0385991,0.0566403,0.0658,0.0663324,0.0609643,0.043656,0.0187216,0.00547055,-1.29672,-0.744316,0.431379,-0.000921714,-0.00189049,0.00388583,-0.0252532,-0.0149534,0.065138,29.8334,0.00562441,10,0,183.208,155.505,128.359,106.037,86.3031,72.9366,64.2231,53.4312,0.00273618,0.00324762,0.00279813,0.00188783,0.00113087,0.000820626,0.000418509,0.000178861
3.525,2.95707e-08,1.93817e-08,0.94985,30,-5.01303e-05,1.75056e-07,-0.00404875,-0.0263925,-0.0434846,-0.0566392,-0.0628285,-0.0493974,-0.0304501,-0.0163465,0.0180354,0.0289625,0.035555,0.0406144,0.0328528,0.0166068,-0.00101405,-0.0199201,0.0385847,0.0565405,0.0656507,0.0661493,0.0607512,0.0434609,0.0186241,0.00543554,-1.29673,-0.744326,0.431399,-0.00104619,-0.00196427,0.00420701,-0.0247505,-0.0146763,0.0638711,29.8337,0.00560395,10,0,183.208,155.501,128.356,106.036,86.3029,72.9365,64.2231,53.4313,0.00255581,0.00335618,0.00290998,0.00200686,0.00118976,0.000845753,0.000431078,0.000178995
3.53,2.91397e-08,1.91375e-08,0.94985,30,-4.94248e-05,1.77387e-07,-0.00411665,-0.0263723,-0.0434184,-0.0565253,-0.0626693,-0.0492526,-0.0303571,-0.0162955,0.0180631,0.0285856,0.0351547,0.0403255,0.0327443,0.0165466,-0.00104213,-0.0199192,0.0385701,0.0564409,0.0655022,0.0659673,0.0605395,0.0432672,0.0185272,0.00540079,-1.29673,-0.744336,0.431421,-0.00116855,-0.00203688,0.00452285,-0.0244077,-0.0144869,0.063012,29.8339,0.00558222,10,0,183.209,155.498,128.354,106.035,86.3027,72.9364,64.2231,53.4313,0.00247336,0.00342667,0.00298301,0.00208607,0.00123391,0.000866301,0.0004421,0.000180841
3.535,2.86993e-08,1.88868e-08,0.94985,30,-4.87032e-05,1.79588e-07,-0.00418379,-0.0263518,-0.0433521,-0.0564117,-0.0625106,-0.0491084,-0.0302645,-0.0162448,0.0180812,0.0281978,0.0347398,0.0400165,0.0326148,0.0164702,-0.00108086,-0.0199244,0.0385554,0.0563417,0.0653545,0.0657864,0.0603293,0.0430749,0.018431,0.0053663,-1.29674,-0.744346,0.431445,-0.00128874,-0.00210828,0.00483325,-0.0238877,-0.014198,0.0617,29.8342,0.00555924,10,0,183.209,155.494,128.351,106.034,86.3023,72.9363,64.223,53.4314,0.00241205,0.00352953,0.00309019,0.00220425,0.00130605,0.000902024,0.000462044,0.000186047
3.54,2.82498e-08,1.86299e-08,0.94985,30,-4.79662e-05,1.81663e-07,-0.00425015,-0.0263308,-0.0432856,-0.0562982,-0.0623525,-0.0489648,-0.0301723,-0.0161943,0.0180897,0.0277994,0.0343106,0.0396877,0.0324645,0.016378,-0.00113011,-0.0199355,0.0385405,0.0562428,0.0652075,0.0656066,0.0601205,0.042884,0.0183355,0.00533206,-1.29675,-0.744357,0.43147,-0.00140674,-0.00217847,0.00513812,-0.0235337,-0.0140009,0.060812,29.8345,0.00553504,10,0,183.209,155.491,128.348,106.033,86.3021,72.9361,64.223,53.4314,0.00241399,0.00359617,0.00316,0.00228241,0.00135733,0.000928653,0.00047729,0.000190984
3.545,2.77915e-08,1.83669e-08,0.94985,30,-4.72141e-05,1.83614e-07,-0.00431575,-0.0263094,-0.043219,-0.0561849,-0.062195,-0.0488218,-0.0300804,-0.0161439,0.0180888,0.0273908,0.0338675,0.0393396,0.0322936,0.0162702,-0.00118975,-0.0199525,0.0385254,0.0561441,0.0650612,0.0654278,0.0599131,0.0426944,0.0182407,0.00529808,-1.29675,-0.744368,0.431496,-0.00152251,-0.00224741,0.00543737,-0.0229978,-0.0137012,0.0594583,29.8347,0.00550965,10,0,183.209,155.486,128.345,106.031,86.3016,72.9359,64.2229,53.4314,0.00247874,0.00369319,0.00326221,0.00239845,0.00143792,0.000972089,0.000502565,0.000200282
3.55,2.73247e-08,1.8098e-08,0.94985,30,-4.64476e-05,1.85444e-07,-0.00438059,-0.0262876,-0.0431523,-0.0560718,-0.0620381,-0.0486795,-0.0299889,-0.0160938,0.0180784,0.0269722,0.0334107,0.0389725,0.0321026,0.0161468,-0.00125963,-0.0199754,0.0385101,0.0560458,0.0649157,0.06525,0.059707,0.0425063,0.0181466,0.00526434,-1.29676,-0.744379,0.431524,-0.00163602,-0.00231509,0.00573092,-0.0226335,-0.0134971,0.0585437,29.835,0.00548312,10,0,183.209,155.483,128.343,106.03,86.3012,72.9356,64.2228,53.4314,0.00255945,0.00375589,0.00332863,0.00247487,0.00149356,0.00100299,0.00052074,0.000207558
3.555,2.68498e-08,1.78234e-08,0.94985,30,-4.5667e-05,1.87156e-07,-0.00444468,-0.0262653,-0.0430854,-0.0559588,-0.0618817,-0.0485377,-0.0298978,-0.0160439,0.0180588,0.0265439,0.0329408,0.0385868,0.0318916,0.0160082,-0.00133962,-0.020004,0.0384947,0.0559477,0.0647708,0.0650732,0.0595024,0.0423194,0.0180532,0.00523085,-1.29677,-0.744391,0.431554,-0.00174723,-0.00238147,0.00601869,-0.022083,-0.0131873,0.0571517,29.8353,0.00545546,10,0,183.208,155.479,128.339,106.028,86.3006,72.9353,64.2226,53.4314,0.0027281,0.00384696,0.00342563,0.00258789,0.00157906,0.00105165,0.00054957,0.000219789
3.56,2.63669e-08,1.75433e-08,0.94985,30,-4.48731e-05,1.88752e-07,-0.00450801,-0.0262426,-0.0430183,-0.0558461,-0.0617258,-0.0483965,-0.029807,-0.0159942,0.0180301,0.0261062,0.032458,0.0381829,0.0316611,0.0158545,-0.00142958,-0.0200384,0.038479,0.0558499,0.0646266,0.0648974,0.0592991,0.0421339,0.0179604,0.00519761,-1.29678,-0.744403,0.431585,-0.00185613,-0.00244655,0.00630062,-0.0217094,-0.0129768,0.0562127,29.8355,0.00542671,10,0,183.208,155.475,128.337,106.027,86.3001,72.935,64.2225,53.4313,0.00286671,0.00390566,0.00348853,0.00266206,0.00163705,0.00108534,0.000569623,0.00022866
3.565,2.58766e-08,1.7258e-08,0.94985,30,-4.40661e-05,1.90236e-07,-0.00457059,-0.0262195,-0.0429511,-0.0557334,-0.0615705,-0.0482559,-0.0297166,-0.0159447,0.0179922,0.0256595,0.0319627,0.0377611,0.0314113,0.0156861,-0.00152934,-0.0200783,0.0384631,0.0557523,0.0644831,0.0647226,0.0590971,0.0419498,0.0178683,0.00516462,-1.29679,-0.744415,0.431617,-0.00196268,-0.00251031,0.00657661,-0.0211457,-0.0126578,0.0547858,29.8358,0.00539692,10,0,183.207,155.47,128.333,106.025,86.2994,72.9346,64.2222,53.4313,0.00310499,0.00399069,0.00358015,0.0027714,0.00172494,0.00113727,0.000600637,0.000242808
3.57,2.53789e-08,1.69677e-08,0.94985,30,-4.32468e-05,1.91609e-07,-0.00463242,-0.026196,-0.0428838,-0.055621,-0.0614157,-0.0481158,-0.0296266,-0.0158954,0.0179455,0.025204,0.0314553,0.0373218,0.0311425,0.0155031,-0.00163877,-0.0201238,0.0384471,0.0556549,0.0643402,0.0645488,0.0588965,0.0417669,0.0177769,0.00513186,-1.2968,-0.744428,0.43165,-0.00206686,-0.00257272,0.00684662,-0.0207637,-0.0124414,0.0538247,29.8361,0.00536611,10,0,183.207,155.467,128.331,106.024,86.2988,72.9342,64.2221,53.4312,0.00327958,0.00404535,0.0036394,0.00284294,0.00178387,0.0011726,0.00062178,0.00025268
3.575,2.48744e-08,1.66724e-08,0.94985,30,-4.24156e-05,1.92874e-07,-0.00469351,-0.026172,-0.0428163,-0.0555087,-0.0612614,-0.0479763,-0.0295369,-0.0158463,0.0178899,0.02474,0.0309362,0.0368655,0.0308552,0.0153058,-0.00175772,-0.0201748,0.0384307,0.0555577,0.064198,0.0643759,0.0586972,0.0415854,0.0176861,0.00509935,-1.29681,-0.744441,0.431685,-0.00216864,-0.00263377,0.00711057,-0.0201883,-0.0121143,0.0523662,29.8363,0.00533433,10,0,183.206,155.462,128.327,106.021,86.2979,72.9337,64.2218,53.4312,0.00355868,0.00412428,0.0037255,0.00294812,0.00187237,0.00122631,0.00065397,0.000267978
3.58,2.43632e-08,1.63726e-08,0.94985,30,-4.15729e-05,1.94035e-07,-0.00475387,-0.0261477,-0.0427486,-0.0553965,-0.0611077,-0.0478374,-0.0294476,-0.0157973,0.0178256,0.0242679,0.0304056,0.0363924,0.0305495,0.0150945,-0.00188601,-0.0202311,0.0384142,0.0554608,0.0640563,0.064204,0.0584991,0.0414051,0.017596,0.00506708,-1.29682,-0.744455,0.431722,-0.002268,-0.00269344,0.00736839,-0.0197988,-0.0118926,0.0513853,29.8366,0.00530161,10,0,183.205,155.458,128.324,106.02,86.2973,72.9333,64.2216,53.4311,0.00375328,0.00417485,0.00378103,0.00301676,0.00193123,0.00126243,0.000675634,0.000278418
3.585,2.38457e-08,1.60682e-08,0.94985,30,-4.07194e-05,1.95093e-07,-0.00481349,-0.0261229,-0.0426808,-0.0552845,-0.0609544,-0.0476991,-0.0293586,-0.0157486,0.0177528,0.023788,0.029864,0.0359031,0.0302258,0.0148693,-0.0020235,-0.0202927,0.0383974,0.055364,0.0639153,0.064033,0.0583024,0.0412261,0.0175065,0.00503504,-1.29683,-0.744468,0.431759,-0.00236492,-0.00275172,0.00762005,-0.0192128,-0.011558,0.0498987,29.8369,0.00526798,10,0,183.204,155.453,128.32,106.018,86.2963,72.9326,64.2212,53.431,0.00405393,0.00424763,0.00386149,0.00311741,0.00201905,0.0013168,0.000708272,0.00029432
3.59,2.33222e-08,1.57597e-08,0.94985,30,-3.98556e-05,1.9605e-07,-0.00487237,-0.0260977,-0.0426128,-0.0551726,-0.0608017,-0.0475612,-0.02927,-0.0157001,0.0176715,0.0233006,0.0293118,0.0353979,0.0298846,0.0146305,-0.00217003,-0.0203595,0.0383804,0.0552674,0.0637749,0.0638629,0.0581069,0.0410484,0.0174176,0.00500324,-1.29685,-0.744482,0.431798,-0.00245938,-0.00280859,0.00786547,-0.0188168,-0.0113317,0.0489002,29.8371,0.0052335,10,0,183.203,155.449,128.318,106.016,86.2956,72.9322,64.221,53.431,0.00425837,0.00429409,0.00391324,0.00318293,0.00207714,0.00135305,0.000730044,0.000305025
3.595,2.2793e-08,1.54471e-08,0.94985,30,-3.8982e-05,1.96911e-07,-0.00493054,-0.0260721,-0.0425447,-0.0550608,-0.0606495,-0.047424,-0.0291817,-0.0156517,0.0175818,0.0228059,0.0287493,0.0348772,0.029526,0.0143784,-0.00232542,-0.0204315,0.0383631,0.055171,0.0636351,0.0636937,0.0579127,0.0408719,0.0173294,0.00497168,-1.29686,-0.744496,0.431838,-0.00255136,-0.00286404,0.00810461,-0.0182218,-0.0109906,0.0473888,29.8374,0.0051982,10,0,183.202,155.444,128.313,106.014,86.2945,72.9315,64.2206,53.4308,0.00456854,0.00436069,0.00398798,0.00327877,0.00216337,0.00140726,0.000762604,0.000321152
3.6,2.22585e-08,1.51306e-08,0.94985,30,-3.8099e-05,1.97676e-07,-0.00498797,-0.0260461,-0.0424764,-0.0549492,-0.0604978,-0.0472873,-0.0290938,-0.0156035,0.017484,0.0223043,0.0281769,0.0343415,0.0291506,0.0141133,-0.00248951,-0.0205085,0.0383456,0.0550748,0.0634958,0.0635254,0.0577197,0.0406967,0.0172418,0.00494034,-1.29687,-0.744511,0.431879,-0.00264085,-0.00291806,0.00833742,-0.0178201,-0.0107601,0.0463749,29.8377,0.00516212,10,0,183.201,155.44,128.311,106.012,86.2937,72.931,64.2203,53.4308,0.00477651,0.00440303,0.00403588,0.003341,0.00222014,0.00144318,0.000784186,0.000331909
3.605,2.17189e-08,1.48105e-08,0.94985,30,-3.72072e-05,1.98348e-07,-0.00504469,-0.0260198,-0.042408,-0.0548378,-0.0603465,-0.0471511,-0.0290062,-0.0155556,0.017378,0.0217962,0.027595,0.0337911,0.0287586,0.0138354,-0.00266214,-0.0205904,0.0383278,0.0549787,0.0633571,0.0633579,0.0575279,0.0405227,0.0171548,0.00490923,-1.29688,-0.744526,0.431921,-0.00272782,-0.00297064,0.00856386,-0.0172173,-0.0104133,0.0448421,29.8379,0.00512531,10,0,183.199,155.435,128.306,106.01,86.2925,72.9302,64.2199,53.4306,0.00508869,0.00446345,0.00410483,0.0034318,0.00230409,0.00149659,0.000816283,0.000347993
3.61,2.11745e-08,1.4487e-08,0.94985,30,-3.63072e-05,1.98929e-07,-0.0051007,-0.025993,-0.0423394,-0.0547264,-0.0601958,-0.0470155,-0.028919,-0.0155078,0.0172642,0.0212817,0.0270039,0.0332264,0.0283503,0.0135449,-0.00284312,-0.0206771,0.0383098,0.0548827,0.063219,0.0631914,0.0573374,0.0403499,0.0170684,0.00487836,-1.2969,-0.744541,0.431965,-0.00281226,-0.00302176,0.00878388,-0.016811,-0.0101793,0.043815,29.8382,0.0050878,10,0,183.198,155.431,128.303,106.008,86.2916,72.9296,64.2196,53.4305,0.00529621,0.00450166,0.00414886,0.00349061,0.00235916,0.00153181,0.000837454,0.000358652
3.615,2.06256e-08,1.41602e-08,0.94985,30,-3.53994e-05,1.99423e-07,-0.00515599,-0.0259658,-0.0422706,-0.0546152,-0.0600455,-0.0468803,-0.028832,-0.0154602,0.0171425,0.0207613,0.026404,0.0326479,0.0279263,0.0132422,-0.0030323,-0.0207687,0.0382915,0.0547869,0.0630813,0.0630256,0.057148,0.0401783,0.0169827,0.00484771,-1.29691,-0.744556,0.432009,-0.00289416,-0.00307141,0.00899746,-0.0162018,-0.00982768,0.0422641,29.8385,0.00504964,10,0,183.196,155.425,128.299,106.005,86.2903,72.9287,64.2191,53.4303,0.00560557,0.00455589,0.00421199,0.0035762,0.0024403,0.00158395,0.000868802,0.000374502
3.62,2.00727e-08,1.38304e-08,0.94985,30,-3.44843e-05,1.9983e-07,-0.00521058,-0.0259383,-0.0422017,-0.0545042,-0.0598957,-0.0467457,-0.0287454,-0.0154127,0.0170132,0.0202352,0.0257958,0.0320561,0.0274868,0.0129275,-0.00322948,-0.0208649,0.0382729,0.0546912,0.0629442,0.0628608,0.0569599,0.0400079,0.0168975,0.00481728,-1.29693,-0.744571,0.432055,-0.00297351,-0.00311959,0.00920455,-0.0157916,-0.00959074,0.041226,29.8387,0.00501088,10,0,183.194,155.421,128.296,106.003,86.2893,72.9281,64.2187,53.4302,0.00581003,0.00458998,0.00425213,0.00363149,0.00249337,0.0016182,0.000889395,0.000384954
3.625,1.95159e-08,1.34977e-08,0.94985,30,-3.35625e-05,2.00153e-07,-0.00526447,-0.0259103,-0.0421326,-0.0543932,-0.0597464,-0.0466117,-0.0286592,-0.0153655,0.0168764,0.0197037,0.0251795,0.0314512,0.0270321,0.0126011,-0.0034345,-0.0209657,0.038254,0.0545956,0.0628076,0.0626967,0.0567729,0.0398387,0.016813,0.00478708,-1.29694,-0.744587,0.432101,-0.0030503,-0.00316629,0.00940513,-0.0151773,-0.00923506,0.0396603,29.839,0.00497155,10,0,183.192,155.415,128.291,106.001,86.2879,72.9271,64.2182,53.4301,0.00611334,0.00463804,0.0043094,0.00371172,0.00257132,0.0016687,0.000919777,0.000400431
3.63,1.89556e-08,1.31625e-08,0.94985,30,-3.26345e-05,2.00395e-07,-0.00531765,-0.025882,-0.0420634,-0.0542824,-0.0595975,-0.0464781,-0.0285732,-0.0153184,0.0167322,0.0191672,0.0245556,0.0308338,0.0265628,0.0122632,-0.00364717,-0.0210709,0.0382348,0.0545001,0.0626715,0.0625335,0.056587,0.0396707,0.016729,0.00475709,-1.29696,-0.744603,0.432149,-0.00312451,-0.0032115,0.00959917,-0.0147642,-0.00899572,0.0386134,29.8393,0.00493171,10,0,183.191,155.411,128.288,105.999,86.2869,72.9265,64.2178,53.4299,0.00631295,0.00466804,0.00434563,0.0037634,0.00262215,0.00170175,0.000939667,0.000410598
3.635,1.8392e-08,1.28247e-08,0.94985,30,-3.17007e-05,2.00558e-07,-0.00537015,-0.0258533,-0.041994,-0.0541717,-0.0594491,-0.0463451,-0.0284876,-0.0152715,0.0165808,0.018626,0.0239244,0.0302042,0.026079,0.0119142,-0.00386731,-0.0211805,0.0382153,0.0544047,0.0625359,0.062371,0.0564023,0.0395038,0.0166457,0.00472733,-1.29697,-0.744619,0.432198,-0.00319615,-0.00325521,0.00978665,-0.014146,-0.00863683,0.0370361,29.8396,0.00489141,10,0,183.188,155.405,128.284,105.996,86.2853,72.9254,64.2173,53.4297,0.00660797,0.00470996,0.00439705,0.00383818,0.0026966,0.00175033,0.000968917,0.000425597
3.64,1.78255e-08,1.24847e-08,0.94985,30,-3.07618e-05,2.00643e-07,-0.00542195,-0.0258243,-0.0419245,-0.0540611,-0.0593012,-0.0462126,-0.0284023,-0.0152248,0.0164223,0.0180803,0.0232863,0.0295629,0.0255813,0.0115543,-0.00409474,-0.0212945,0.0381956,0.0543094,0.0624008,0.0622094,0.0562188,0.0393381,0.0165629,0.00469778,-1.29699,-0.744636,0.432247,-0.0032652,-0.00329742,0.00996755,-0.0137309,-0.00839564,0.0359825,29.8398,0.00485068,10,0,183.186,155.401,128.28,105.994,86.2843,72.9247,64.2169,53.4296,0.00680148,0.00473587,0.00442938,0.00388619,0.002745,0.00178202,0.000988006,0.000435418
3.645,1.72565e-08,1.21427e-08,0.94985,30,-2.9818e-05,2.00653e-07,-0.00547308,-0.0257949,-0.0418548,-0.0539506,-0.0591537,-0.0460805,-0.0283174,-0.0151782,0.0162568,0.0175305,0.0226416,0.0289104,0.0250701,0.0111839,-0.00432928,-0.0214126,0.0381755,0.0542142,0.0622662,0.0620485,0.0560364,0.0391735,0.0164807,0.00466845,-1.29701,-0.744652,0.432297,-0.00333167,-0.00333812,0.0101418,-0.0131101,-0.00803434,0.0343968,29.8401,0.00480957,10,0,183.184,155.395,128.276,105.991,86.2826,72.9236,64.2162,53.4294,0.0070866,0.0047717,0.00447494,0.00395543,0.00281571,0.00182846,0.00101599,0.000449862
3.65,1.66851e-08,1.17988e-08,0.94985,30,-2.88701e-05,2.00589e-07,-0.00552352,-0.0257651,-0.041785,-0.0538402,-0.0590067,-0.045949,-0.0282327,-0.0151319,0.0160846,0.0169768,0.0219909,0.0282469,0.0245456,0.0108031,-0.00457074,-0.0215347,0.0381552,0.054119,0.062132,0.0618884,0.055855,0.0390101,0.0163991,0.00463934,-1.29702,-0.744669,0.432348,-0.00339554,-0.00337731,0.0103095,-0.0126938,-0.00779183,0.0333387,29.8404,0.00476814,10,0,183.182,155.391,128.272,105.989,86.2815,72.9229,64.2158,53.4292,0.00727308,0.00479356,0.00450337,0.00399972,0.00286155,0.00185866,0.0010342,0.00045929
3.655,1.61116e-08,1.14532e-08,0.94985,30,-2.79184e-05,2.00454e-07,-0.00557328,-0.025735,-0.041715,-0.05373,-0.0588601,-0.045818,-0.0281484,-0.0150857,0.0159058,0.0164197,0.0213343,0.0275731,0.0240083,0.0104123,-0.00481893,-0.0216609,0.0381345,0.054024,0.0619982,0.0617291,0.0556748,0.0388477,0.0163181,0.00461043,-1.29704,-0.744686,0.4324,-0.00345681,-0.00341499,0.0104706,-0.0120718,-0.00742889,0.0317478,29.8407,0.00472642,10,0,183.179,155.385,128.267,105.986,86.2798,72.9217,64.2152,53.429,0.0075471,0.00482335,0.00454311,0.00406336,0.00292833,0.00190276,0.00106083,0.000473117
3.66,1.55365e-08,1.11061e-08,0.94985,30,-2.69635e-05,2.0025e-07,-0.00562237,-0.0257045,-0.0416449,-0.0536199,-0.0587139,-0.0456874,-0.0280644,-0.0150397,0.0157205,0.0158593,0.0206724,0.0268892,0.0234586,0.0100119,-0.00507366,-0.0217909,0.0381135,0.0539289,0.0618649,0.0615705,0.0554957,0.0386865,0.0162376,0.00458174,-1.29706,-0.744703,0.432453,-0.00351549,-0.00345115,0.010625,-0.0116551,-0.0071856,0.0306871,29.8409,0.00468448,10,0,183.177,155.381,128.264,105.983,86.2786,72.9209,64.2147,53.4288,0.00772585,0.00484121,0.00456766,0.00410391,0.00297149,0.00193136,0.0010781,0.000482117
3.665,1.49599e-08,1.07577e-08,0.94985,30,-2.60059e-05,1.99978e-07,-0.0056708,-0.0256736,-0.0415746,-0.0535099,-0.0585682,-0.0455574,-0.0279807,-0.0149938,0.0155289,0.0152959,0.0200054,0.0261958,0.0228968,0.00960195,-0.00533475,-0.0219247,0.0380922,0.053834,0.0617321,0.0614127,0.0553176,0.0385264,0.0161577,0.00455325,-1.29708,-0.74472,0.432507,-0.00357157,-0.0034858,0.0107728,-0.011033,-0.00682179,0.029094,29.8412,0.00464236,10,0,183.174,155.375,128.259,105.98,86.2768,72.9197,64.214,53.4285,0.00798787,0.00486502,0.0046016,0.00416191,0.00303418,0.001973,0.00110328,0.00049528
3.67,1.43821e-08,1.04083e-08,0.94985,30,-2.50459e-05,1.99641e-07,-0.00571856,-0.0256425,-0.0415041,-0.0534,-0.058423,-0.0454278,-0.0278973,-0.0149481,0.0153311,0.01473,0.0193338,0.0254932,0.0223234,0.0091829,-0.005602,-0.0220622,0.0380706,0.0537391,0.0615996,0.0612555,0.0551406,0.0383673,0.0160783,0.00452497,-1.29709,-0.744738,0.432561,-0.00362505,-0.00351892,0.010914,-0.0106168,-0.00657822,0.0280329,29.8415,0.0046001,10,0,183.172,155.371,128.256,105.978,86.2755,72.9189,64.2135,53.4284,0.00815836,0.00487892,0.00462231,0.00419869,0.00307458,0.00199991,0.00111957,0.000503824
3.675,1.38035e-08,1.00578e-08,0.94985,30,-2.40842e-05,1.99239e-07,-0.00576567,-0.0256109,-0.0414336,-0.0532902,-0.0582781,-0.0452987,-0.0278142,-0.0149026,0.0151273,0.0141617,0.0186578,0.0247819,0.0217387,0.00875501,-0.00587522,-0.0222033,0.0380487,0.0536443,0.0614676,0.0610991,0.0549647,0.0382094,0.0159995,0.0044969,-1.29711,-0.744756,0.432616,-0.00367594,-0.00355053,0.0110485,-0.00999581,-0.0062143,0.0264408,29.8418,0.00455777,10,0,183.169,155.364,128.251,105.975,86.2736,72.9176,64.2128,53.4281,0.00840766,0.00489683,0.0046505,0.00425103,0.00313306,0.00203898,0.00114324,0.000516285
3.68,1.32243e-08,9.70669e-09,0.94985,30,-2.31211e-05,1.98776e-07,-0.00581213,-0.0255791,-0.0413629,-0.0531805,-0.0581337,-0.0451702,-0.0277314,-0.0148573,0.0149176,0.0135913,0.0179779,0.0240623,0.0211432,0.00831857,-0.00615422,-0.0223478,0.0380264,0.0535494,0.0613359,0.0609435,0.0547897,0.0380525,0.0159212,0.00446903,-1.29713,-0.744773,0.432672,-0.00372425,-0.00358062,0.0111764,-0.00958088,-0.00597096,0.0253812,29.842,0.0045154,10,0,183.167,155.36,128.248,105.973,86.2724,72.9167,64.2123,53.4279,0.00856948,0.00490683,0.00466739,0.00428404,0.00317062,0.00206413,0.00115851,0.000524351
3.685,1.26449e-08,9.35497e-09,0.94985,30,-2.21573e-05,1.98253e-07,-0.00585793,-0.0255469,-0.041292,-0.0530709,-0.0579897,-0.045042,-0.027649,-0.0148121,0.0147023,0.0130193,0.0172945,0.0233349,0.0205372,0.00787389,-0.00643881,-0.0224957,0.0380038,0.0534547,0.0612047,0.0607885,0.0546158,0.0378966,0.0158435,0.00444137,-1.29715,-0.744791,0.432728,-0.00376997,-0.00360919,0.0112977,-0.00896216,-0.00560765,0.0237929,29.8423,0.00447305,10,0,183.163,155.354,128.243,105.969,86.2704,72.9154,64.2115,53.4276,0.00880552,0.00491893,0.0046899,0.00433072,0.00322481,0.00210053,0.00118062,0.000536081
3.69,1.20654e-08,9.00286e-09,0.94985,30,-2.1193e-05,1.97671e-07,-0.00590309,-0.0255144,-0.041221,-0.0529614,-0.0578461,-0.0449144,-0.0275668,-0.0147671,0.0144815,0.0124457,0.0166078,0.0226,0.0199211,0.00742126,-0.00672879,-0.0226469,0.0379809,0.0533599,0.0610739,0.0606342,0.054443,0.0377418,0.0157663,0.0044139,-1.29717,-0.74481,0.432785,-0.00381311,-0.00363625,0.0114124,-0.00854927,-0.00536501,0.0227367,29.8426,0.00443077,10,0,183.161,155.35,128.239,105.967,86.269,72.9145,64.211,53.4274,0.00895834,0.00492509,0.00470302,0.00435995,0.00325949,0.00212389,0.00119483,0.000543651
3.695,1.14862e-08,8.65054e-09,0.94985,30,-2.02288e-05,1.97032e-07,-0.00594762,-0.0254816,-0.0411499,-0.0528521,-0.057703,-0.0447872,-0.0274849,-0.0147222,0.0142553,0.011871,0.0159183,0.0218581,0.0192954,0.00696097,-0.00702398,-0.0228011,0.0379577,0.0532652,0.0609434,0.0604806,0.0542711,0.0375881,0.0156897,0.00438664,-1.29719,-0.744828,0.432842,-0.00385369,-0.0036618,0.0115204,-0.00793398,-0.00500302,0.0211552,29.8429,0.0043886,10,0,183.157,155.343,128.234,105.963,86.267,72.9131,64.2102,53.4271,0.00918067,0.00493148,0.0047199,0.00440098,0.00330931,0.00215754,0.00121535,0.000554627
3.7,1.09075e-08,8.29819e-09,0.94985,30,-1.92651e-05,1.96338e-07,-0.0059915,-0.0254484,-0.0410786,-0.0527429,-0.0575602,-0.0446605,-0.0274034,-0.0146776,0.0140239,0.0112954,0.0152263,0.0211096,0.0186604,0.00649333,-0.00732416,-0.0229585,0.0379341,0.0531705,0.0608133,0.0603276,0.0541002,0.0374354,0.0156135,0.00435957,-1.29721,-0.744846,0.4329,-0.0038917,-0.00368584,0.011622,-0.00752389,-0.00476157,0.0201045,29.8431,0.00434661,10,0,183.155,155.339,128.231,105.961,86.2656,72.9121,64.2097,53.4269,0.00932423,0.00493386,0.0047293,0.00442645,0.00334106,0.00217906,0.00122849,0.000561688
3.705,1.03296e-08,7.94597e-09,0.94985,30,-1.83024e-05,1.9559e-07,-0.00603476,-0.025415,-0.0410072,-0.0526337,-0.0574179,-0.0445343,-0.0273221,-0.014633,0.0137875,0.0107192,0.0145321,0.020355,0.0180166,0.00601864,-0.00762916,-0.0231188,0.0379101,0.0530759,0.0606836,0.0601753,0.0539303,0.0372836,0.0155379,0.0043327,-1.29723,-0.744865,0.432958,-0.00392717,-0.00370838,0.0117169,-0.00691311,-0.00440159,0.0185325,29.8434,0.00430485,10,0,183.151,155.333,128.225,105.958,86.2635,72.9107,64.2088,53.4266,0.00953251,0.00493464,0.00474065,0.00446185,0.00338647,0.00220992,0.00124738,0.000571891
3.71,9.7528e-09,7.59406e-09,0.94985,30,-1.73412e-05,1.94791e-07,-0.0060774,-0.0253812,-0.0409357,-0.0525247,-0.057276,-0.0444085,-0.0272412,-0.0145887,0.0135462,0.0101426,0.0138362,0.0195946,0.0173643,0.00553718,-0.00793877,-0.0232819,0.0378859,0.0529812,0.0605542,0.0600237,0.0537614,0.0371329,0.0154629,0.00430602,-1.29725,-0.744883,0.433017,-0.00396009,-0.00372942,0.0118054,-0.00650656,-0.00416178,0.017489,29.8437,0.00426335,10,0,183.149,155.328,128.222,105.955,86.2621,72.9097,64.2083,53.4264,0.00966662,0.00493332,0.00474639,0.00448359,0.00341527,0.00222956,0.00125942,0.000578432
3.715,9.17734e-09,7.24262e-09,0.94985,30,-1.63818e-05,1.93941e-07,-0.00611941,-0.0253472,-0.040864,-0.0524158,-0.0571345,-0.0442832,-0.0271605,-0.0145445,0.0133002,0.00956606,0.0131388,0.0188289,0.0167038,0.00504927,-0.0082528,-0.0234477,0.0378613,0.0528865,0.0604252,0.0598727,0.0535935,0.0369832,0.0153883,0.00427953,-1.29727,-0.744902,0.433076,-0.00399049,-0.00374897,0.0118873,-0.00590137,-0.00380447,0.0159295,29.844,0.00422218,10,0,183.145,155.322,128.217,105.952,86.26,72.9082,64.2074,53.426,0.0098606,0.00492862,0.00475228,0.0045134,0.00345624,0.00225761,0.00127666,0.000587849
3.72,8.60347e-09,6.89183e-09,0.94985,30,-1.54248e-05,1.93042e-07,-0.00616081,-0.0253128,-0.0407923,-0.052307,-0.0569934,-0.0441583,-0.0270802,-0.0145005,0.0130497,0.00898969,0.0124403,0.0180583,0.0160358,0.0045552,-0.00857106,-0.0236161,0.0378363,0.0527919,0.0602965,0.0597224,0.0534264,0.0368345,0.0153142,0.00425324,-1.29729,-0.744921,0.433136,-0.00401838,-0.00376703,0.0119627,-0.00549906,-0.00356674,0.014895,29.8443,0.00418138,10,0,183.142,155.318,128.213,105.949,86.2585,72.9072,64.2069,53.4258,0.00998509,0.00492368,0.00475442,0.00453142,0.00348206,0.00227535,0.0012876,0.000593863
3.725,8.03146e-09,6.54183e-09,0.94985,30,-1.44705e-05,1.92095e-07,-0.00620159,-0.0252782,-0.0407203,-0.0521983,-0.0568527,-0.0440339,-0.0270001,-0.0144566,0.0127948,0.00841382,0.0117411,0.0172832,0.0153604,0.00405527,-0.00889334,-0.0237871,0.037811,0.0526973,0.0601682,0.0595727,0.0532604,0.0366868,0.0152407,0.00422714,-1.29731,-0.74494,0.433196,-0.00404376,-0.00378362,0.0120318,-0.00490049,-0.00321275,0.0133504,29.8445,0.004141,10,0,183.138,155.311,128.208,105.946,86.2563,72.9057,64.206,53.4255,0.0101646,0.00491361,0.00475497,0.00455569,0.00351857,0.00230054,0.00130318,0.000602484
3.73,7.46156e-09,6.1928e-09,0.94985,30,-1.35193e-05,1.91103e-07,-0.00624178,-0.0252433,-0.0406483,-0.0520897,-0.0567124,-0.04391,-0.0269203,-0.0144129,0.0125357,0.0078387,0.0110414,0.0165041,0.0146781,0.00354978,-0.00921946,-0.0239604,0.0377854,0.0526026,0.0600402,0.0594236,0.0530952,0.03654,0.0151677,0.00420122,-1.29733,-0.744959,0.433256,-0.00406666,-0.00379874,0.0120944,-0.0045031,-0.00297752,0.0123268,29.8448,0.0041011,10,0,183.136,155.307,128.205,105.943,86.2548,72.9047,64.2054,53.4252,0.0102793,0.00490514,0.00475358,0.00457003,0.00354142,0.00231638,0.00131301,0.000607964
3.735,6.89402e-09,5.84489e-09,0.94985,30,-1.25717e-05,1.90066e-07,-0.00628136,-0.0252081,-0.0405762,-0.0519812,-0.0565725,-0.0437865,-0.0268409,-0.0143694,0.0122725,0.00726461,0.0103417,0.0157213,0.0139894,0.00303902,-0.00954922,-0.0241361,0.0377594,0.052508,0.0599125,0.0592751,0.052931,0.0363942,0.0150951,0.00417549,-1.29735,-0.744978,0.433317,-0.00408709,-0.00381239,0.0121506,-0.00391215,-0.00262747,0.0107998,29.8451,0.00406172,10,0,183.132,155.301,128.2,105.94,86.2525,72.9032,64.2045,53.4249,0.0104442,0.00488983,0.00474888,0.00458882,0.00357347,0.0023387,0.00132692,0.000615782
3.74,6.32907e-09,5.49826e-09,0.94985,30,-1.16281e-05,1.88986e-07,-0.00632034,-0.0251726,-0.0405039,-0.0518728,-0.056433,-0.0436635,-0.0267617,-0.014326,0.0120055,0.00669181,0.00964218,0.0149352,0.0132946,0.00252329,-0.00988243,-0.0243139,0.0377331,0.0524133,0.0597851,0.0591272,0.0527677,0.0362494,0.0150231,0.00414995,-1.29737,-0.744997,0.433378,-0.00410507,-0.00382459,0.0122005,-0.00352033,-0.00239516,0.00978868,29.8454,0.00402292,10,0,183.129,155.297,128.196,105.937,86.251,72.9021,64.2039,53.4246,0.0105491,0.00487791,0.00474404,0.00459954,0.00359336,0.00235263,0.00133564,0.000620725
3.745,5.76697e-09,5.15306e-09,0.94985,30,-1.0689e-05,1.87864e-07,-0.00635873,-0.0251368,-0.0404315,-0.0517645,-0.0562939,-0.0435409,-0.0266828,-0.0142828,0.0117348,0.00612055,0.00894327,0.0141463,0.012594,0.0020029,-0.0102189,-0.0244938,0.0377064,0.0523187,0.0596581,0.05898,0.0526053,0.0361055,0.0149515,0.00412458,-1.29739,-0.745016,0.433439,-0.00412062,-0.00383535,0.0122441,-0.00293797,-0.00204964,0.00828183,29.8457,0.00398473,10,0,183.124,155.29,128.191,105.934,86.2487,72.9005,64.203,53.4243,0.0106992,0.00485751,0.00473422,0.00461292,0.00362095,0.00237208,0.00134787,0.000627737
3.75,5.20795e-09,4.80944e-09,0.94985,30,-9.75457e-06,1.86701e-07,-0.00639654,-0.0251008,-0.040359,-0.0516564,-0.0561552,-0.0434187,-0.0266042,-0.0142397,0.0114606,0.00555109,0.00824527,0.0133549,0.0118882,0.00147813,-0.0105584,-0.0246757,0.0376794,0.052224,0.0595313,0.0588333,0.0524438,0.0359625,0.0148804,0.00409941,-1.29741,-0.745035,0.4335,-0.00413376,-0.00384467,0.0122815,-0.00255235,-0.00182063,0.00728482,29.846,0.00394721,10,0,183.122,155.286,128.188,105.931,86.2472,72.8995,64.2023,53.424,0.0107943,0.00484225,0.004726,0.00462005,0.00363788,0.00238409,0.00135547,0.000632142
3.755,4.65225e-09,4.46755e-09,0.94985,30,-8.82537e-06,1.85499e-07,-0.00643376,-0.0250645,-0.0402864,-0.0515483,-0.0560169,-0.043297,-0.0265259,-0.0141968,0.011183,0.00498367,0.00754849,0.0125615,0.0111774,0.000949275,-0.0109008,-0.0248595,0.037652,0.0521294,0.0594049,0.0586872,0.0522832,0.0358205,0.0148098,0.00407441,-1.29743,-0.745054,0.433562,-0.0041445,-0.00385258,0.0123127,-0.00197948,-0.00148022,0.0058005,29.8462,0.0039104,10,0,183.117,155.28,128.182,105.927,86.2449,72.8978,64.2014,53.4236,0.0109296,0.00481691,0.00471119,0.00462811,0.00366105,0.00240067,0.00136603,0.000638346
3.76,4.10008e-09,4.12753e-09,0.94985,30,-7.90175e-06,1.8426e-07,-0.00647041,-0.025028,-0.0402137,-0.0514404,-0.0558789,-0.0431757,-0.0264478,-0.014154,0.0109022,0.00441855,0.00685326,0.0117665,0.0104621,0.000416634,-0.0112458,-0.025045,0.0376243,0.0520347,0.0592787,0.0585416,0.0521234,0.0356794,0.0147397,0.00404959,-1.29745,-0.745074,0.433623,-0.00415287,-0.00385907,0.0123377,-0.00160067,-0.00125489,0.0048192,29.8465,0.00387435,10,0,183.114,155.276,128.179,105.925,86.2433,72.8968,64.2008,53.4234,0.0110149,0.0047984,0.00469968,0.00463172,0.00367503,0.00241078,0.00137252,0.000642213
3.765,3.55169e-09,3.78953e-09,0.94985,30,-6.98408e-06,1.82983e-07,-0.00650648,-0.0249912,-0.0401409,-0.0513325,-0.0557414,-0.0430549,-0.0263701,-0.0141114,0.0106183,0.00385597,0.00615988,0.0109702,0.00974263,-0.000119502,-0.0115934,-0.0252321,0.0375962,0.05194,0.0591529,0.0583967,0.0519646,0.0355391,0.01467,0.00402495,-1.29747,-0.745093,0.433685,-0.00415889,-0.00386417,0.0123566,-0.00103817,-0.000920135,0.00335974,29.8468,0.00383911,10,0,183.11,155.27,128.174,105.921,86.2409,72.8951,64.1998,53.423,0.0111354,0.00476826,0.00468001,0.00463454,0.00369381,0.00242451,0.00138142,0.00064761
3.77,3.00729e-09,3.45369e-09,0.94985,30,-6.07273e-06,1.81672e-07,-0.00654199,-0.0249541,-0.040068,-0.0512248,-0.0556042,-0.0429345,-0.0262926,-0.014069,0.0103316,0.00329617,0.00546867,0.0101731,0.00901941,-0.000658844,-0.0119432,-0.0254208,0.0375678,0.0518453,0.0590273,0.0582523,0.0518065,0.0353998,0.0146009,0.00400049,-1.29749,-0.745112,0.433747,-0.00416258,-0.00386788,0.0123696,-0.000666732,-0.000698833,0.00239567,29.8471,0.0038047,10,0,183.107,155.265,128.17,105.919,86.2393,72.894,64.1992,53.4228,0.0112108,0.00474661,0.0046653,0.00463469,0.00370487,0.00243272,0.0013868,0.00065094
3.775,2.46709e-09,3.12014e-09,0.94985,30,-5.16808e-06,1.80325e-07,-0.00657694,-0.0249169,-0.039995,-0.0511172,-0.0554674,-0.0428145,-0.0262155,-0.0140267,0.0100422,0.00273938,0.00477992,0.00937543,0.00829281,-0.0012011,-0.0122951,-0.025611,0.037539,0.0517505,0.058902,0.0581084,0.0516493,0.0352614,0.0145322,0.0039762,-1.29751,-0.745132,0.433809,-0.00416397,-0.00387021,0.0123765,-0.000115453,-0.000370257,0.000963286,29.8474,0.00377119,10,0,183.102,155.259,128.165,105.915,86.2369,72.8924,64.1982,53.4224,0.0113165,0.00471184,0.0046409,0.00463238,0.0037193,0.00244361,0.00139404,0.000655533
3.78,1.93131e-09,2.78902e-09,0.94985,30,-4.27048e-06,1.78946e-07,-0.00661132,-0.0248794,-0.0399219,-0.0510097,-0.055331,-0.042695,-0.0261386,-0.0139846,0.00975025,0.00218584,0.00409394,0.00857771,0.0075632,-0.00174599,-0.0126489,-0.0258025,0.0375099,0.0516558,0.058777,0.0579651,0.051493,0.0351239,0.0144639,0.00395208,-1.29753,-0.745151,0.433871,-0.00416308,-0.00387119,0.0123775,0.000248067,-0.000153326,1.79073e-05,29.8477,0.0037386,10,0,183.099,155.255,128.162,105.913,86.2353,72.8912,64.1975,53.4221,0.0113821,0.00468716,0.0046231,0.00462914,0.00372748,0.00244994,0.00139833,0.000658329
3.785,1.40016e-09,2.46046e-09,0.94985,30,-3.38028e-06,1.77535e-07,-0.00664516,-0.0248416,-0.0398487,-0.0509023,-0.055195,-0.0425759,-0.026062,-0.0139426,0.00945592,0.00163577,0.00341102,0.00778028,0.00683097,-0.00229322,-0.0130045,-0.0259952,0.0374804,0.051561,0.0586523,0.0578224,0.0513375,0.0349872,0.0143961,0.00392814,-1.29755,-0.74517,0.433933,-0.00415994,-0.00387082,0.0123726,0.000787333,0.000168576,-0.00138526,29.8479,0.00370697,10,0,183.095,155.249,128.157,105.909,86.2329,72.8896,64.1966,53.4217,0.0114732,0.00464792,0.00459412,0.0046218,0.00373761,0.00245803,0.00140393,0.000662124
3.79,8.73834e-10,2.13458e-09,0.94985,30,-2.49783e-06,1.76093e-07,-0.00667844,-0.0248036,-0.0397754,-0.0507951,-0.0550593,-0.0424572,-0.0259857,-0.0139008,0.00915939,0.0010894,0.00273146,0.0069835,0.00609649,-0.00284252,-0.0133616,-0.026189,0.0374506,0.0514662,0.0585278,0.0576801,0.0511828,0.0348514,0.0143288,0.00390437,-1.29757,-0.74519,0.433994,-0.00415457,-0.00386913,0.0123619,0.00114242,0.000380814,-0.00231057,29.8482,0.00367634,10,0,183.092,155.245,128.154,105.906,86.2313,72.8884,64.1959,53.4214,0.011529,0.00462032,0.00457331,0.00461525,0.00374295,0.0024625,0.00140713,0.00066439
3.795,3.52538e-10,1.81152e-09,0.94985,30,-1.62345e-06,1.74621e-07,-0.00671119,-0.0247654,-0.0397021,-0.0506879,-0.054924,-0.042339,-0.0259096,-0.0138592,0.00886081,0.000546946,0.00205554,0.00618776,0.00536012,-0.00339359,-0.0137201,-0.0263839,0.0374204,0.0513714,0.0584036,0.0575384,0.0510289,0.0347165,0.0142619,0.00388077,-1.2976,-0.745209,0.434056,-0.00414701,-0.00386611,0.0123455,0.00166892,0.000695573,-0.00368249,29.8485,0.00364674,10,0,183.087,155.239,128.149,105.903,86.2289,72.8867,64.1949,53.421,0.0116054,0.0045768,0.00453991,0.004603,0.00374884,0.00246782,0.00141112,0.000667394
3.8,-1.63535e-10,1.4914e-09,0.94985,30,-7.57492e-07,1.7312e-07,-0.00674339,-0.024727,-0.0396286,-0.0505809,-0.0547891,-0.0422212,-0.0258339,-0.0138177,0.00856035,8.62791e-06,0.00138355,0.00539341,0.00462224,-0.00394616,-0.0140797,-0.0265796,0.0373899,0.0512766,0.0582797,0.0573972,0.0508758,0.0345824,0.0141954,0.00385733,-1.29762,-0.745228,0.434118,-0.00413727,-0.0038618,0.0123235,0.00201509,0.000902814,-0.00458639,29.8488,0.00361821,10,0,183.084,155.235,128.145,105.9,86.2272,72.8856,64.1942,53.4208,0.0116516,0.00454639,0.00451621,0.00459322,0.00375138,0.00247045,0.00141324,0.000669136
3.805,-6.74196e-10,1.17433e-09,0.94985,30,9.97374e-08,1.71591e-07,-0.00677506,-0.0246884,-0.0395551,-0.050474,-0.0546546,-0.0421038,-0.0257584,-0.0137763,0.00825816,-0.000525346,0.000715751,0.00460082,0.00388322,-0.00449995,-0.0144403,-0.0267762,0.037359,0.0511817,0.058156,0.0572566,0.0507235,0.0344492,0.0141294,0.00383407,-1.29764,-0.745248,0.434179,-0.00412538,-0.00385621,0.0122958,0.0025281,0.00120998,-0.00592514,29.8491,0.00359077,10,0,183.079,155.229,128.14,105.897,86.2248,72.8839,64.1932,53.4203,0.0117136,0.00449875,0.00447854,0.00457618,0.00375311,0.00247304,0.00141563,0.000671357
3.81,-1.17926e-09,8.60439e-10,0.94985,30,9.4792e-07,1.70036e-07,-0.0068062,-0.0246496,-0.0394815,-0.0503672,-0.0545205,-0.0419868,-0.0256832,-0.0137351,0.00795442,-0.00105477,5.24252e-05,0.00381034,0.0031434,-0.00505469,-0.0148017,-0.0269736,0.0373278,0.0510868,0.0580326,0.0571164,0.050572,0.0343168,0.0140639,0.00381097,-1.29766,-0.745267,0.434241,-0.00411139,-0.00384934,0.0122626,0.00286489,0.00141195,-0.00680638,29.8494,0.00356445,10,0,183.076,155.226,128.137,105.894,86.2232,72.8828,64.1926,53.4201,0.0117501,0.00446566,0.00445205,0.00456326,0.00375289,0.00247387,0.0014167,0.00067258
3.815,-1.67855e-09,5.49831e-10,0.94985,30,1.78675e-06,1.68454e-07,-0.00683682,-0.0246105,-0.0394078,-0.0502605,-0.0543867,-0.0418702,-0.0256083,-0.0136941,0.00764928,-0.00157943,-0.000606162,0.00302232,0.00240316,-0.0056101,-0.0151637,-0.0271715,0.0372962,0.0509919,0.0579094,0.0569768,0.0504212,0.0341852,0.0139987,0.00378803,-1.29768,-0.745286,0.434302,-0.0040953,-0.00384123,0.012224,0.00336375,0.00171111,-0.00811011,29.8497,0.00353927,10,0,183.071,155.22,128.132,105.89,86.2207,72.8811,64.1916,53.4197,0.0117978,0.00441409,0.00441028,0.00454156,0.00375053,0.00247377,0.00141752,0.000674031
3.82,-2.17188e-09,2.42621e-10,0.94985,30,2.61592e-06,1.66848e-07,-0.00686692,-0.0245713,-0.0393341,-0.0501539,-0.0542533,-0.0417541,-0.0255336,-0.0136532,0.00734289,-0.00209915,-0.00125975,0.00223712,0.00166285,-0.00616592,-0.0155262,-0.0273699,0.0372643,0.050897,0.0577864,0.0568376,0.0502713,0.0340545,0.013934,0.00376525,-1.2977,-0.745305,0.434363,-0.00407717,-0.00383188,0.01218,0.00369074,0.00190752,-0.0089675,29.8499,0.00351525,10,0,183.068,155.216,128.129,105.888,86.2191,72.8799,64.1909,53.4194,0.0118248,0.00437844,0.00438111,0.00452558,0.00374762,0.00247282,0.00141755,0.000674743
3.825,-2.65909e-09,-6.10825e-11,0.94985,30,3.43516e-06,1.65218e-07,-0.00689651,-0.0245319,-0.0392602,-0.0500475,-0.0541202,-0.0416384,-0.0254593,-0.0136124,0.00703543,-0.00261371,-0.00190808,0.00145507,0.000922815,-0.00672187,-0.015889,-0.0275688,0.0372321,0.0508021,0.0576637,0.056699,0.0501221,0.0339246,0.0138698,0.00374264,-1.29772,-0.745324,0.434424,-0.00405701,-0.00382132,0.0121307,0.00417482,0.00219829,-0.0102345,29.8502,0.00349242,10,0,183.063,155.21,128.124,105.884,86.2166,72.8782,64.1899,53.419,0.0118584,0.00432313,0.00433542,0.00449937,0.00374125,0.00247008,0.00141683,0.000675433
3.83,-3.14001e-09,-3.61176e-10,0.94985,30,4.24416e-06,1.63565e-07,-0.00692558,-0.0244922,-0.0391864,-0.0499412,-0.0539876,-0.0415231,-0.0253852,-0.0135718,0.00672704,-0.00312294,-0.0025509,0.000676514,0.000183405,-0.0072777,-0.0162519,-0.027768,0.0371995,0.0507071,0.0575413,0.0565608,0.0499737,0.0337955,0.0138059,0.00372019,-1.29774,-0.745344,0.434484,-0.00403486,-0.00380956,0.0120762,0.00449161,0.0023889,-0.0110669,29.8505,0.00347078,10,0,183.06,155.207,128.121,105.882,86.215,72.8771,64.1892,53.4187,0.0118761,0.00428504,0.00430369,0.00448043,0.0037357,0.0024674,0.00141584,0.000675643
3.835,-3.61448e-09,-6.57556e-10,0.94985,30,5.04266e-06,1.6189e-07,-0.00695415,-0.0244524,-0.0391124,-0.049835,-0.0538552,-0.0414082,-0.0253113,-0.0135314,0.00641788,-0.00362665,-0.00318797,-9.82217e-05,-0.000555038,-0.00783314,-0.0166146,-0.0279674,0.0371665,0.0506121,0.0574191,0.0564231,0.049826,0.0336671,0.0137425,0.00369789,-1.29776,-0.745363,0.434545,-0.00401075,-0.00379663,0.0120165,0.00496031,0.0026709,-0.0122956,29.8508,0.00345036,10,0,183.055,155.201,128.116,105.878,86.2126,72.8754,64.1882,53.4183,0.0118958,0.00422617,0.00425423,0.00444985,0.00372543,0.00246208,0.0014136,0.000675586
3.84,-4.08234e-09,-9.50125e-10,0.94985,30,5.8304e-06,1.60194e-07,-0.00698222,-0.0244124,-0.0390384,-0.0497289,-0.0537233,-0.0412937,-0.0252378,-0.0134911,0.00610811,-0.00412466,-0.00381904,-0.000868809,-0.00129217,-0.00838794,-0.0169772,-0.0281669,0.0371332,0.0505171,0.0572971,0.0562859,0.049679,0.0335396,0.0136795,0.00367576,-1.29778,-0.745381,0.434604,-0.00398471,-0.00378253,0.0119518,0.00526655,0.00285549,-0.013102,29.8511,0.00343115,10,0,183.052,155.197,128.113,105.876,86.2109,72.8742,64.1875,53.418,0.0119043,0.00418579,0.00422006,0.00442805,0.0037173,0.00245769,0.00141162,0.000675304
3.845,-4.54344e-09,-1.23879e-09,0.94985,30,6.6071e-06,1.58478e-07,-0.00700979,-0.0243723,-0.0389643,-0.049623,-0.0535917,-0.0411796,-0.0251645,-0.013451,0.00579787,-0.00461678,-0.00444387,-0.00163493,-0.00202766,-0.00894183,-0.0173393,-0.0283664,0.0370996,0.050422,0.0571753,0.0561491,0.0495328,0.0334129,0.0136169,0.00365378,-1.2978,-0.7454,0.434664,-0.00395678,-0.00376729,0.0118821,0.00571933,0.00312838,-0.0142907,29.8514,0.00341317,10,0,183.047,155.192,128.109,105.872,86.2085,72.8725,64.1865,53.4176,0.0119103,0.00412355,0.00416703,0.00439325,0.00370321,0.00244986,0.0014079,0.000674515
3.85,-4.99764e-09,-1.52345e-09,0.94985,30,7.37252e-06,1.56741e-07,-0.00703688,-0.024332,-0.0388902,-0.0495172,-0.0534605,-0.041066,-0.0250915,-0.013411,0.00548732,-0.00510286,-0.00506225,-0.00239626,-0.00276118,-0.00949456,-0.0177008,-0.0285659,0.0370656,0.0503269,0.0570538,0.0560129,0.0493873,0.0332869,0.0135547,0.00363195,-1.29782,-0.745419,0.434723,-0.003927,-0.00375093,0.0118075,0.00601466,0.00330673,-0.0150701,29.8517,0.00339641,10,0,183.044,155.188,128.106,105.87,86.2069,72.8714,64.1858,53.4173,0.0119098,0.00408099,0.00413053,0.00436869,0.00369258,0.00244381,0.00140494,0.00067375
3.855,-5.44478e-09,-1.80402e-09,0.94985,30,8.12642e-06,1.54986e-07,-0.00706347,-0.0242915,-0.0388161,-0.0494115,-0.0533296,-0.0409527,-0.0250188,-0.0133712,0.00517661,-0.00558273,-0.00567394,-0.00315249,-0.0034924,-0.0100459,-0.0180616,-0.0287652,0.0370313,0.0502319,0.0569325,0.055877,0.0492425,0.0331617,0.0134929,0.00361028,-1.29784,-0.745438,0.434782,-0.00389539,-0.00373347,0.0117281,0.00645103,0.00357021,-0.0162176,29.8519,0.00338088,10,0,183.039,155.183,128.101,105.866,86.2044,72.8697,64.1848,53.4169,0.0119023,0.0040156,0.00407411,0.00432983,0.00367478,0.00243352,0.00139979,0.000672246
3.86,-5.88475e-09,-2.08042e-09,0.94985,30,8.86855e-06,1.53213e-07,-0.00708959,-0.0242508,-0.0387418,-0.0493059,-0.0531991,-0.0408399,-0.0249464,-0.0133315,0.00486589,-0.00605621,-0.00627872,-0.00390333,-0.004221,-0.0105956,-0.0184215,-0.0289643,0.0369967,0.0501368,0.0568114,0.0557417,0.0490985,0.0330373,0.0134315,0.00358877,-1.29786,-0.745456,0.43484,-0.00386199,-0.00371493,0.011644,0.00673514,0.00374212,-0.0169691,29.8522,0.00336656,10,0,183.036,155.18,128.098,105.864,86.2028,72.8685,64.1842,53.4166,0.011893,0.003971,0.00403541,0.00430261,0.00366171,0.00242585,0.00139588,0.000671009
3.865,-6.3174e-09,-2.35255e-09,0.94985,30,9.5987e-06,1.51423e-07,-0.00711523,-0.02421,-0.0386676,-0.0492005,-0.053069,-0.0407274,-0.0248742,-0.0132919,0.00455531,-0.00652316,-0.00687639,-0.00464847,-0.00494666,-0.0111433,-0.0187803,-0.029163,0.0369617,0.0500416,0.0566905,0.0556068,0.0489551,0.0329136,0.0133706,0.0035674,-1.29788,-0.745475,0.434898,-0.00382684,-0.00369533,0.0115553,0.00715464,0.00399589,-0.018074,29.8525,0.00335347,10,0,183.031,155.175,128.094,105.861,86.2004,72.8668,64.1832,53.4162,0.0118724,0.00390265,0.00397578,0.00425986,0.00364032,0.00241317,0.00138932,0.000668806
3.87,-6.7426e-09,-2.62035e-09,0.94985,30,1.03166e-05,1.49617e-07,-0.0071404,-0.024169,-0.0385933,-0.0490952,-0.0529392,-0.0406154,-0.0248023,-0.0132526,0.00424501,-0.00698343,-0.00746672,-0.00538762,-0.00566907,-0.011689,-0.0191379,-0.0293613,0.0369264,0.0499465,0.0565699,0.0554723,0.0488125,0.0327907,0.01331,0.00354619,-1.2979,-0.745493,0.434956,-0.00378996,-0.00367468,0.011462,0.00742726,0.00416119,-0.0187967,29.8528,0.00334157,10,0,183.028,155.171,128.091,105.858,86.1988,72.8657,64.1825,53.4159,0.0118544,0.00385615,0.00393501,0.00423009,0.00362489,0.00240394,0.00138449,0.000667109
3.875,-7.16024e-09,-2.88372e-09,0.94985,30,1.10222e-05,1.47794e-07,-0.0071651,-0.0241279,-0.038519,-0.04899,-0.0528098,-0.0405037,-0.0247306,-0.0132133,0.00393513,-0.00743685,-0.00804953,-0.00612049,-0.00638792,-0.0122323,-0.0194941,-0.029559,0.0368908,0.0498513,0.0564494,0.0553383,0.0486705,0.0326685,0.0132498,0.00352512,-1.29791,-0.745512,0.435013,-0.00375141,-0.00365302,0.0113643,0.00782947,0.004405,-0.0198579,29.8531,0.00333087,10,0,183.023,155.166,128.086,105.855,86.1964,72.864,64.1815,53.4155,0.011821,0.00378504,0.00387236,0.0041836,0.00360001,0.00238895,0.00137657,0.000664226
3.88,-7.57019e-09,-3.14261e-09,0.94985,30,1.17151e-05,1.45957e-07,-0.00718934,-0.0240867,-0.0384446,-0.048885,-0.0526808,-0.0403925,-0.0246593,-0.0131742,0.00362582,-0.00788331,-0.00862461,-0.0068468,-0.00710291,-0.012773,-0.0198487,-0.0297562,0.0368548,0.0497561,0.0563292,0.0552047,0.0485292,0.0325471,0.01319,0.0035042,-1.29793,-0.74553,0.43507,-0.00371121,-0.00363036,0.0112622,0.00809035,0.00456352,-0.0205511,29.8534,0.00332134,10,0,183.02,155.163,128.084,105.853,86.1948,72.8629,64.1808,53.4152,0.0117946,0.00373677,0.00382964,0.00415141,0.0035823,0.0023782,0.00137085,0.000662082
3.885,-7.97235e-09,-3.39693e-09,0.94985,30,1.23951e-05,1.44106e-07,-0.00721311,-0.0240453,-0.0383702,-0.0487801,-0.0525521,-0.0402817,-0.0245881,-0.0131353,0.00331722,-0.00832264,-0.00919177,-0.00756628,-0.00781374,-0.0133108,-0.0202017,-0.0299526,0.0368185,0.0496609,0.0562092,0.0550716,0.0483886,0.0324264,0.0131306,0.00348343,-1.29795,-0.745548,0.435126,-0.00366941,-0.00360672,0.0111559,0.0084749,0.00479712,-0.0215673,29.8537,0.00331296,10,0,183.015,155.158,128.079,105.849,86.1924,72.8612,64.1798,53.4148,0.0117487,0.00366312,0.00376418,0.00410136,0.00355406,0.00236097,0.00136161,0.000658538
3.89,-8.36661e-09,-3.64662e-09,0.94985,30,1.30622e-05,1.42241e-07,-0.00723644,-0.0240038,-0.0382958,-0.0486754,-0.0524237,-0.0401712,-0.0245173,-0.0130965,0.00300946,-0.00875473,-0.00975083,-0.00827866,-0.00852012,-0.0138456,-0.0205528,-0.0301482,0.0367819,0.0495657,0.0560894,0.0549389,0.0482487,0.0323064,0.0130716,0.00346281,-1.29797,-0.745566,0.435181,-0.00362603,-0.00358212,0.0110454,0.0087238,0.00494873,-0.0222303,29.854,0.00330571,10,0,183.012,155.155,128.077,105.847,86.1909,72.8601,64.1792,53.4145,0.011714,0.00361322,0.00371964,0.00406684,0.00353415,0.00234876,0.00135502,0.00065596
3.895,-8.75286e-09,-3.89161e-09,0.94985,30,1.37161e-05,1.40362e-07,-0.00725932,-0.0239621,-0.0382213,-0.0485708,-0.0522957,-0.0400612,-0.0244467,-0.0130578,0.00270268,-0.00917944,-0.0103016,-0.00898368,-0.00922176,-0.0143771,-0.020902,-0.030343,0.036745,0.0494705,0.0559698,0.0548066,0.0481094,0.0321871,0.0130129,0.00344232,-1.29799,-0.745584,0.435236,-0.00358112,-0.0035566,0.0109308,0.00909036,0.00517192,-0.0232007,29.8542,0.00329956,10,0,183.007,155.15,128.073,105.844,86.1885,72.8585,64.1782,53.4141,0.0116559,0.00353724,0.00365156,0.00401341,0.00350267,0.00232936,0.00134451,0.000651775
3.9,-9.13101e-09,-4.13185e-09,0.94985,30,1.43566e-05,1.38472e-07,-0.00728175,-0.0239203,-0.0381468,-0.0484663,-0.0521681,-0.0399516,-0.0243764,-0.0130193,0.00239703,-0.00959665,-0.0108439,-0.00968107,-0.00991838,-0.0149052,-0.021249,-0.0305369,0.0367077,0.0493753,0.0558504,0.0546747,0.0479708,0.0320686,0.0129546,0.00342199,-1.29801,-0.745602,0.43529,-0.00353472,-0.00353016,0.0108123,0.00932709,0.00531649,-0.0238329,29.8545,0.00329449,10,0,183.004,155.147,128.07,105.842,86.187,72.8574,64.1775,53.4138,0.0116133,0.00348586,0.00360534,0.0039767,0.00348064,0.00231574,0.00133708,0.000648777
3.905,-9.50096e-09,-4.36726e-09,0.94985,30,1.49837e-05,1.3657e-07,-0.00730374,-0.0238784,-0.0380723,-0.0483619,-0.0520408,-0.0398423,-0.0243064,-0.012981,0.00209262,-0.0100062,-0.0113776,-0.0103706,-0.0106097,-0.0154295,-0.0215937,-0.0307296,0.0366701,0.04928,0.0557312,0.0545433,0.0478328,0.0319507,0.0128967,0.00340179,-1.29802,-0.745619,0.435344,-0.00348686,-0.00350283,0.0106898,0.00967537,0.00552907,-0.0247565,29.8548,0.00329047,10,0,182.999,155.143,128.066,105.838,86.1847,72.8557,64.1766,53.4134,0.0115434,0.00340775,0.00353483,0.00392005,0.00344606,0.00229427,0.00132534,0.000643973
3.91,-9.86263e-09,-4.5978e-09,0.94985,30,1.5597e-05,1.34657e-07,-0.0073253,-0.0238364,-0.0379978,-0.0482577,-0.0519139,-0.0397335,-0.0242366,-0.0129428,0.0017896,-0.0104081,-0.0119025,-0.011052,-0.0112955,-0.0159499,-0.021936,-0.0309213,0.0366322,0.0491848,0.0556122,0.0544122,0.0476955,0.0318336,0.0128392,0.00338174,-1.29804,-0.745637,0.435397,-0.00343758,-0.00347463,0.0105637,0.00989977,0.00566649,-0.0253573,29.8551,0.00328745,10,0,182.996,155.14,128.063,105.836,86.1832,72.8547,64.1759,53.4131,0.011493,0.00335503,0.00348707,0.00388127,0.00342201,0.00227929,0.00131712,0.000640569
3.915,-1.02159e-08,-4.82341e-09,0.94985,30,1.61966e-05,1.32733e-07,-0.00734643,-0.0237942,-0.0379233,-0.0481537,-0.0517873,-0.039625,-0.0241671,-0.0129047,0.00148809,-0.0108021,-0.0124185,-0.0117251,-0.0119754,-0.0164662,-0.0222758,-0.0311118,0.036594,0.0490895,0.0554935,0.0542816,0.0475588,0.0317171,0.0127821,0.00336182,-1.29806,-0.745654,0.43545,-0.00338692,-0.00344559,0.0104338,0.0102295,0.00586831,-0.0262334,29.8554,0.00328542,10,0,182.992,155.135,128.06,105.833,86.1809,72.853,64.175,53.4127,0.0114117,0.00327502,0.00341434,0.0038216,0.00338446,0.00225583,0.0013042,0.000635168
3.92,-1.05608e-08,-5.04405e-09,0.94985,30,1.67821e-05,1.308e-07,-0.00736713,-0.023752,-0.0378488,-0.0480498,-0.0516611,-0.0395169,-0.0240979,-0.0128668,0.00118821,-0.0111882,-0.0129254,-0.0123895,-0.0126492,-0.0169781,-0.0226129,-0.031301,0.0365555,0.0489942,0.0553749,0.0541514,0.0474228,0.0316014,0.0127253,0.00334205,-1.29807,-0.745671,0.435501,-0.00333492,-0.00341573,0.0103003,0.0104414,0.00599848,-0.0268023,29.8557,0.00328433,10,0,182.988,155.133,128.057,105.831,86.1794,72.852,64.1743,53.4124,0.0113537,0.0032211,0.00336516,0.00378086,0.00335846,0.00223955,0.00129521,0.000631374
3.925,-1.08971e-08,-5.25966e-09,0.94985,30,1.73536e-05,1.28858e-07,-0.00738741,-0.0237096,-0.0377742,-0.047946,-0.0515352,-0.0394092,-0.0240289,-0.012829,0.000890095,-0.0115662,-0.013423,-0.0130452,-0.0133167,-0.0174856,-0.0229471,-0.0314889,0.0365167,0.048899,0.0552565,0.0540216,0.0472874,0.0314863,0.0126689,0.00332241,-1.29809,-0.745688,0.435552,-0.00328162,-0.00338506,0.0101634,0.0107524,0.0061894,-0.0276303,29.856,0.00328414,10,0,182.984,155.129,128.053,105.828,86.1771,72.8504,64.1734,53.412,0.0112614,0.00313941,0.00329042,0.00371836,0.00331807,0.00221419,0.00128116,0.000625398
3.93,-1.12249e-08,-5.4702e-09,0.94985,30,1.79109e-05,1.26906e-07,-0.00740727,-0.0236672,-0.0376997,-0.0478424,-0.0514097,-0.0393019,-0.0239601,-0.0127914,0.000593865,-0.0119361,-0.0139113,-0.0136919,-0.0139775,-0.0179883,-0.0232785,-0.0316753,0.0364776,0.0488037,0.0551383,0.0538922,0.0471526,0.0313719,0.0126128,0.00330291,-1.29811,-0.745705,0.435603,-0.00322706,-0.00335363,0.0100231,0.0109518,0.00631226,-0.0281669,29.8563,0.00328481,10,0,182.981,155.126,128.051,105.826,86.1757,72.8493,64.1728,53.4117,0.0111962,0.00308445,0.00323998,0.00367579,0.00329024,0.00219667,0.00127143,0.000621228
3.935,-1.1544e-08,-5.67563e-09,0.94985,30,1.84539e-05,1.24947e-07,-0.00742672,-0.0236246,-0.0376251,-0.047739,-0.0512845,-0.039195,-0.0238917,-0.0127539,0.000299641,-0.0122978,-0.01439,-0.0143293,-0.0146316,-0.0184862,-0.0236067,-0.0318602,0.0364381,0.0487084,0.0550203,0.0537632,0.0470184,0.0312581,0.0125571,0.00328355,-1.29812,-0.745721,0.435653,-0.00317127,-0.00332143,0.00987956,0.0112439,0.00649217,-0.0289461,29.8565,0.0032863,10,0,182.976,155.122,128.047,105.823,86.1735,72.8478,64.1718,53.4113,0.0110932,0.0030013,0.00316344,0.00361064,0.00324715,0.00216949,0.0012563,0.000614702
3.94,-1.18544e-08,-5.8759e-09,0.94985,30,1.89824e-05,1.2298e-07,-0.00744576,-0.023582,-0.0375506,-0.0476356,-0.0511597,-0.0390885,-0.0238235,-0.0127166,7.53889e-06,-0.0126511,-0.0148592,-0.0149573,-0.0152785,-0.0189789,-0.0239318,-0.0320436,0.0363984,0.0486131,0.0549025,0.0536345,0.0468849,0.0311451,0.0125017,0.00326431,-1.29814,-0.745738,0.435702,-0.00311431,-0.00328851,0.00973281,0.0114305,0.00660764,-0.0294501,29.8568,0.00328857,10,0,182.973,155.119,128.045,105.821,86.172,72.8468,64.1712,53.4111,0.0110211,0.00294544,0.00311186,0.00356637,0.00321757,0.0021508,0.00124587,0.000610173
3.945,-1.2156e-08,-6.071e-09,0.94985,30,1.94964e-05,1.21006e-07,-0.00746439,-0.0235392,-0.037476,-0.0475325,-0.0510352,-0.0389824,-0.0237555,-0.0126794,-0.000282324,-0.012996,-0.0153185,-0.0155756,-0.0159182,-0.0194664,-0.0242535,-0.0322254,0.0363584,0.0485179,0.0547849,0.0535063,0.0467519,0.0310326,0.0124467,0.00324522,-1.29815,-0.745754,0.43575,-0.00305619,-0.00325488,0.009583,0.0117036,0.00677645,-0.0301802,29.8571,0.00329158,10,0,182.969,155.116,128.042,105.818,86.1699,72.8452,64.1703,53.4107,0.0109078,0.00286106,0.00303373,0.00349877,0.00317194,0.0021219,0.00122972,0.00060312
3.95,-1.24488e-08,-6.26088e-09,0.94985,30,1.99958e-05,1.19026e-07,-0.00748263,-0.0234964,-0.0374015,-0.0474295,-0.0509111,-0.0388766,-0.0236879,-0.0126424,-0.000569834,-0.0133325,-0.015768,-0.0161841,-0.0165503,-0.0199485,-0.0245719,-0.0324054,0.0363181,0.0484226,0.0546675,0.0533785,0.0466196,0.0309209,0.0123921,0.00322625,-1.29817,-0.745771,0.435797,-0.00299698,-0.00322057,0.00943022,0.0118775,0.00688449,-0.0306512,29.8574,0.00329527,10,0,182.966,155.113,128.04,105.816,86.1685,72.8442,64.1697,53.4104,0.010829,0.00280446,0.00298117,0.00345293,0.0031407,0.00210209,0.00121863,0.000598249
3.955,-1.27328e-08,-6.44551e-09,0.94985,30,2.04805e-05,1.17039e-07,-0.00750047,-0.0234535,-0.0373269,-0.0473266,-0.0507873,-0.0387712,-0.0236204,-0.0126055,-0.00085488,-0.0136605,-0.0162076,-0.0167826,-0.0171746,-0.0204249,-0.0248866,-0.0325836,0.0362775,0.0483274,0.0545503,0.053251,0.0464878,0.0308098,0.0123377,0.00320742,-1.29818,-0.745787,0.435844,-0.0029367,-0.00318559,0.00927458,0.0121314,0.00704214,-0.0313317,29.8577,0.00329961,10,0,182.961,155.109,128.036,105.813,86.1664,72.8427,64.1688,53.41,0.010706,0.00271909,0.00290167,0.00338306,0.00309267,0.00207157,0.0012015,0.000590695
3.96,-1.30078e-08,-6.62487e-09,0.94985,30,2.09505e-05,1.15047e-07,-0.00751791,-0.0234105,-0.0372524,-0.0472239,-0.0506638,-0.0386662,-0.0235533,-0.0125687,-0.00113735,-0.0139798,-0.016637,-0.0173709,-0.017791,-0.0208956,-0.0251978,-0.03276,0.0362366,0.0482321,0.0544333,0.0531239,0.0463566,0.0306993,0.0122838,0.00318872,-1.2982,-0.745802,0.43589,-0.0028754,-0.00314998,0.00911617,0.0122925,0.00714272,-0.0317697,29.858,0.00330456,10,0,182.958,155.107,128.034,105.812,86.165,72.8418,64.1682,53.4098,0.0106208,0.0026619,0.00284827,0.00333578,0.00305988,0.00205071,0.00118978,0.000585498
3.965,-1.3274e-08,-6.79892e-09,0.94985,30,2.14056e-05,1.1305e-07,-0.00753498,-0.0233674,-0.0371779,-0.0471214,-0.0505407,-0.0385616,-0.0234864,-0.0125321,-0.00141715,-0.0142905,-0.0170563,-0.0179488,-0.0183992,-0.0213603,-0.0255051,-0.0329345,0.0361954,0.0481369,0.0543165,0.0529972,0.0462261,0.0305894,0.0122301,0.00317015,-1.29821,-0.745818,0.435935,-0.00281311,-0.00311375,0.00895512,0.0125272,0.00728915,-0.0324004,29.8583,0.00331005,10,0,182.954,155.104,128.031,105.809,86.163,72.8403,64.1674,53.4094,0.0104883,0.00257579,0.00276763,0.00326386,0.00300959,0.00201867,0.00117174,0.000577468
3.97,-1.35311e-08,-6.96766e-09,0.94985,30,2.18458e-05,1.11049e-07,-0.00755165,-0.0233243,-0.0371034,-0.047019,-0.050418,-0.0384574,-0.0234197,-0.0124956,-0.00169416,-0.0145924,-0.0174652,-0.0185162,-0.018999,-0.021819,-0.0258086,-0.0331071,0.0361539,0.0480416,0.0541999,0.0528709,0.0460961,0.0304802,0.0121768,0.0031517,-1.29823,-0.745833,0.435979,-0.00274988,-0.00307694,0.0087915,0.0126756,0.00738226,-0.0328051,29.8586,0.00331606,10,0,182.951,155.102,128.029,105.807,86.1616,72.8393,64.1668,53.4091,0.010397,0.00251818,0.00271355,0.00321527,0.00297536,0.00199682,0.00115943,0.000571962
3.975,-1.37793e-08,-7.13107e-09,0.94985,30,2.2271e-05,1.09043e-07,-0.00756795,-0.0232811,-0.0370289,-0.0469168,-0.0502956,-0.0383535,-0.0233533,-0.0124593,-0.00196828,-0.0148856,-0.0178639,-0.019073,-0.0195902,-0.0222714,-0.0261081,-0.0332776,0.0361121,0.0479464,0.0540834,0.0527449,0.0459666,0.0303716,0.0121239,0.00313339,-1.29824,-0.745849,0.436023,-0.00268575,-0.00303955,0.00862545,0.0128911,0.00751746,-0.0333859,29.8588,0.00332253,10,0,182.947,155.098,128.026,105.804,86.1596,72.8379,64.1659,53.4088,0.0102557,0.00243157,0.00263199,0.00314149,0.00292297,0.00196335,0.00114053,0.000563482
3.98,-1.40185e-08,-7.28912e-09,0.94985,30,2.26812e-05,1.07034e-07,-0.00758388,-0.0232378,-0.0369545,-0.0468147,-0.0501735,-0.0382501,-0.0232872,-0.0124231,-0.00223942,-0.01517,-0.0182521,-0.0196189,-0.0201727,-0.0227174,-0.0264035,-0.033446,0.0360701,0.0478512,0.0539672,0.0526193,0.0458378,0.0302637,0.0120713,0.0031152,-1.29825,-0.745864,0.436066,-0.00262075,-0.00300162,0.00845704,0.0130266,0.00760309,-0.0337572,29.8591,0.00332943,10,0,182.944,155.096,128.024,105.803,86.1583,72.837,64.1654,53.4085,0.0101586,0.00237372,0.00257737,0.00309173,0.00288739,0.00194058,0.00112766,0.000557686
3.985,-1.42486e-08,-7.4418e-09,0.94985,30,2.30765e-05,1.05021e-07,-0.00759943,-0.0231945,-0.0368801,-0.0467128,-0.0500518,-0.038147,-0.0232213,-0.0123871,-0.00250747,-0.0154454,-0.0186298,-0.0201538,-0.0207462,-0.0231568,-0.0266948,-0.0336123,0.0360278,0.0477561,0.0538511,0.0524941,0.0457095,0.0301563,0.012019,0.00309713,-1.29827,-0.745879,0.436107,-0.00255493,-0.00296317,0.0082864,0.013223,0.00772706,-0.034288,29.8594,0.00333669,10,0,182.94,155.093,128.021,105.8,86.1564,72.8356,64.1645,53.4081,0.0100087,0.00228687,0.00249514,0.0030163,0.00283306,0.00190579,0.00110796,0.000548783
3.99,-1.44697e-08,-7.58911e-09,0.94985,30,2.34566e-05,1.03006e-07,-0.00761462,-0.0231511,-0.0368057,-0.0466111,-0.0499304,-0.0380442,-0.0231557,-0.0123512,-0.00277235,-0.015712,-0.0189969,-0.0206776,-0.0213106,-0.0235896,-0.0269818,-0.0337764,0.0359852,0.0476609,0.0537352,0.0523692,0.0455817,0.0300496,0.011967,0.00307919,-1.29828,-0.745893,0.436148,-0.00248833,-0.00292423,0.00811362,0.0133458,0.00780522,-0.034626,29.8597,0.00334429,10,0,182.937,155.091,128.02,105.799,86.1551,72.8347,64.164,53.4079,0.0099061,0.00222896,0.00244015,0.00296551,0.00279624,0.00188217,0.00109457,0.000542713
3.995,-1.46817e-08,-7.73103e-09,0.94985,30,2.38217e-05,1.00988e-07,-0.00762945,-0.0231076,-0.0367313,-0.0465095,-0.0498094,-0.0379419,-0.0230903,-0.0123154,-0.00303397,-0.0159697,-0.0193533,-0.0211901,-0.0218657,-0.0240155,-0.0272644,-0.0339382,0.0359424,0.0475658,0.0536195,0.0522447,0.0454546,0.0299434,0.0119153,0.00306137,-1.29829,-0.745908,0.436189,-0.00242098,-0.00288481,0.00793881,0.0135229,0.00791798,-0.0351068,29.86,0.00335218,10,0,182.933,155.089,128.017,105.796,86.1532,72.8333,64.1632,53.4075,0.00974823,0.00214216,0.00235749,0.00288863,0.00274013,0.00184615,0.00107413,0.000533415
4,-1.48847e-08,-7.86756e-09,0.94985,30,2.41717e-05,9.8969e-08,-0.00764392,-0.0230641,-0.036657,-0.0464081,-0.0496887,-0.0378399,-0.0230252,-0.0122798,-0.00329222,-0.0162184,-0.0196991,-0.0216913,-0.0224113,-0.0244346,-0.0275426,-0.0340977,0.0358992,0.0474707,0.053504,0.0521206,0.0453279,0.0298379,0.011864,0.00304368,-1.2983,-0.745922,0.436228,-0.00235293,-0.00284494,0.00776207,0.013633,0.0079887,-0.0354115,29.8603,0.00336031,10,0,182.931,155.087,128.015,105.795,86.152,72.8325,64.1626,53.4073,0.00964042,0.00208438,0.0023023,0.00283695,0.00270216,0.00182176,0.00106027,0.00052709
4.005,-1.50786e-08,-7.9987e-09,0.94985,30,2.45066e-05,9.69482e-08,-0.00765803,-0.0230206,-0.0365827,-0.0463068,-0.0495684,-0.0377382,-0.0229603,-0.0122443,-0.00354703,-0.0164581,-0.0200341,-0.0221809,-0.0229473,-0.0248465,-0.0278163,-0.0342549,0.0358559,0.0473756,0.0533887,0.0519968,0.0452019,0.029733,0.011813,0.00302611,-1.29831,-0.745936,0.436266,-0.00228421,-0.00280464,0.00758351,0.0137912,0.00809029,-0.0358425,29.8606,0.00336864,10,0,182.927,155.084,128.013,105.792,86.1502,72.8312,64.1619,53.407,0.009475,0.00199793,0.00221948,0.00275884,0.00264443,0.00178462,0.00103914,0.000517423
4.01,-1.52634e-08,-8.12445e-09,0.94985,30,2.48264e-05,9.49263e-08,-0.00767179,-0.022977,-0.0365084,-0.0462057,-0.0494484,-0.037637,-0.0228957,-0.0122089,-0.00379831,-0.0166889,-0.0203583,-0.022659,-0.0234735,-0.0252513,-0.0280854,-0.0344096,0.0358122,0.0472805,0.0532736,0.0518734,0.0450763,0.0296286,0.0117623,0.00300866,-1.29833,-0.74595,0.436303,-0.00221487,-0.00276394,0.00740323,0.0138886,0.0081536,-0.0361141,29.8608,0.00337713,10,0,182.924,155.082,128.011,105.791,86.149,72.8303,64.1613,53.4067,0.00936231,0.0019405,0.00216427,0.00270641,0.00260545,0.00175952,0.00102485,0.000510863
4.015,-1.54392e-08,-8.24481e-09,0.94985,30,2.51311e-05,9.29037e-08,-0.00768521,-0.0229334,-0.0364342,-0.0461048,-0.0493287,-0.0375361,-0.0228313,-0.0121737,-0.00404597,-0.0169106,-0.0206717,-0.0231254,-0.0239898,-0.0256487,-0.0283497,-0.0345619,0.0357683,0.0471855,0.0531586,0.0517503,0.0449513,0.0295248,0.0117119,0.00299132,-1.29834,-0.745964,0.43634,-0.00214494,-0.00272286,0.00722133,0.0140278,0.00824409,-0.0364954,29.8611,0.00338575,10,0,182.92,155.08,128.009,105.789,86.1473,72.8291,64.1606,53.4064,0.0091898,0.00185475,0.00208156,0.00262729,0.00254626,0.00172137,0.00100309,0.000500855
4.02,-1.5606e-08,-8.35979e-09,0.94985,30,2.54207e-05,9.08809e-08,-0.00769829,-0.0228897,-0.03636,-0.0460041,-0.0492094,-0.0374356,-0.0227672,-0.0121387,-0.00428995,-0.0171232,-0.0209742,-0.0235799,-0.024496,-0.0260387,-0.0286093,-0.0347117,0.0357242,0.0470905,0.0530439,0.0516276,0.0448268,0.0294217,0.0116618,0.00297411,-1.29835,-0.745978,0.436376,-0.00207446,-0.00268142,0.00703792,0.0141128,0.00830005,-0.0367339,29.8614,0.00339445,10,0,182.918,155.078,128.008,105.787,86.1461,72.8282,64.1601,53.4062,0.00907255,0.0017979,0.00202652,0.00257426,0.00250636,0.00169563,0.000988401,0.000494077
4.025,-1.57638e-08,-8.46939e-09,0.94985,30,2.56953e-05,8.88582e-08,-0.00771103,-0.022846,-0.0362859,-0.0459035,-0.0490904,-0.0373354,-0.0227033,-0.0121038,-0.00453016,-0.0173269,-0.0212658,-0.0240226,-0.0249921,-0.0264212,-0.0288641,-0.0348589,0.0356798,0.0469956,0.0529293,0.0515052,0.0447029,0.029319,0.0116121,0.00295702,-1.29836,-0.745991,0.43641,-0.00200348,-0.00263964,0.0068531,0.0142332,0.0083795,-0.037066,29.8617,0.00340319,10,0,182.914,155.076,128.005,105.785,86.1444,72.827,64.1594,53.4058,0.00889343,0.00171322,0.00194423,0.00249435,0.00244588,0.00165658,0.000966087,0.000483758
4.03,-1.59125e-08,-8.57362e-09,0.94985,30,2.59548e-05,8.6836e-08,-0.00772343,-0.0228022,-0.0362118,-0.0458031,-0.0489717,-0.0372357,-0.0226397,-0.012069,-0.00476653,-0.0175215,-0.0215465,-0.0244533,-0.0254778,-0.0267961,-0.029114,-0.0350035,0.0356351,0.0469006,0.0528149,0.0513831,0.0445795,0.029217,0.0115626,0.00294004,-1.29837,-0.746004,0.436444,-0.00193203,-0.00259755,0.00666696,0.0143057,0.00842817,-0.0372718,29.862,0.00341194,10,0,182.912,155.075,128.004,105.784,86.1433,72.8262,64.1589,53.4056,0.00877193,0.00165723,0.00188959,0.00244087,0.00240518,0.00163028,0.000951038,0.000476782
4.035,-1.60523e-08,-8.6725e-09,0.94985,30,2.61994e-05,8.48147e-08,-0.0077355,-0.0227585,-0.0361377,-0.0457029,-0.0488534,-0.0371362,-0.0225763,-0.0120343,-0.00499899,-0.0177071,-0.0218162,-0.0248719,-0.0259531,-0.0271633,-0.0293588,-0.0351455,0.0355902,0.0468058,0.0527007,0.0512614,0.0444566,0.0291155,0.0115135,0.00292318,-1.29838,-0.746017,0.436477,-0.00186015,-0.00255518,0.00647962,0.0144075,0.00849669,-0.037555,29.8623,0.00342066,10,0,182.908,155.073,128.002,105.782,86.1417,72.8251,64.1582,53.4053,0.00858669,0.00157408,0.00180805,0.0023604,0.00234358,0.00159044,0.000928224,0.00046618
4.04,-1.61832e-08,-8.76604e-09,0.94985,30,2.6429e-05,8.27946e-08,-0.00774725,-0.0227147,-0.0360638,-0.0456029,-0.0487354,-0.0370372,-0.0225131,-0.0119998,-0.00522746,-0.0178836,-0.022075,-0.0252784,-0.0264178,-0.0275226,-0.0295987,-0.0352849,0.0355451,0.0467109,0.0525867,0.0511401,0.0443342,0.0290146,0.0114646,0.00290643,-1.29839,-0.746029,0.436509,-0.00178788,-0.00251253,0.00629118,0.0144677,0.00853815,-0.0377282,29.8626,0.00342933,10,0,182.906,155.072,128.001,105.781,86.1407,72.8243,64.1577,53.4051,0.00846127,0.00151928,0.00175403,0.00230664,0.00230219,0.00156365,0.000912863,0.000459025
4.045,-1.63051e-08,-8.85426e-09,0.94985,30,2.66437e-05,8.07761e-08,-0.00775868,-0.0226708,-0.0359898,-0.045503,-0.0486178,-0.0369385,-0.0224502,-0.0119654,-0.00545189,-0.0180512,-0.0223229,-0.0256727,-0.0268718,-0.027874,-0.0298334,-0.0354215,0.0354997,0.0466162,0.0524729,0.051019,0.0442123,0.0289142,0.0114161,0.0028898,-1.29839,-0.746042,0.43654,-0.00171525,-0.00246964,0.00610172,0.0145511,0.00859585,-0.037963,29.8628,0.00343789,10,0,182.902,155.07,127.999,105.779,86.1391,72.8232,64.157,53.4048,0.00827037,0.00143818,0.00167363,0.00222586,0.00223966,0.00152313,0.000889611,0.000448169
4.05,-1.64182e-08,-8.93718e-09,0.94985,30,2.68435e-05,7.87596e-08,-0.00776978,-0.022627,-0.0359159,-0.0454033,-0.0485005,-0.0368401,-0.0223876,-0.0119312,-0.0056722,-0.0182097,-0.0225597,-0.0260547,-0.0273151,-0.0282175,-0.030063,-0.0355554,0.0354541,0.0465214,0.0523593,0.0508984,0.044091,0.0288144,0.0113678,0.00287328,-1.2984,-0.746054,0.43657,-0.00164231,-0.00242653,0.00591137,0.0145993,0.00863018,-0.0381041,29.8631,0.00344633,10,0,182.9,155.069,127.998,105.777,86.1381,72.8225,64.1566,53.4046,0.00814135,0.00138496,0.00162052,0.00217198,0.00219769,0.00149593,0.00087398,0.000440855
4.055,-1.65224e-08,-9.01482e-09,0.94985,30,2.70286e-05,7.67453e-08,-0.00778057,-0.0225831,-0.0358421,-0.0453038,-0.0483835,-0.0367421,-0.0223252,-0.0118971,-0.00588834,-0.0183593,-0.0227856,-0.0264244,-0.0277475,-0.0285528,-0.0302874,-0.0356865,0.0354083,0.0464267,0.0522458,0.050778,0.0439701,0.0287152,0.0113199,0.00285688,-1.29841,-0.746066,0.436599,-0.00156909,-0.00238322,0.00572021,0.0146645,0.0086772,-0.038291,29.8634,0.00345461,10,0,182.897,155.067,127.996,105.776,86.1367,72.8214,64.1559,53.4043,0.00794529,0.0013066,0.0015417,0.00209115,0.0021344,0.00145486,0.000850357,0.000429775
4.06,-1.66178e-08,-9.0872e-09,0.94985,30,2.7199e-05,7.47338e-08,-0.00779105,-0.0225393,-0.0357684,-0.0452044,-0.0482669,-0.0366445,-0.022263,-0.0118631,-0.00610025,-0.0184999,-0.0230006,-0.0267818,-0.0281689,-0.0288801,-0.0305065,-0.0358147,0.0353622,0.0463321,0.0521326,0.050658,0.0438497,0.0286164,0.0112722,0.00284058,-1.29842,-0.746078,0.436627,-0.00149563,-0.00233973,0.00552834,0.0147007,0.00870449,-0.0384005,29.8637,0.0034627,10,0,182.894,155.066,127.995,105.775,86.1357,72.8207,64.1555,53.4041,0.00781299,0.00125546,0.00148982,0.00203732,0.00209199,0.00142732,0.000834501,0.000422322
4.065,-1.67045e-08,-9.15435e-09,0.94985,30,2.73547e-05,7.27252e-08,-0.00780122,-0.0224954,-0.0356947,-0.0451053,-0.0481506,-0.0365472,-0.0222011,-0.0118293,-0.00630788,-0.0186316,-0.0232046,-0.0271268,-0.0285793,-0.0291991,-0.0307203,-0.0359402,0.0353159,0.0462375,0.0520195,0.0505383,0.0437299,0.0285182,0.0112248,0.0028244,-1.29843,-0.74609,0.436654,-0.00142196,-0.00229608,0.00533586,0.0147481,0.00874099,-0.0385402,29.864,0.00347058,10,0,182.891,155.065,127.994,105.773,86.1343,72.8197,64.1549,53.4038,0.00761226,0.00118068,0.00141313,0.00195673,0.00202812,0.00138582,0.000810572,0.000411049
4.07,-1.67825e-08,-9.2163e-09,0.94985,30,2.74958e-05,7.07199e-08,-0.00781109,-0.0224515,-0.0356211,-0.0450063,-0.0480346,-0.0364503,-0.0221395,-0.0117956,-0.00651116,-0.0187543,-0.0233977,-0.0274593,-0.0289786,-0.0295098,-0.0309287,-0.0360627,0.0352694,0.046143,0.0519066,0.0504189,0.0436105,0.0284206,0.0111778,0.00280833,-1.29843,-0.746101,0.43668,-0.00134813,-0.0022523,0.00514287,0.0147725,0.00876135,-0.0386183,29.8643,0.00347822,10,0,182.889,155.064,127.993,105.772,86.1334,72.819,64.1545,53.4036,0.007477,0.00113227,0.00136286,0.00190315,0.0019854,0.00135803,0.000794535,0.000403477
4.075,-1.68519e-08,-9.27308e-09,0.94985,30,2.76225e-05,6.87182e-08,-0.00782066,-0.0224076,-0.0355475,-0.0449075,-0.047919,-0.0363537,-0.022078,-0.0117621,-0.00671005,-0.0188683,-0.0235799,-0.0277794,-0.0293666,-0.0298123,-0.0311317,-0.0361824,0.0352227,0.0460485,0.0517939,0.0502999,0.0434916,0.0283235,0.011131,0.00279237,-1.29844,-0.746112,0.436705,-0.00127417,-0.00220841,0.00494947,0.0148023,0.00878747,-0.0387115,29.8645,0.00348559,10,0,182.886,155.062,127.991,105.77,86.1321,72.818,64.1539,53.4034,0.00727208,0.00106217,0.00128895,0.00182309,0.00192115,0.00131621,0.00077037,0.000392042
4.08,-1.69126e-08,-9.32472e-09,0.94985,30,2.77348e-05,6.67206e-08,-0.00782992,-0.0223636,-0.035474,-0.0448088,-0.0478037,-0.0362575,-0.0220168,-0.0117286,-0.00690451,-0.0189734,-0.0237512,-0.0280871,-0.0297434,-0.0301063,-0.0313293,-0.0362991,0.0351757,0.0459541,0.0516814,0.0501812,0.0433732,0.0282269,0.0110844,0.00277651,-1.29845,-0.746123,0.436729,-0.00120012,-0.00216442,0.00475575,0.0148152,0.00880103,-0.0387589,29.8648,0.00349266,10,0,182.884,155.062,127.99,105.769,86.1312,72.8174,64.1535,53.4032,0.00713419,0.00101735,0.0012408,0.00176998,0.00187823,0.00128826,0.000754199,0.000384372
4.085,-1.69649e-08,-9.37128e-09,0.94985,30,2.78329e-05,6.47271e-08,-0.0078389,-0.0223197,-0.0354006,-0.0447104,-0.0476887,-0.0361616,-0.0219559,-0.0116953,-0.00709446,-0.0190697,-0.0239117,-0.0283822,-0.0301089,-0.0303918,-0.0315215,-0.0364129,0.0351285,0.0458597,0.0515691,0.0500628,0.0432553,0.0281308,0.0110382,0.00276076,-1.29845,-0.746134,0.436753,-0.00112601,-0.00212037,0.00456181,0.0148268,0.00881581,-0.0388036,29.8651,0.00349943,10,0,182.881,155.061,127.989,105.768,86.1299,72.8165,64.1529,53.4029,0.00692501,0.000953034,0.00117015,0.00169047,0.00181353,0.00124607,0.000729741,0.000372743
4.09,-1.70088e-08,-9.41281e-09,0.94985,30,2.79168e-05,6.27381e-08,-0.00784759,-0.0222758,-0.0353272,-0.0446122,-0.047574,-0.0360661,-0.0218952,-0.0116622,-0.00727985,-0.0191574,-0.0240614,-0.0286648,-0.030463,-0.0306689,-0.0317081,-0.0365237,0.0350812,0.0457655,0.0514569,0.0499447,0.0431378,0.0280353,0.0109923,0.00274512,-1.29846,-0.746144,0.436775,-0.00105187,-0.00207626,0.00436773,0.0148293,0.00882386,-0.0388235,29.8654,0.00350585,10,0,182.879,155.06,127.989,105.767,86.1291,72.8159,64.1526,53.4028,0.00678528,0.000913297,0.00112512,0.0016384,0.00177084,0.00121824,0.000713607,0.000365059
4.095,-1.70442e-08,-9.44932e-09,0.94985,30,2.79867e-05,6.07539e-08,-0.007856,-0.0222319,-0.035254,-0.0445141,-0.0474597,-0.035971,-0.0218347,-0.0116292,-0.00746066,-0.0192364,-0.0242003,-0.028935,-0.0308057,-0.0309375,-0.0318891,-0.0366315,0.0350336,0.0456712,0.051345,0.049827,0.0430208,0.0279402,0.0109466,0.00272959,-1.29846,-0.746154,0.436796,-0.000977749,-0.00203213,0.00417362,0.0148249,0.00882981,-0.0388262,29.8657,0.00351192,10,0,182.877,155.059,127.988,105.766,86.128,72.815,64.152,53.4025,0.00657345,0.000857426,0.00105952,0.00156049,0.00170646,0.0011762,0.000689183,0.000353395
4.1,-1.70713e-08,-9.4808e-09,0.94985,30,2.80425e-05,5.87746e-08,-0.00786412,-0.022188,-0.0351808,-0.0444162,-0.0473457,-0.0358761,-0.0217745,-0.0115963,-0.00763687,-0.0193068,-0.0243285,-0.0291926,-0.0311369,-0.0311975,-0.0320646,-0.0367362,0.0349858,0.0455771,0.0512332,0.0497096,0.0429043,0.0278457,0.0109012,0.00271416,-1.29847,-0.746164,0.436817,-0.000903673,-0.00198798,0.00397957,0.0148154,0.00883013,-0.0388137,29.866,0.00351762,10,0,182.875,155.059,127.987,105.765,86.1272,72.8145,64.1517,53.4024,0.00643136,0.000823432,0.00101765,0.00150909,0.00166362,0.0011482,0.000672893,0.000345596
4.105,-1.70901e-08,-9.50728e-09,0.94985,30,2.80844e-05,5.68008e-08,-0.00787196,-0.022144,-0.0351077,-0.0443185,-0.0472321,-0.0357817,-0.0217144,-0.0115635,-0.00780846,-0.0193685,-0.024446,-0.0294378,-0.0314566,-0.0314488,-0.0322346,-0.036838,0.0349378,0.045483,0.0511217,0.0495925,0.0427883,0.0277517,0.010856,0.00269884,-1.29847,-0.746174,0.436836,-0.000829678,-0.00194385,0.00378566,0.0147943,0.00882627,-0.0387724,29.8662,0.00352292,10,0,182.872,155.058,127.986,105.764,86.1261,72.8137,64.1512,53.4021,0.00621692,0.000778029,0.000958058,0.00143291,0.00159953,0.00110628,0.000648464,0.000333871
4.11,-1.71007e-08,-9.52883e-09,0.94985,30,2.81127e-05,5.48329e-08,-0.00787952,-0.0221001,-0.0350346,-0.044221,-0.0471187,-0.0356875,-0.0216547,-0.0115309,-0.00797539,-0.0194217,-0.024553,-0.0296704,-0.0317647,-0.0316916,-0.0323989,-0.0369367,0.0348896,0.045389,0.0510103,0.0494757,0.0426727,0.0276581,0.0108112,0.00268362,-1.29847,-0.746184,0.436854,-0.000755799,-0.00189975,0.003592,0.0147739,0.00882019,-0.0387309,29.8665,0.00352781,10,0,182.87,155.058,127.986,105.763,86.1254,72.8132,64.1509,53.402,0.00607314,0.000751908,0.000920753,0.00138284,0.00155696,0.00107841,0.000632196,0.000326043
4.115,-1.71032e-08,-9.54553e-09,0.94985,30,2.81273e-05,5.28712e-08,-0.00788681,-0.0220563,-0.0349617,-0.0441237,-0.0470057,-0.0355937,-0.0215951,-0.0114984,-0.00813764,-0.0194665,-0.0246494,-0.0298907,-0.0320613,-0.0319257,-0.0325575,-0.0370323,0.0348413,0.0452951,0.0508991,0.0493592,0.0425576,0.0275651,0.0107666,0.0026685,-1.29848,-0.746193,0.436872,-0.000682069,-0.00185571,0.00339866,0.0147367,0.00880677,-0.0386468,29.8668,0.00353227,10,0,182.868,155.057,127.985,105.762,86.1244,72.8124,64.1504,53.4017,0.00585637,0.000719639,0.000868935,0.00130896,0.00149341,0.00103677,0.000607843,0.000314291
4.12,-1.70978e-08,-9.55744e-09,0.94985,30,2.81285e-05,5.09161e-08,-0.00789383,-0.0220124,-0.0348888,-0.0440265,-0.0468931,-0.0355003,-0.0215358,-0.011466,-0.00829516,-0.0195029,-0.0247353,-0.0300985,-0.0323464,-0.0321511,-0.0327105,-0.0371249,0.0347927,0.0452012,0.0507881,0.049243,0.0424429,0.0274726,0.0107223,0.00265348,-1.29848,-0.746202,0.436888,-0.000608521,-0.00181173,0.00320574,0.0147058,0.00879444,-0.038577,29.8671,0.0035363,10,0,182.866,155.057,127.984,105.761,86.1237,72.8119,64.1501,53.4016,0.00571122,0.000703095,0.000837473,0.00126063,0.00145129,0.00100915,0.000591655,0.000306457
4.125,-1.70844e-08,-9.56459e-09,0.94985,30,2.81165e-05,4.89676e-08,-0.00790059,-0.0219685,-0.034816,-0.0439296,-0.0467807,-0.0354072,-0.0214768,-0.0114338,-0.00844793,-0.0195309,-0.0248109,-0.0302939,-0.0326198,-0.0323678,-0.0328579,-0.0372143,0.0347439,0.0451074,0.0506773,0.0491271,0.0423287,0.0273805,0.0106782,0.00263857,-1.29848,-0.746211,0.436904,-0.000535187,-0.00176784,0.00301331,0.0146528,0.00877171,-0.0384509,29.8674,0.00353987,10,0,182.864,155.057,127.984,105.761,86.1227,72.8112,64.1497,53.4014,0.00549266,0.000686207,0.00079549,0.00118975,0.00138857,0.000967962,0.000567471,0.000294716
4.13,-1.70632e-08,-9.56705e-09,0.94985,30,2.80913e-05,4.70262e-08,-0.00790708,-0.0219247,-0.0347433,-0.0438328,-0.0466687,-0.0353144,-0.0214179,-0.0114017,-0.00859592,-0.0195507,-0.0248761,-0.030477,-0.0328817,-0.0325758,-0.0329995,-0.0373007,0.034695,0.0450137,0.0505667,0.0490116,0.0422149,0.027289,0.0106344,0.00262376,-1.29849,-0.74622,0.436918,-0.0004621,-0.00172407,0.00282148,0.0146116,0.00875329,-0.0383536,29.8676,0.00354298,10,0,182.862,155.057,127.984,105.76,86.1221,72.8107,64.1494,53.4013,0.00534649,0.000680392,0.00077132,0.00114371,0.00134711,0.000940707,0.000551429,0.000286903
4.135,-1.70343e-08,-9.56486e-09,0.94985,30,2.8053e-05,4.50921e-08,-0.00791332,-0.0218809,-0.0346707,-0.0437363,-0.046557,-0.0352219,-0.0213593,-0.0113697,-0.00873912,-0.0195624,-0.024931,-0.0306477,-0.0331319,-0.0327751,-0.0331355,-0.0373839,0.0346459,0.0449201,0.0504562,0.0488964,0.0421016,0.0271979,0.0105909,0.00260904,-1.29849,-0.746229,0.436932,-0.000389292,-0.00168042,0.00263032,0.0145433,0.00872147,-0.0381868,29.8679,0.00354561,10,0,182.86,155.056,127.983,105.759,86.1213,72.8101,64.149,53.4011,0.00512666,0.00067985,0.000741358,0.00107673,0.00128556,0.000900184,0.000527517,0.000275216
4.14,-1.69977e-08,-9.55807e-09,0.94985,30,2.8002e-05,4.31655e-08,-0.0079193,-0.0218371,-0.0345982,-0.0436399,-0.0464456,-0.0351298,-0.0213009,-0.0113379,-0.0088775,-0.0195659,-0.0249758,-0.0308062,-0.0333706,-0.0329657,-0.0332659,-0.0374641,0.0345966,0.0448266,0.050346,0.0487814,0.0419888,0.0271073,0.0105476,0.00259443,-1.29849,-0.746237,0.436944,-0.000316793,-0.00163692,0.00243991,0.0144921,0.00869713,-0.0380626,29.8682,0.00354775,10,0,182.859,155.056,127.983,105.759,86.1207,72.8097,64.1487,53.4009,0.0049798,0.000684793,0.000725868,0.00103365,0.00124501,0.000873445,0.000511695,0.000267453
4.145,-1.69535e-08,-9.54673e-09,0.94985,30,2.79382e-05,4.12467e-08,-0.00792502,-0.0217933,-0.0345257,-0.0435437,-0.0463345,-0.0350381,-0.0212428,-0.0113061,-0.00901106,-0.0195615,-0.0250105,-0.0309525,-0.0335976,-0.0331476,-0.0333905,-0.0375411,0.0345471,0.0447332,0.0502359,0.0486668,0.0418763,0.0270172,0.0105046,0.00257991,-1.29849,-0.746245,0.436956,-0.000244635,-0.00159358,0.00225035,0.0144088,0.00865649,-0.0378562,29.8685,0.0035494,10,0,182.857,155.056,127.983,105.758,86.1199,72.8091,64.1483,53.4007,0.0047592,0.000699665,0.000709735,0.000971741,0.00118502,0.000833822,0.000488175,0.000255865
4.15,-1.69019e-08,-9.53091e-09,0.94985,30,2.7862e-05,3.9336e-08,-0.0079305,-0.0217495,-0.0344534,-0.0434477,-0.0462238,-0.0349466,-0.0211849,-0.0112745,-0.00913977,-0.0195491,-0.0250351,-0.0310866,-0.0338131,-0.0333207,-0.0335094,-0.037615,0.0344974,0.0446398,0.0501261,0.0485525,0.0417643,0.0269275,0.0104618,0.0025655,-1.29849,-0.746253,0.436967,-0.000172847,-0.00155043,0.0020617,0.0143479,0.0086264,-0.0377059,29.8687,0.00355055,10,0,182.855,155.057,127.983,105.758,86.1194,72.8087,64.1481,53.4006,0.004612,0.000714147,0.000703837,0.000932507,0.00114567,0.000807773,0.000472659,0.000248185
4.155,-1.6843e-08,-9.51066e-09,0.94985,30,2.77733e-05,3.74335e-08,-0.00793573,-0.0217058,-0.0343812,-0.0433519,-0.0461134,-0.0348555,-0.0211272,-0.0112431,-0.00926363,-0.019529,-0.0250499,-0.0312086,-0.034017,-0.0334852,-0.0336227,-0.0376857,0.0344476,0.0445466,0.0500164,0.0484384,0.0416528,0.0268383,0.0104193,0.00255118,-1.29849,-0.74626,0.436977,-0.000101461,-0.00150747,0.00187405,0.0142503,0.0085772,-0.0374612,29.869,0.00355119,10,0,182.854,155.057,127.982,105.757,86.1187,72.8082,64.1478,53.4005,0.00439113,0.000741912,0.000702284,0.000877171,0.00108772,0.000769329,0.000449672,0.000236748
4.16,-1.67768e-08,-9.48604e-09,0.94985,30,2.76725e-05,3.55395e-08,-0.00794071,-0.0216621,-0.034309,-0.0432563,-0.0460033,-0.0347648,-0.0210697,-0.0112118,-0.00938263,-0.0195011,-0.0250549,-0.0313186,-0.0342094,-0.033641,-0.0337302,-0.0377533,0.0343976,0.0444534,0.049907,0.0483247,0.0415416,0.0267496,0.010377,0.00253695,-1.29849,-0.746268,0.436986,-3.05045e-05,-0.00146474,0.00168748,0.01418,0.00854155,-0.0372857,29.8693,0.00355131,10,0,182.852,155.057,127.982,105.757,86.1182,72.8078,64.1475,53.4003,0.00424393,0.00076395,0.000705996,0.000842916,0.00104991,0.000744174,0.000434564,0.000229189
4.165,-1.67034e-08,-9.45711e-09,0.94985,30,2.75596e-05,3.36543e-08,-0.00794546,-0.0216184,-0.034237,-0.0431609,-0.0458935,-0.0346743,-0.0210125,-0.0111805,-0.00949677,-0.0194656,-0.0250501,-0.0314166,-0.0343903,-0.0337881,-0.0338321,-0.0378178,0.0343475,0.0443603,0.0497977,0.0482113,0.0414309,0.0266613,0.010335,0.00252282,-1.29849,-0.746275,0.436993,3.99931e-05,-0.00142224,0.00150206,0.0140684,0.00848407,-0.0370039,29.8696,0.00355091,10,0,182.851,155.057,127.982,105.756,86.1176,72.8073,64.1472,53.4002,0.00402332,0.000801451,0.000718291,0.000796042,0.000994601,0.000707249,0.000412277,0.000217964
4.17,-1.6623e-08,-9.42393e-09,0.94985,30,2.7435e-05,3.17781e-08,-0.00794997,-0.0215748,-0.034165,-0.0430657,-0.045784,-0.0345842,-0.0209554,-0.0111495,-0.00960603,-0.0194225,-0.0250357,-0.0315028,-0.0345597,-0.0339266,-0.0339284,-0.0378792,0.0342972,0.0442674,0.0496886,0.0480982,0.0413206,0.0265735,0.0102933,0.00250879,-1.29849,-0.746282,0.437,0.000110003,-0.00137999,0.00131788,0.0139891,0.00844303,-0.0368041,29.8699,0.00354999,10,0,182.85,155.058,127.983,105.756,86.1172,72.807,64.147,53.4001,0.00387647,0.000828949,0.000730651,0.00076814,0.000958773,0.000683235,0.000397702,0.000210569
4.175,-1.65357e-08,-9.38657e-09,0.94985,30,2.72986e-05,2.99111e-08,-0.00795424,-0.0215312,-0.0340932,-0.0429707,-0.0456749,-0.0344944,-0.0208986,-0.0111185,-0.00971043,-0.019372,-0.0250119,-0.0315772,-0.0347177,-0.0340564,-0.034019,-0.0379375,0.0342467,0.0441745,0.0495797,0.0479853,0.0412108,0.0264862,0.0102517,0.00249485,-1.29849,-0.746289,0.437007,0.000179499,-0.00133802,0.001135,0.013864,0.00837755,-0.0364864,29.8701,0.00354854,10,0,182.848,155.058,127.983,105.755,86.1166,72.8066,64.1467,53.3999,0.00365667,0.000873218,0.000754779,0.000731912,0.000906822,0.000648242,0.000376324,0.000199629
4.18,-1.64416e-08,-9.34509e-09,0.94985,30,2.71508e-05,2.80537e-08,-0.00795829,-0.0214876,-0.0340214,-0.0428759,-0.0455661,-0.034405,-0.0208421,-0.0110877,-0.00980996,-0.0193142,-0.0249786,-0.0316399,-0.0348643,-0.0341777,-0.0341039,-0.0379926,0.0341961,0.0440817,0.049471,0.0478728,0.0411013,0.0263993,0.0102105,0.002481,-1.29849,-0.746295,0.437012,0.000248452,-0.00129632,0.00095349,0.0137759,0.00833132,-0.0362631,29.8704,0.00354655,10,0,182.847,155.059,127.983,105.755,86.1163,72.8063,64.1466,53.3999,0.00351055,0.000904372,0.000774174,0.000711851,0.000873524,0.000625677,0.000362436,0.000192451
4.185,-1.63407e-08,-9.29956e-09,0.94985,30,2.69917e-05,2.6206e-08,-0.0079621,-0.0214441,-0.0339498,-0.0427813,-0.0454575,-0.0343158,-0.0207857,-0.011057,-0.00990463,-0.0192491,-0.0249361,-0.031691,-0.0349995,-0.0342903,-0.0341833,-0.0380446,0.0341453,0.043989,0.0493625,0.0477606,0.0409923,0.0263128,0.0101694,0.00246725,-1.29849,-0.746302,0.437016,0.000316836,-0.00125493,0.000773435,0.0136379,0.00825814,-0.035911,29.8707,0.00354404,10,0,182.845,155.06,127.983,105.755,86.1158,72.8059,64.1463,53.3997,0.00329214,0.000953005,0.000807512,0.000688413,0.000825855,0.000593126,0.000342228,0.000181885
4.19,-1.62333e-08,-9.25005e-09,0.94985,30,2.68216e-05,2.43683e-08,-0.0079657,-0.0214006,-0.0338783,-0.0426868,-0.0453494,-0.034227,-0.0207296,-0.0110264,-0.00999444,-0.0191769,-0.0248844,-0.0317306,-0.0351235,-0.0343945,-0.0342571,-0.0380936,0.0340944,0.0438965,0.0492542,0.0476486,0.0408837,0.0262268,0.0101287,0.00245359,-1.29849,-0.746308,0.437019,0.000384624,-0.00121386,0.000594897,0.0135415,0.00820692,-0.0356651,29.871,0.003541,10,0,182.845,155.06,127.984,105.755,86.1155,72.8057,64.1462,53.3996,0.00314716,0.000986415,0.000832164,0.000677459,0.00079577,0.000572387,0.000329224,0.000174992
4.195,-1.61194e-08,-9.19662e-09,0.94985,30,2.66405e-05,2.25408e-08,-0.00796906,-0.0213572,-0.0338068,-0.0425926,-0.0452415,-0.0341385,-0.0206737,-0.0109959,-0.0100794,-0.0190977,-0.0248237,-0.0317588,-0.0352362,-0.0344902,-0.0343253,-0.0381394,0.0340433,0.043804,0.0491461,0.047537,0.0407755,0.0261412,0.0100881,0.00244002,-1.29849,-0.746314,0.437022,0.000451792,-0.00117311,0.000417948,0.013391,0.00812634,-0.0352799,29.8712,0.00353743,10,0,182.843,155.061,127.984,105.755,86.1151,72.8053,64.146,53.3995,0.00293081,0.0010376,0.000872136,0.00066827,0.00075352,0.000542906,0.000310518,0.000164912
4.2,-1.59992e-08,-9.13935e-09,0.94985,30,2.64488e-05,2.07238e-08,-0.00797221,-0.0213138,-0.0337355,-0.0424986,-0.0451339,-0.0340503,-0.020618,-0.0109656,-0.0101595,-0.0190116,-0.024754,-0.0317757,-0.0353378,-0.0345774,-0.0343879,-0.0381822,0.0339921,0.0437117,0.0490382,0.0474256,0.0406677,0.0260561,0.0100478,0.00242654,-1.29848,-0.74632,0.437023,0.000518314,-0.00113271,0.000242653,0.0132865,0.00807031,-0.0350124,29.8715,0.00353333,10,0,182.842,155.062,127.984,105.755,86.1148,72.8051,64.1458,53.3994,0.00278745,0.00107223,0.000900441,0.000666991,0.000727482,0.000524453,0.000298646,0.000158389
4.205,-1.58727e-08,-9.0783e-09,0.94985,30,2.62466e-05,1.89174e-08,-0.00797515,-0.0212704,-0.0336643,-0.0424047,-0.0450266,-0.0339625,-0.0205625,-0.0109354,-0.0102348,-0.0189186,-0.0246756,-0.0317814,-0.0354283,-0.0346562,-0.0344451,-0.0382218,0.0339408,0.0436194,0.0489305,0.0473146,0.0405603,0.0259714,0.0100077,0.00241315,-1.29848,-0.746325,0.437024,0.000584165,-0.00109268,6.90781e-05,0.0131241,0.00798264,-0.0345955,29.8718,0.0035287,10,0,182.841,155.063,127.985,105.755,86.1145,72.8049,64.1456,53.3993,0.00257395,0.00112464,0.000944866,0.000672159,0.000692003,0.000498792,0.000281862,0.000148941
4.21,-1.57401e-08,-9.01355e-09,0.94985,30,2.60341e-05,1.71219e-08,-0.00797787,-0.0212271,-0.0335932,-0.0423111,-0.0449197,-0.0338749,-0.0205072,-0.0109053,-0.0103053,-0.0188191,-0.0245885,-0.031776,-0.0355078,-0.0347267,-0.0344967,-0.0382585,0.0338893,0.0435273,0.0488229,0.0472038,0.0404533,0.0258871,0.00996787,0.00239985,-1.29848,-0.74633,0.437024,0.000649321,-0.00105302,-0.000102712,0.013012,0.00792203,-0.0343074,29.8721,0.00352354,10,0,182.841,155.063,127.985,105.755,86.1143,72.8047,64.1455,53.3993,0.00243281,0.00115974,0.000975529,0.0006801,0.000670967,0.000483163,0.000271436,0.000142897
4.215,-1.56015e-08,-8.94517e-09,0.94985,30,2.58115e-05,1.53376e-08,-0.00798038,-0.0211838,-0.0335222,-0.0422177,-0.0448131,-0.0337877,-0.0204522,-0.0108753,-0.010371,-0.0187129,-0.0244929,-0.0317596,-0.0355764,-0.0347889,-0.034543,-0.038292,0.0338377,0.0434353,0.0487156,0.0470933,0.0403467,0.0258033,0.00992825,0.00238664,-1.29847,-0.746336,0.437023,0.000713759,-0.00101375,-0.000272655,0.0128382,0.00782758,-0.0338603,29.8723,0.00351787,10,0,182.84,155.065,127.986,105.755,86.114,72.8045,64.1454,53.3992,0.00222319,0.00121242,0.0010227,0.000698202,0.00064373,0.000462172,0.00025709,0.000134271
4.22,-1.54571e-08,-8.87324e-09,0.94985,30,2.55791e-05,1.35645e-08,-0.00798268,-0.0211406,-0.0334513,-0.0421244,-0.0447067,-0.0337008,-0.0203973,-0.0108454,-0.0104319,-0.0186003,-0.0243889,-0.0317325,-0.0356341,-0.0348429,-0.0345838,-0.0383226,0.0337859,0.0433434,0.0486085,0.0469831,0.0402406,0.0257198,0.00988887,0.00237352,-1.29847,-0.746341,0.437021,0.000777457,-0.000974878,-0.000440691,0.0127188,0.00776258,-0.0335524,29.8726,0.00351167,10,0,182.839,155.065,127.987,105.755,86.1138,72.8043,64.1453,53.3991,0.00208507,0.00124744,0.00105473,0.000714008,0.000628664,0.000449948,0.000248482,0.000128851
4.225,-1.5307e-08,-8.79782e-09,0.94985,30,2.5337e-05,1.18031e-08,-0.00798477,-0.0210974,-0.0333806,-0.0420314,-0.0446007,-0.0336142,-0.0203427,-0.0108157,-0.0104881,-0.0184814,-0.0242767,-0.0316946,-0.035681,-0.0348887,-0.0346192,-0.0383501,0.0337341,0.0432516,0.0485016,0.0468732,0.0401348,0.0256368,0.00984971,0.00236048,-1.29847,-0.746345,0.437019,0.000840391,-0.000936427,-0.000606758,0.0125342,0.00766167,-0.0330766,29.8729,0.00350497,10,0,182.838,155.067,127.987,105.755,86.1136,72.8042,64.1451,53.399,0.0018808,0.00129966,0.00110336,0.000742601,0.000611018,0.000434487,0.000237165,0.000121288
4.23,-1.51512e-08,-8.719e-09,0.94985,30,2.50855e-05,1.00534e-08,-0.00798667,-0.0210543,-0.0333099,-0.0419386,-0.044495,-0.0335279,-0.0202883,-0.0107861,-0.0105395,-0.0183563,-0.0241563,-0.0316461,-0.0357173,-0.0349263,-0.0346493,-0.0383747,0.0336821,0.0431599,0.0483948,0.0467636,0.0400294,0.0255542,0.00981078,0.00234753,-1.29846,-0.74635,0.437015,0.00090254,-0.000898406,-0.0007708,0.0124078,0.00759251,-0.03275,29.8731,0.00349776,10,0,182.838,155.068,127.988,105.755,86.1135,72.8041,64.1451,53.399,0.00174692,0.0013342,0.00113602,0.000764495,0.000602691,0.000426207,0.000230777,0.000116672
4.235,-1.499e-08,-8.63685e-09,0.94985,30,2.48248e-05,8.31562e-09,-0.00798836,-0.0210112,-0.0332394,-0.0418459,-0.0443896,-0.0334419,-0.0202341,-0.0107566,-0.0105862,-0.0182251,-0.0240279,-0.0315872,-0.0357429,-0.034956,-0.0346741,-0.0383963,0.0336299,0.0430684,0.0482883,0.0466542,0.0399243,0.0254721,0.00977208,0.00233467,-1.29846,-0.746354,0.437011,0.000963883,-0.000860827,-0.000932759,0.012213,0.00748547,-0.0322469,29.8734,0.00349004,10,0,182.837,155.069,127.989,105.755,86.1134,72.8039,64.145,53.3989,0.00155039,0.00138545,0.00118516,0.000800882,0.000595482,0.000416975,0.000223073,0.000110471
4.24,-1.48234e-08,-8.55144e-09,0.94985,30,2.45551e-05,6.59007e-09,-0.00798985,-0.0209682,-0.033169,-0.0417535,-0.0442845,-0.0333562,-0.0201801,-0.0107272,-0.0106283,-0.0180879,-0.0238917,-0.031518,-0.0357581,-0.0349776,-0.0346936,-0.0384149,0.0335777,0.0429769,0.048182,0.0465452,0.0398197,0.0253903,0.0097336,0.00232189,-1.29845,-0.746359,0.437006,0.0010244,-0.000823702,-0.00109258,0.01208,0.00741235,-0.0319027,29.8737,0.00348184,10,0,182.837,155.07,127.99,105.755,86.1133,72.8039,64.1449,53.3989,0.00142287,0.0014192,0.00121789,0.000827126,0.000594198,0.000413,0.000219257,0.000106871
4.245,-1.46516e-08,-8.46286e-09,0.94985,30,2.42766e-05,4.87689e-09,-0.00799116,-0.0209253,-0.0330987,-0.0416612,-0.0441797,-0.0332709,-0.0201263,-0.010698,-0.0106657,-0.0179449,-0.0237479,-0.0314386,-0.0357629,-0.0349914,-0.034708,-0.0384306,0.0335253,0.0428856,0.0480758,0.0464364,0.0397155,0.025309,0.00969534,0.0023092,-1.29845,-0.746363,0.437,0.00108407,-0.000787044,-0.00125021,0.0118755,0.0072995,-0.0313738,29.874,0.00347315,10,0,182.836,155.072,127.991,105.756,86.1133,72.8038,64.1449,53.3988,0.00123846,0.00146909,0.00126681,0.000868888,0.000597423,0.000410326,0.00021559,0.000102357
4.25,-1.44748e-08,-8.37118e-09,0.94985,30,2.39896e-05,3.17629e-09,-0.00799227,-0.0208823,-0.0330285,-0.0415692,-0.0440753,-0.0331858,-0.0200728,-0.0106688,-0.0106985,-0.0177963,-0.0235965,-0.0313492,-0.0357574,-0.0349973,-0.0347172,-0.0384434,0.0334729,0.0427944,0.0479699,0.0463279,0.0396116,0.025228,0.00965731,0.0022966,-1.29844,-0.746366,0.436993,0.00114287,-0.000750865,-0.0014056,0.0117362,0.00722265,-0.0310129,29.8742,0.00346398,10,0,182.836,155.073,127.991,105.756,86.1133,72.8038,64.1448,53.3988,0.00112145,0.00150182,0.00129921,0.000898025,0.000602859,0.000410706,0.000214534,9.99853e-05
4.255,-1.4293e-08,-8.27648e-09,0.94985,30,2.36943e-05,1.48847e-09,-0.00799319,-0.0208395,-0.0329584,-0.0414774,-0.0439711,-0.0331011,-0.0200194,-0.0106398,-0.0107267,-0.0176421,-0.0234377,-0.0312499,-0.0357417,-0.0349955,-0.0347212,-0.0384533,0.0334203,0.0427034,0.0478642,0.0462197,0.0395081,0.0251475,0.00961949,0.00228407,-1.29844,-0.74637,0.436986,0.00120079,-0.000715174,-0.0015587,0.0115226,0.00710432,-0.0304598,29.8745,0.00345434,10,0,182.835,155.075,127.993,105.757,86.1133,72.8037,64.1448,53.3988,0.000958334,0.00155003,0.00134738,0.000943224,0.000615588,0.000414398,0.000215003,9.7445e-05
4.26,-1.41064e-08,-8.17883e-09,0.94985,30,2.33908e-05,-1.86392e-10,-0.00799392,-0.0207967,-0.0328885,-0.0413857,-0.0438672,-0.0330166,-0.0199663,-0.0106109,-0.0107503,-0.0174824,-0.0232716,-0.0311409,-0.035716,-0.0349861,-0.0347203,-0.0384604,0.0333676,0.0426125,0.0477586,0.0461117,0.039405,0.0250673,0.00958189,0.00227163,-1.29843,-0.746374,0.436977,0.00125781,-0.000679985,-0.00170946,0.0113776,0.00702395,-0.0300833,29.8748,0.00344424,10,0,182.835,155.076,127.993,105.757,86.1133,72.8037,64.1448,53.3987,0.00086092,0.00158156,0.00137913,0.000974125,0.000626872,0.000418832,0.000216637,9.64525e-05
4.265,-1.39151e-08,-8.07833e-09,0.94985,30,2.30795e-05,-1.8481e-09,-0.00799447,-0.020754,-0.0328186,-0.0412943,-0.0437636,-0.0329325,-0.0199133,-0.0105821,-0.0107695,-0.0173174,-0.0230985,-0.0310224,-0.0356804,-0.034969,-0.0347143,-0.0384646,0.0333148,0.0425217,0.0476533,0.0460041,0.0393023,0.0249876,0.0095445,0.00225928,-1.29842,-0.746377,0.436969,0.00131391,-0.000645306,-0.00185783,0.0111554,0.00690049,-0.0295075,29.875,0.00343369,10,0,182.835,155.078,127.995,105.757,86.1134,72.8037,64.1448,53.3987,0.000739542,0.00162787,0.00142614,0.00102129,0.00064752,0.000428202,0.000220939,9.60248e-05
4.27,-1.37193e-08,-7.97504e-09,0.94985,30,2.27606e-05,-3.49646e-09,-0.00799484,-0.0207113,-0.0327489,-0.0412031,-0.0436604,-0.0328486,-0.0198606,-0.0105534,-0.0107841,-0.0171473,-0.0229185,-0.0308944,-0.0356349,-0.0349445,-0.0347033,-0.038466,0.0332619,0.042431,0.0475482,0.0458967,0.0392,0.0249082,0.00950733,0.002247,-1.29842,-0.74638,0.436959,0.00136906,-0.000611149,-0.00200377,0.0110049,0.00681683,-0.0291164,29.8753,0.0034227,10,0,182.835,155.079,127.996,105.758,86.1135,72.8038,64.1448,53.3987,0.00068117,0.00165806,0.00145701,0.00105311,0.000663482,0.000436105,0.000224945,9.64335e-05
4.275,-1.35191e-08,-7.86906e-09,0.94985,30,2.24342e-05,-5.13131e-09,-0.00799502,-0.0206687,-0.0326793,-0.041112,-0.0435574,-0.0327651,-0.019808,-0.0105249,-0.0107944,-0.0169721,-0.0227317,-0.0307571,-0.0355798,-0.0349125,-0.0346875,-0.0384647,0.0332089,0.0423405,0.0474433,0.0457896,0.039098,0.0248293,0.00947037,0.00223481,-1.29841,-0.746383,0.436948,0.00142327,-0.000577522,-0.00214723,0.0107748,0.00668857,-0.0285195,29.8756,0.00341128,10,0,182.835,155.081,127.997,105.758,86.1136,72.8038,64.1448,53.3987,0.0006383,0.00170228,0.00150253,0.00110116,0.000690236,0.000450155,0.000232471,9.80342e-05
4.28,-1.33147e-08,-7.76045e-09,0.94985,30,2.21007e-05,-6.75245e-09,-0.00799504,-0.0206261,-0.0326099,-0.0410212,-0.0434547,-0.0326818,-0.0197557,-0.0104964,-0.0108002,-0.0167921,-0.0225383,-0.0306108,-0.035515,-0.0348733,-0.0346668,-0.0384606,0.0331558,0.04225,0.0473385,0.0456828,0.0389964,0.0247507,0.00943363,0.0022227,-1.2984,-0.746386,0.436937,0.0014765,-0.000544437,-0.00228818,0.0106192,0.00660183,-0.0281148,29.8758,0.00339945,10,0,182.835,155.082,127.998,105.759,86.1137,72.8039,64.1448,53.3987,0.000643193,0.00173102,0.00153233,0.00113327,0.00070968,0.000460815,0.000238383,9.97138e-05
4.285,-1.31061e-08,-7.6493e-09,0.94985,30,2.17602e-05,-8.35972e-09,-0.00799487,-0.0205836,-0.0325405,-0.0409306,-0.0433523,-0.0325989,-0.0197035,-0.0104681,-0.0108017,-0.0166072,-0.0223385,-0.0304555,-0.0354409,-0.0348268,-0.0346414,-0.0384538,0.0331026,0.0421598,0.047234,0.0455762,0.0388951,0.0246725,0.00939709,0.00221066,-1.29839,-0.746388,0.436925,0.00152876,-0.000511901,-0.00242656,0.0103818,0.00646911,-0.0274984,29.8761,0.0033872,10,0,182.835,155.084,127.999,105.76,86.1139,72.804,64.1449,53.3987,0.00069776,0.001773,0.00157613,0.00118139,0.000740834,0.00047846,0.000248397,0.000103056
4.29,-1.28935e-08,-7.5357e-09,0.94985,30,2.1413e-05,-9.95294e-09,-0.00799454,-0.0205412,-0.0324713,-0.0408402,-0.0432502,-0.0325162,-0.0196516,-0.0104398,-0.0107989,-0.0164178,-0.0221324,-0.0302914,-0.0353574,-0.0347732,-0.0346113,-0.0384443,0.0330493,0.0420696,0.0471297,0.04547,0.0387942,0.0245947,0.00936076,0.00219871,-1.29839,-0.746391,0.436913,0.00158001,-0.000479924,-0.00256235,0.0102215,0.00637953,-0.0270812,29.8764,0.00337457,10,0,182.835,155.086,128.001,105.76,86.1141,72.8041,64.1449,53.3987,0.000759495,0.0018002,0.0016047,0.00121334,0.000762705,0.000491171,0.000255727,0.000105771
4.295,-1.26771e-08,-7.41972e-09,0.94985,30,2.10593e-05,-1.15319e-08,-0.00799403,-0.0204988,-0.0324022,-0.0407499,-0.0431484,-0.0324338,-0.0195999,-0.0104117,-0.0107918,-0.0162239,-0.0219201,-0.0301188,-0.0352648,-0.0347126,-0.0345765,-0.0384322,0.0329959,0.0419796,0.0470256,0.045364,0.0386937,0.0245173,0.00932463,0.00218684,-1.29838,-0.746393,0.4369,0.00163025,-0.000448514,-0.00269551,0.00997727,0.00624269,-0.0264468,29.8766,0.00336155,10,0,182.835,155.088,128.002,105.761,86.1144,72.8043,64.145,53.3987,0.000878184,0.00183982,0.00164658,0.00126093,0.000796822,0.000511411,0.000267528,0.000110466
4.3,-1.2457e-08,-7.30145e-09,0.94985,30,2.06994e-05,-1.30966e-08,-0.00799336,-0.0204565,-0.0323333,-0.0406599,-0.043047,-0.0323517,-0.0195483,-0.0103837,-0.0107805,-0.0160256,-0.0217019,-0.0299377,-0.0351631,-0.0346451,-0.0345371,-0.0384174,0.0329425,0.0418898,0.0469217,0.0452582,0.0385935,0.0244402,0.00928872,0.00217504,-1.29837,-0.746395,0.436886,0.00167946,-0.00041768,-0.00282599,0.00981269,0.00615048,-0.0260181,29.8769,0.00334816,10,0,182.835,155.089,128.003,105.761,86.1146,72.8044,64.145,53.3987,0.000969021,0.00186542,0.00167382,0.00129236,0.000820262,0.000525555,0.000275842,0.000113952
4.305,-1.22333e-08,-7.18096e-09,0.94985,30,2.03335e-05,-1.46466e-08,-0.00799252,-0.0204143,-0.0322644,-0.0405701,-0.0429458,-0.0322699,-0.019497,-0.0103559,-0.010765,-0.0158231,-0.0214779,-0.0297484,-0.0350526,-0.0345708,-0.0344932,-0.0384001,0.0328889,0.0418001,0.046818,0.0451528,0.0384937,0.0243635,0.009253,0.00216332,-1.29836,-0.746397,0.436871,0.00172763,-0.000387428,-0.00295377,0.00956226,0.00600986,-0.0253674,29.8772,0.00333442,10,0,182.835,155.092,128.005,105.762,86.1149,72.8046,64.1451,53.3987,0.00111604,0.00190259,0.00171362,0.00133897,0.000856202,0.000547545,0.00028884,0.000119617
4.31,-1.20062e-08,-7.05834e-09,0.94985,30,1.99618e-05,-1.6182e-08,-0.00799152,-0.0203721,-0.0321957,-0.0404805,-0.0428448,-0.0321884,-0.0194458,-0.0103281,-0.0107455,-0.0156165,-0.0212483,-0.029551,-0.0349333,-0.0344897,-0.0344448,-0.0383802,0.0328353,0.0417105,0.0467145,0.0450476,0.0383943,0.0242872,0.00921749,0.00215168,-1.29835,-0.746399,0.436856,0.00177475,-0.000357767,-0.00307882,0.00939377,0.00591526,-0.0249282,29.8774,0.00332034,10,0,182.835,155.093,128.006,105.763,86.1151,72.8047,64.1452,53.3987,0.00121861,0.00192653,0.00173944,0.00136963,0.000880544,0.000562616,0.000297786,0.000123634
4.315,-1.17759e-08,-6.93368e-09,0.94985,30,1.95846e-05,-1.77026e-08,-0.00799036,-0.02033,-0.0321271,-0.040391,-0.0427442,-0.0321072,-0.0193949,-0.0103004,-0.0107218,-0.015406,-0.0210132,-0.0293457,-0.0348055,-0.0344021,-0.0343921,-0.0383578,0.0327816,0.041621,0.0466112,0.0449427,0.0382952,0.0242113,0.00918218,0.00214012,-1.29834,-0.746401,0.436841,0.00182081,-0.000328704,-0.0032011,0.00913773,0.0057712,-0.0242627,29.8777,0.00330593,10,0,182.836,155.095,128.008,105.764,86.1155,72.805,64.1453,53.3988,0.00137633,0.00196118,0.00177704,0.00141491,0.000917429,0.000585679,0.000311518,0.000129945
4.32,-1.15423e-08,-6.80705e-09,0.94985,30,1.92021e-05,-1.92081e-08,-0.00798904,-0.020288,-0.0320587,-0.0403018,-0.0426439,-0.0320263,-0.0193441,-0.0102728,-0.0106942,-0.0151917,-0.0207728,-0.0291327,-0.0346692,-0.034308,-0.0343351,-0.038333,0.0327278,0.0415317,0.0465081,0.0448381,0.0381964,0.0241357,0.00914707,0.00212864,-1.29834,-0.746402,0.436824,0.0018658,-0.000300245,-0.00332059,0.0089657,0.00567442,-0.0238142,29.8779,0.00329121,10,0,182.836,155.097,128.009,105.764,86.1158,72.8051,64.1454,53.3988,0.00148291,0.00198342,0.00180136,0.00144459,0.000942163,0.000601278,0.000320826,0.000134303
4.325,-1.13058e-08,-6.67854e-09,0.94985,30,1.88145e-05,-2.06984e-08,-0.00798756,-0.020246,-0.0319904,-0.0402128,-0.0425439,-0.0319456,-0.0192935,-0.0102454,-0.0106626,-0.0149738,-0.0205273,-0.0289121,-0.0345246,-0.0342075,-0.0342738,-0.0383057,0.0326739,0.0414426,0.0464052,0.0447337,0.038098,0.0240605,0.00911215,0.00211723,-1.29833,-0.746404,0.436807,0.0019097,-0.000272396,-0.00343725,0.00870464,0.00552727,-0.0231353,29.8782,0.0032762,10,0,182.837,155.099,128.011,105.765,86.1163,72.8054,64.1456,53.3988,0.00164356,0.00201548,0.00183666,0.00148827,0.000979326,0.000624889,0.00033494,0.000141008
4.33,-1.10664e-08,-6.54823e-09,0.94985,30,1.84221e-05,-2.21735e-08,-0.00798594,-0.0202041,-0.0319222,-0.040124,-0.0424441,-0.0318653,-0.0192432,-0.0102181,-0.0106271,-0.0147524,-0.0202769,-0.0286842,-0.0343718,-0.0341007,-0.0342084,-0.038276,0.03262,0.0413536,0.0463025,0.0446296,0.038,0.0239857,0.00907744,0.00210589,-1.29832,-0.746405,0.43679,0.0019525,-0.000245165,-0.00355107,0.00852946,0.00542853,-0.0226785,29.8785,0.0032609,10,0,182.837,155.101,128.012,105.766,86.1166,72.8056,64.1457,53.3989,0.00175062,0.00203599,0.00185942,0.00151681,0.00100406,0.000640707,0.000344407,0.000145562
4.335,-1.08243e-08,-6.4162e-09,0.94985,30,1.80251e-05,-2.36331e-08,-0.00798415,-0.0201623,-0.0318541,-0.0400354,-0.0423447,-0.0317852,-0.019193,-0.0101908,-0.0105878,-0.0145275,-0.0200217,-0.0284492,-0.0342111,-0.0339878,-0.0341388,-0.0382439,0.0325659,0.0412647,0.0462001,0.0445257,0.0379023,0.0239112,0.00904292,0.00209463,-1.29831,-0.746406,0.436772,0.00199421,-0.000218555,-0.00366201,0.00826395,0.00527862,-0.021988,29.8787,0.00324533,10,0,182.838,155.104,128.014,105.767,86.1171,72.8059,64.1458,53.3989,0.00191048,0.00206543,0.00189235,0.0015587,0.00104099,0.000664457,0.000358636,0.000152474
4.34,-1.05796e-08,-6.28253e-09,0.94985,30,1.76237e-05,-2.50772e-08,-0.00798222,-0.0201206,-0.0317862,-0.039947,-0.0422455,-0.0317054,-0.019143,-0.0101637,-0.0105448,-0.0142995,-0.0197618,-0.0282071,-0.0340426,-0.0338689,-0.0340653,-0.0382095,0.0325119,0.041176,0.0460978,0.0444222,0.0378049,0.0238371,0.00900859,0.00208344,-1.2983,-0.746407,0.436753,0.0020348,-0.000192573,-0.00377006,0.00808602,0.00517816,-0.0215238,29.879,0.00322952,10,0,182.838,155.105,128.015,105.768,86.1174,72.8062,64.146,53.3989,0.00201626,0.00208418,0.0019135,0.00158597,0.00106544,0.000680256,0.00036811,0.000157116
4.345,-1.03325e-08,-6.14731e-09,0.94985,30,1.72183e-05,-2.65055e-08,-0.00798014,-0.0200789,-0.0317184,-0.0398588,-0.0421466,-0.0316259,-0.0190932,-0.0101367,-0.0104979,-0.0140684,-0.0194975,-0.0279582,-0.0338665,-0.033744,-0.0339878,-0.0381729,0.0324577,0.0410874,0.0459957,0.0443189,0.0377079,0.0237633,0.00897445,0.00207233,-1.29829,-0.746408,0.436734,0.00207427,-0.000167224,-0.0038752,0.00781664,0.00502582,-0.0208231,29.8793,0.00321346,10,0,182.839,155.108,128.017,105.769,86.118,72.8065,64.1462,53.399,0.00217333,0.00211097,0.001944,0.00162589,0.00110175,0.000703831,0.000382255,0.000164096
4.35,-1.00831e-08,-6.01062e-09,0.94985,30,1.68089e-05,-2.7918e-08,-0.00797792,-0.0200373,-0.0316507,-0.0397708,-0.042048,-0.0315466,-0.0190436,-0.0101098,-0.0104475,-0.0138344,-0.019229,-0.0277028,-0.0336828,-0.0336134,-0.0339065,-0.038134,0.0324035,0.040999,0.0458939,0.0442158,0.0376112,0.0236899,0.00894051,0.00206129,-1.29828,-0.746409,0.436714,0.00211262,-0.000142512,-0.0039774,0.00763632,0.00492385,-0.0203527,29.8795,0.00319719,10,0,182.839,155.109,128.018,105.77,86.1184,72.8068,64.1463,53.399,0.00227682,0.00212794,0.00196351,0.0016518,0.00112567,0.000719426,0.000391618,0.000168747
4.355,-9.83147e-09,-5.87254e-09,0.94985,30,1.63959e-05,-2.93146e-08,-0.00797555,-0.0199958,-0.0315831,-0.039683,-0.0419497,-0.0314676,-0.0189941,-0.010083,-0.0103934,-0.0135975,-0.0189564,-0.0274409,-0.0334918,-0.0334771,-0.0338213,-0.0380929,0.0323492,0.0409107,0.0457922,0.0441131,0.0375149,0.0236168,0.00890676,0.00205032,-1.29826,-0.74641,0.436694,0.00214984,-0.000118441,-0.00407665,0.00736364,0.00476943,-0.0196434,29.8798,0.00318072,10,0,182.84,155.112,128.02,105.771,86.119,72.8072,64.1465,53.3991,0.00242994,0.00215206,0.00199153,0.00168961,0.00116105,0.000742581,0.000405528,0.000175694
4.36,-9.57785e-09,-5.73315e-09,0.94985,30,1.59794e-05,-3.0695e-08,-0.00797304,-0.0199543,-0.0315157,-0.0395953,-0.0418516,-0.0313889,-0.0189449,-0.0100562,-0.0103358,-0.013358,-0.0186798,-0.0271728,-0.0332936,-0.0333353,-0.0337325,-0.0380497,0.0322949,0.0408226,0.0456908,0.0440105,0.0374189,0.0235441,0.00887319,0.00203943,-1.29825,-0.74641,0.436674,0.00218591,-9.50162e-05,-0.00417294,0.00718131,0.00466617,-0.0191678,29.88,0.00316406,10,0,182.841,155.114,128.022,105.772,86.1194,72.8075,64.1467,53.3992,0.00253051,0.00216724,0.00200938,0.00171409,0.00118427,0.000757829,0.000414692,0.000180294
4.365,-9.32235e-09,-5.59254e-09,0.94985,30,1.55598e-05,-3.20593e-08,-0.0079704,-0.0199129,-0.0314484,-0.0395079,-0.0417539,-0.0313105,-0.0188958,-0.0100296,-0.0102748,-0.013116,-0.0183995,-0.0268987,-0.0330885,-0.033188,-0.0336401,-0.0380043,0.0322405,0.0407346,0.0455896,0.0439083,0.0373232,0.0234717,0.00883981,0.00202861,-1.29824,-0.746411,0.436652,0.00222084,-7.224e-05,-0.00426624,0.00690592,0.00450999,-0.0184513,29.8803,0.00314723,10,0,182.842,155.117,128.024,105.773,86.12,72.8079,64.1469,53.3993,0.00267891,0.00218868,0.00203488,0.0017497,0.00121849,0.000780374,0.00042825,0.00018713
4.37,-9.06509e-09,-5.45078e-09,0.94985,30,1.51372e-05,-3.34073e-08,-0.00796761,-0.0198716,-0.0313813,-0.0394207,-0.0416564,-0.0312323,-0.0188469,-0.0100031,-0.0102103,-0.0128715,-0.0181156,-0.0266187,-0.0328765,-0.0330355,-0.0335441,-0.0379569,0.0321861,0.0406468,0.0454885,0.0438063,0.0372278,0.0233997,0.00880662,0.00201786,-1.29823,-0.746411,0.436631,0.00225462,-5.0116e-05,-0.00435654,0.00672195,0.00440566,-0.0179714,29.8805,0.00313026,10,0,182.842,155.118,128.025,105.774,86.1205,72.8082,64.1471,53.3993,0.00277615,0.00220207,0.00205104,0.00177268,0.00124087,0.000795162,0.000437147,0.000191636
4.375,-8.80623e-09,-5.30795e-09,0.94985,30,1.47119e-05,-3.47388e-08,-0.00796469,-0.0198304,-0.0313143,-0.0393337,-0.0415592,-0.0311545,-0.0187982,-0.00997675,-0.0101425,-0.0126249,-0.0178283,-0.0263331,-0.0326579,-0.0328778,-0.0334446,-0.0379075,0.0321316,0.0405592,0.0453877,0.0437046,0.0371328,0.023328,0.00877361,0.00200717,-1.29822,-0.746411,0.436609,0.00228725,-2.86471e-05,-0.00444384,0.00644439,0.00424806,-0.0172493,29.8808,0.00311314,10,0,182.844,155.121,128.027,105.775,86.1212,72.8087,64.1473,53.3994,0.00291931,0.00222083,0.00207401,0.00180599,0.00127375,0.000816945,0.000450262,0.000198304
4.38,-8.54589e-09,-5.16414e-09,0.94985,30,1.42841e-05,-3.60538e-08,-0.00796164,-0.0197892,-0.0312474,-0.0392469,-0.0414623,-0.0310768,-0.0187497,-0.00995046,-0.0100715,-0.0123762,-0.0175377,-0.026042,-0.0324328,-0.032715,-0.0333418,-0.037856,0.032077,0.0404717,0.0452871,0.0436031,0.0370381,0.0232566,0.00874079,0.00199656,-1.29821,-0.746411,0.436586,0.00231871,-7.83588e-06,-0.00452813,0.00625916,0.00414287,-0.0167662,29.8811,0.00309591,10,0,182.844,155.123,128.029,105.776,86.1217,72.809,64.1475,53.3995,0.00301291,0.00223244,0.00208848,0.00182742,0.00129518,0.000831183,0.000458839,0.000202682
4.385,-8.28422e-09,-5.01942e-09,0.94985,30,1.3854e-05,-3.73521e-08,-0.00795845,-0.0197481,-0.0311807,-0.0391603,-0.0413657,-0.0309995,-0.0187014,-0.00992427,-0.0099972,-0.0121254,-0.0172441,-0.0257456,-0.0322014,-0.0325473,-0.0332357,-0.0378027,0.0320224,0.0403843,0.0451867,0.0435019,0.0369438,0.0231856,0.00870815,0.00198602,-1.2982,-0.746411,0.436564,0.00234902,1.23154e-05,-0.00460939,0.00597999,0.00398416,-0.01604,29.8813,0.00307858,10,0,182.845,155.126,128.031,105.778,86.1224,72.8095,64.1478,53.3996,0.00315044,0.00224852,0.0021089,0.00185838,0.00132655,0.000852086,0.000471439,0.000209137
4.39,-8.02134e-09,-4.87388e-09,0.94985,30,1.34219e-05,-3.86338e-08,-0.00795513,-0.0197071,-0.031114,-0.0390739,-0.0412693,-0.0309224,-0.0186532,-0.00989818,-0.0099198,-0.0118729,-0.0169476,-0.0254442,-0.0319639,-0.0323749,-0.0331264,-0.0377474,0.0319678,0.0402971,0.0450865,0.043401,0.0368497,0.0231149,0.00867569,0.00197555,-1.29819,-0.746411,0.43654,0.00237816,3.18048e-05,-0.00468762,0.00579386,0.00387833,-0.0155546,29.8816,0.00306116,10,0,182.846,155.128,128.032,105.779,86.1229,72.8098,64.148,53.3996,0.00324018,0.00225835,0.00212166,0.00187822,0.00134694,0.000865703,0.000479654,0.00021336
4.395,-7.75739e-09,-4.72759e-09,0.94985,30,1.2988e-05,-3.98986e-08,-0.00795169,-0.0196662,-0.0310476,-0.0389877,-0.0411732,-0.0308456,-0.0186053,-0.00987219,-0.00983933,-0.0116187,-0.0166483,-0.0251379,-0.0317204,-0.0321978,-0.0330139,-0.0376904,0.0319131,0.0402101,0.0449865,0.0433003,0.036756,0.0230446,0.00864341,0.00196515,-1.29817,-0.746411,0.436517,0.00240614,5.06309e-05,-0.00476281,0.00551362,0.00371884,-0.0148257,29.8818,0.00304368,10,0,182.848,155.13,128.035,105.78,86.1237,72.8103,64.1483,53.3997,0.00337179,0.00227176,0.00213953,0.00190677,0.0013767,0.000885628,0.000491684,0.000219567
4.4,-7.49251e-09,-4.58063e-09,0.94985,30,1.25524e-05,-4.11465e-08,-0.00794812,-0.0196253,-0.0309812,-0.0389017,-0.0410774,-0.030769,-0.0185575,-0.0098463,-0.00975588,-0.011363,-0.0163465,-0.024827,-0.0314711,-0.0320162,-0.0328985,-0.0376315,0.0318583,0.0401232,0.0448868,0.0431999,0.0366626,0.0229745,0.0086113,0.00195481,-1.29816,-0.74641,0.436493,0.00243295,6.87923e-05,-0.00483497,0.00532695,0.00361257,-0.014339,29.8821,0.00302615,10,0,182.848,155.132,128.036,105.781,86.1242,72.8107,64.1485,53.3998,0.0034575,0.00227982,0.00215059,0.00192499,0.00139598,0.000898567,0.000499503,0.000223616
4.405,-7.22682e-09,-4.43308e-09,0.94985,30,1.21155e-05,-4.23774e-08,-0.00794443,-0.0195845,-0.030915,-0.0388159,-0.0409818,-0.0306927,-0.0185098,-0.00982051,-0.0096695,-0.0111058,-0.0160423,-0.0245115,-0.0312163,-0.0318303,-0.0327801,-0.0375708,0.0318036,0.0400365,0.0447872,0.0430997,0.0365696,0.0229048,0.00857938,0.00194454,-1.29815,-0.74641,0.436468,0.00245859,8.62882e-05,-0.00490408,0.00504619,0.00345261,-0.0136089,29.8823,0.00300859,10,0,182.85,155.135,128.038,105.782,86.1251,72.8113,64.1488,53.3999,0.00358295,0.00229059,0.00216591,0.0019511,0.00142403,0.00091744,0.000510919,0.000229548
4.41,-6.96047e-09,-4.28502e-09,0.94985,30,1.16775e-05,-4.35912e-08,-0.00794061,-0.0195438,-0.0308489,-0.0387303,-0.0408866,-0.0306167,-0.0184624,-0.00979482,-0.00958027,-0.0108474,-0.0157359,-0.0241918,-0.030956,-0.0316401,-0.0326588,-0.0375085,0.0317487,0.0399499,0.0446878,0.0429998,0.0364768,0.0228354,0.00854763,0.00193434,-1.29814,-0.74641,0.436444,0.00248306,0.000103118,-0.00497015,0.00485932,0.00334611,-0.0131218,29.8826,0.00299102,10,0,182.851,155.137,128.04,105.783,86.1256,72.8116,64.149,53.4,0.00366448,0.0022969,0.00217527,0.00196768,0.00144214,0.000929655,0.000518315,0.000233406
4.415,-6.69357e-09,-4.13653e-09,0.94985,30,1.12385e-05,-4.47878e-08,-0.00793668,-0.0195032,-0.030783,-0.0386449,-0.0407916,-0.0305409,-0.0184151,-0.00976922,-0.00948826,-0.0105878,-0.0154275,-0.023868,-0.0306905,-0.0314457,-0.0325347,-0.0374445,0.0316939,0.0398635,0.0445887,0.0429002,0.0363844,0.0227664,0.00851605,0.00192421,-1.29812,-0.746409,0.436419,0.00250636,0.000119281,-0.00503317,0.00457858,0.00318599,-0.0123918,29.8828,0.00297345,10,0,182.852,155.14,128.042,105.785,86.1265,72.8122,64.1494,53.4001,0.00378359,0.00230506,0.00218805,0.00199132,0.00146841,0.000947412,0.00052908,0.000239042
4.42,-6.42627e-09,-3.98767e-09,0.94985,30,1.07988e-05,-4.59673e-08,-0.00793262,-0.0194627,-0.0307172,-0.0385597,-0.0406968,-0.0304654,-0.018368,-0.00974373,-0.00939354,-0.0103273,-0.0151171,-0.0235403,-0.0304199,-0.0312474,-0.032408,-0.0373789,0.031639,0.0397773,0.0444898,0.0428008,0.0362922,0.0226976,0.00848465,0.00191414,-1.29811,-0.746408,0.436393,0.0025285,0.000134778,-0.00509316,0.00439186,0.00307947,-0.0119053,29.8831,0.0029559,10,0,182.853,155.142,128.044,105.786,86.1271,72.8126,64.1496,53.4002,0.00386084,0.00230964,0.00219573,0.00200626,0.00148531,0.000958867,0.000536033,0.000242696
4.425,-6.15868e-09,-3.83853e-09,0.94985,30,1.03586e-05,-4.71294e-08,-0.00792845,-0.0194222,-0.0306515,-0.0384747,-0.0406024,-0.0303901,-0.0183211,-0.00971833,-0.00929619,-0.0100659,-0.014805,-0.0232089,-0.0301445,-0.0310453,-0.0322786,-0.0373117,0.0315841,0.0396912,0.044391,0.0427016,0.0362004,0.0226292,0.00845342,0.00190414,-1.2981,-0.746408,0.436368,0.00254947,0.000149609,-0.00515011,0.00411164,0.00291948,-0.0111768,29.8833,0.00293838,10,0,182.855,155.145,128.046,105.787,86.128,72.8132,64.1499,53.4004,0.00397345,0.00231521,0.00220599,0.00202741,0.00150972,0.00097546,0.000546118,0.000248018
4.43,-5.89094e-09,-3.68918e-09,0.94985,30,9.91811e-06,-4.82741e-08,-0.00792416,-0.0193818,-0.030586,-0.0383898,-0.0405082,-0.0303151,-0.0182743,-0.00969302,-0.00919628,-0.0098037,-0.0144914,-0.022874,-0.0298643,-0.0308394,-0.0321468,-0.0372431,0.0315291,0.0396052,0.0442925,0.0426027,0.0361089,0.0225611,0.00842237,0.0018942,-1.29809,-0.746407,0.436342,0.00256927,0.000163774,-0.00520403,0.00392543,0.00281314,-0.0106918,29.8836,0.00292093,10,0,182.856,155.147,128.048,105.789,86.1286,72.8136,64.1502,53.4004,0.00404633,0.00231808,0.002212,0.00204068,0.00152538,0.000986125,0.00055261,0.000251458
4.435,-5.62317e-09,-3.5397e-09,0.94985,30,9.47755e-06,-4.94015e-08,-0.00791976,-0.0193415,-0.0305206,-0.0383052,-0.0404142,-0.0302403,-0.0182277,-0.00966782,-0.00909388,-0.00954094,-0.0141764,-0.0225358,-0.0295797,-0.03063,-0.0320125,-0.0371729,0.0314742,0.0395195,0.0441942,0.0425041,0.0360177,0.0224933,0.00839148,0.00188433,-1.29807,-0.746406,0.436315,0.00258791,0.000177275,-0.00525492,0.00364624,0.00265359,-0.00996616,29.8839,0.00290354,10,0,182.857,155.149,128.05,105.79,86.1295,72.8143,64.1505,53.4006,0.00415233,0.00232111,0.00221976,0.00205934,0.0015479,0.00100152,0.000561995,0.000256453
4.44,-5.35549e-09,-3.39015e-09,0.94985,30,9.03712e-06,-5.05113e-08,-0.00791525,-0.0193013,-0.0304553,-0.0382208,-0.0403206,-0.0301658,-0.0181813,-0.00964271,-0.00898907,-0.0092777,-0.0138602,-0.0221945,-0.0292907,-0.0304171,-0.0318758,-0.0371014,0.0314191,0.0394339,0.0440961,0.0424057,0.0359268,0.0224258,0.00836076,0.00187453,-1.29806,-0.746405,0.436289,0.00260539,0.000190113,-0.00530279,0.00346085,0.00254761,-0.00948351,29.8841,0.00288625,10,0,182.858,155.151,128.052,105.791,86.1301,72.8147,64.1508,53.4007,0.00422077,0.00232229,0.00222412,0.00207095,0.00156228,0.00101137,0.000568013,0.000259671
4.445,-5.08804e-09,-3.24062e-09,0.94985,30,8.59703e-06,-5.16036e-08,-0.00791062,-0.0192611,-0.0303902,-0.0381366,-0.0402271,-0.0300916,-0.0181351,-0.00961769,-0.00888193,-0.00901412,-0.0135429,-0.0218502,-0.0289975,-0.030201,-0.031737,-0.0370285,0.0313641,0.0393485,0.0439982,0.0423076,0.0358363,0.0223586,0.00833021,0.00186478,-1.29805,-0.746404,0.436262,0.00262171,0.000202289,-0.00534766,0.00318319,0.00238879,-0.00876201,29.8844,0.00286906,10,0,182.86,155.154,128.054,105.793,86.1311,72.8153,64.1512,53.4008,0.00432006,0.00232282,0.00222942,0.00208712,0.00158288,0.00102553,0.000576678,0.000264328
4.45,-4.82092e-09,-3.09117e-09,0.94985,30,8.15748e-06,-5.26783e-08,-0.00790589,-0.019221,-0.0303252,-0.0380525,-0.040134,-0.0300176,-0.018089,-0.00959277,-0.00877252,-0.00875033,-0.0132247,-0.0215033,-0.0287004,-0.0299817,-0.031596,-0.0369542,0.0313091,0.0392632,0.0439005,0.0422097,0.035746,0.0222918,0.00829982,0.00185511,-1.29803,-0.746403,0.436236,0.00263688,0.000213805,-0.00538953,0.00299895,0.00228337,-0.00828258,29.8846,0.00285198,10,0,182.861,155.156,128.055,105.794,86.1317,72.8158,64.1514,53.4009,0.00438399,0.00232235,0.00223214,0.00209707,0.00159596,0.00103455,0.000582212,0.000267318
4.455,-4.55427e-09,-2.94187e-09,0.94985,30,7.71868e-06,-5.37354e-08,-0.00790105,-0.019181,-0.0302603,-0.0379687,-0.0400411,-0.0299438,-0.0180431,-0.00956794,-0.00866092,-0.00848645,-0.0129058,-0.0211538,-0.0283995,-0.0297593,-0.0314529,-0.0368787,0.031254,0.0391781,0.0438031,0.042112,0.035656,0.0222252,0.0082696,0.00184549,-1.29802,-0.746402,0.436209,0.0026509,0.000224664,-0.00542841,0.00272331,0.00212556,-0.00756651,29.8849,0.00283505,10,0,182.863,155.159,128.058,105.795,86.1327,72.8165,64.1518,53.4011,0.0044765,0.00232043,0.00223501,0.00211076,0.00161461,0.00104745,0.000590145,0.000271628
4.46,-4.2882e-09,-2.7928e-09,0.94985,30,7.28082e-06,-5.47748e-08,-0.00789611,-0.0191411,-0.0301956,-0.0378851,-0.0399485,-0.0298703,-0.0179973,-0.0095432,-0.00854721,-0.0082226,-0.0125863,-0.0208019,-0.028095,-0.0295341,-0.0313078,-0.036802,0.0311989,0.0390931,0.0437058,0.0420147,0.0355663,0.0221589,0.00823955,0.00183594,-1.29801,-0.746401,0.436181,0.00266378,0.000234868,-0.00546432,0.00254054,0.00202089,-0.00709113,29.8851,0.00281827,10,0,182.864,155.161,128.059,105.797,86.1334,72.8169,64.1521,53.4012,0.0045359,0.00231834,0.00223612,0.00211906,0.00162638,0.00105563,0.000595188,0.000274385
4.465,-4.02283e-09,-2.64403e-09,0.94985,30,6.8441e-06,-5.57965e-08,-0.00789106,-0.0191013,-0.030131,-0.0378016,-0.0398561,-0.029797,-0.0179517,-0.00951855,-0.00843147,-0.00795892,-0.0122663,-0.0204479,-0.027787,-0.0293061,-0.0311609,-0.0367241,0.0311438,0.0390084,0.0436088,0.0419175,0.035477,0.022093,0.00820966,0.00182645,-1.29799,-0.7464,0.436154,0.00267552,0.000244419,-0.00549726,0.00226738,0.00186436,-0.00638173,29.8853,0.00280166,10,0,182.866,155.164,128.062,105.798,86.1344,72.8176,64.1525,53.4013,0.00462157,0.00231402,0.0022366,0.00213028,0.00164306,0.00106726,0.00060238,0.000278343
4.47,-3.75828e-09,-2.49561e-09,0.94985,30,6.40872e-06,-5.68005e-08,-0.00788591,-0.0190616,-0.0300665,-0.0377184,-0.039764,-0.029724,-0.0179063,-0.009494,-0.00831377,-0.00769552,-0.0119461,-0.020092,-0.0274759,-0.0290755,-0.0310121,-0.036645,0.0310886,0.0389237,0.0435119,0.0418207,0.0353879,0.0220273,0.00817993,0.00181702,-1.29798,-0.746398,0.436126,0.00268612,0.00025332,-0.00552727,0.00208639,0.00176061,-0.00591121,29.8856,0.00278523,10,0,182.867,155.166,128.063,105.799,86.135,72.8181,64.1527,53.4014,0.0046764,0.00231035,0.00223613,0.00213693,0.00165352,0.00107459,0.000606925,0.000280862
4.475,-3.49466e-09,-2.34763e-09,0.94985,30,5.97486e-06,-5.77867e-08,-0.00788065,-0.0190219,-0.0300022,-0.0376353,-0.0396722,-0.0296512,-0.017861,-0.00946954,-0.00819418,-0.00743252,-0.0116258,-0.0197343,-0.0271616,-0.0288424,-0.0308616,-0.0365649,0.0310335,0.0388393,0.0434153,0.041724,0.0352991,0.0219619,0.00815036,0.00180765,-1.29797,-0.746397,0.436099,0.0026956,0.000261576,-0.00555435,0.00181617,0.00160564,-0.00520966,29.8858,0.002769,10,0,182.869,155.169,128.066,105.801,86.1361,72.8188,64.1531,53.4016,0.0047552,0.00230369,0.00223427,0.0021457,0.00166822,0.00108493,0.000613369,0.000284463
4.48,-3.23209e-09,-2.20014e-09,0.94985,30,5.54273e-06,-5.87552e-08,-0.0078753,-0.0189823,-0.029938,-0.0375525,-0.0395806,-0.0295786,-0.0178159,-0.00944517,-0.00807279,-0.00717005,-0.0113055,-0.019375,-0.0268445,-0.028607,-0.0307095,-0.0364838,0.0309783,0.038755,0.0433189,0.0416276,0.0352106,0.0218969,0.00812095,0.00179834,-1.29795,-0.746396,0.436071,0.00270396,0.000269189,-0.00557851,0.00163725,0.00150298,-0.00474479,29.8861,0.00275298,10,0,182.87,155.171,128.067,105.802,86.1368,72.8193,64.1534,53.4017,0.00480544,0.00229848,0.00223226,0.00215074,0.00167735,0.0010914,0.000617414,0.000286743
4.485,-2.97067e-09,-2.05322e-09,0.94985,30,5.11249e-06,-5.97058e-08,-0.00786985,-0.0189428,-0.029874,-0.0374698,-0.0394893,-0.0295063,-0.017771,-0.00942089,-0.00794966,-0.00690823,-0.0109853,-0.0190143,-0.0265246,-0.0283694,-0.0305559,-0.0364017,0.0309232,0.0386709,0.0432226,0.0415315,0.0351224,0.0218321,0.0080917,0.0017891,-1.29794,-0.746394,0.436043,0.0027112,0.000276163,-0.00559979,0.00137041,0.00134983,-0.00405226,29.8863,0.00273718,10,0,182.872,155.174,128.07,105.804,86.1378,72.82,64.1538,53.4019,0.00487735,0.00228953,0.0022281,0.00215708,0.00169007,0.00110046,0.000623107,0.000289983
4.49,-2.71052e-09,-1.90692e-09,0.94985,30,4.68434e-06,-6.06386e-08,-0.00786431,-0.0189034,-0.0298101,-0.0373873,-0.0393982,-0.0294343,-0.0177262,-0.0093967,-0.00782488,-0.00664716,-0.0106656,-0.0186523,-0.0262023,-0.0281297,-0.0304008,-0.0363187,0.030868,0.038587,0.0431266,0.0414356,0.0350345,0.0217676,0.00806261,0.00177991,-1.29793,-0.746393,0.436015,0.00271734,0.000282502,-0.0056182,0.00119387,0.00124844,-0.00359379,29.8866,0.00272162,10,0,182.874,155.176,128.071,105.805,86.1385,72.8205,64.1541,53.402,0.004923,0.00228282,0.00222458,0.00216051,0.00169789,0.00110607,0.000626651,0.000292022
4.495,-2.45174e-09,-1.76132e-09,0.94985,30,4.25845e-06,-6.15536e-08,-0.00785866,-0.018864,-0.0297463,-0.0373051,-0.0393074,-0.0293624,-0.0176816,-0.00937259,-0.00769852,-0.00638697,-0.0103463,-0.0182894,-0.0258776,-0.027888,-0.0302444,-0.0362348,0.0308128,0.0385032,0.0430309,0.0413399,0.0349469,0.0217034,0.00803367,0.00177078,-1.29791,-0.746392,0.435987,0.00272238,0.000288211,-0.00563375,0.000930842,0.00109735,-0.00291139,29.8868,0.00270632,10,0,182.876,155.178,128.074,105.807,86.1396,72.8212,64.1546,53.4022,0.00498803,0.00227166,0.00221818,0.00216447,0.00170863,0.00111384,0.000631591,0.0002949
4.5,-2.19444e-09,-1.61647e-09,0.94985,30,3.835e-06,-6.24507e-08,-0.00785293,-0.0188248,-0.0296827,-0.037223,-0.0392168,-0.0292908,-0.0176371,-0.00934858,-0.00757066,-0.00612778,-0.0100276,-0.0179256,-0.0255507,-0.0276446,-0.0300867,-0.03615,0.0307576,0.0384196,0.0429353,0.0412445,0.0348596,0.0216395,0.00800489,0.00176172,-1.2979,-0.74639,0.435958,0.00272633,0.000293294,-0.00564649,0.000756941,0.000997393,-0.00246006,29.8871,0.00269128,10,0,182.877,155.18,128.075,105.808,86.1403,72.8217,64.1548,53.4023,0.00502908,0.00226349,0.00221318,0.00216632,0.00171513,0.0011186,0.000634634,0.000296697
4.505,-1.93873e-09,-1.47244e-09,0.94985,30,3.41418e-06,-6.333e-08,-0.0078471,-0.0187856,-0.0296192,-0.0371411,-0.0391265,-0.0292195,-0.0175928,-0.00932465,-0.00744138,-0.00586968,-0.00970972,-0.0175611,-0.0252218,-0.0273995,-0.0299278,-0.0360645,0.0307024,0.0383361,0.0428399,0.0411494,0.0347726,0.0215759,0.00797626,0.00175271,-1.29789,-0.746389,0.43593,0.00272921,0.000297756,-0.00565642,0.000498141,0.000848603,-0.00178886,29.8873,0.00267651,10,0,182.879,155.183,128.078,105.809,86.1414,72.8224,64.1553,53.4024,0.00508723,0.00225018,0.0022046,0.00216792,0.00172391,0.00112508,0.000638823,0.000299212
4.51,-1.68471e-09,-1.32929e-09,0.94985,30,2.99614e-06,-6.41915e-08,-0.00784119,-0.0187465,-0.0295558,-0.0370594,-0.0390364,-0.0291483,-0.0175486,-0.00930081,-0.00731074,-0.00561279,-0.00939275,-0.0171962,-0.0248912,-0.0271528,-0.0297679,-0.0359783,0.0306472,0.0382529,0.0427447,0.0410545,0.0346858,0.0215125,0.00794779,0.00174376,-1.29787,-0.746387,0.435902,0.00273101,0.000301602,-0.00566357,0.000327156,0.000750242,-0.00134535,29.8876,0.00266203,10,0,182.88,155.185,128.079,105.81,86.1421,72.8229,64.1556,53.4026,0.00512371,0.0022406,0.00219817,0.00216822,0.0017291,0.00112898,0.000641366,0.000300768
4.515,-1.43248e-09,-1.18708e-09,0.94985,30,2.58105e-06,-6.50351e-08,-0.00783518,-0.0187074,-0.0294926,-0.0369779,-0.0389466,-0.0290774,-0.0175046,-0.00927706,-0.00717883,-0.00535723,-0.00907683,-0.0168309,-0.0245588,-0.0269048,-0.0296069,-0.0358913,0.030592,0.0381698,0.0426498,0.0409598,0.0345994,0.0214494,0.00791947,0.00173487,-1.29786,-0.746386,0.435874,0.00273175,0.000304837,-0.00566797,7.29778e-05,0.00060399,-0.000686384,29.8878,0.00264785,10,0,182.882,155.188,128.081,105.812,86.1432,72.8237,64.156,53.4027,0.00517501,0.00222521,0.00218747,0.00216751,0.00173592,0.00113418,0.000644808,0.000302921
4.52,-1.18214e-09,-1.04586e-09,0.94985,30,2.16909e-06,-6.5861e-08,-0.00782908,-0.0186685,-0.0294295,-0.0368965,-0.038857,-0.0290068,-0.0174608,-0.0092534,-0.00704572,-0.00510309,-0.0087621,-0.0164655,-0.0242251,-0.0266554,-0.029445,-0.0358038,0.0305367,0.0380868,0.042555,0.0408653,0.0345132,0.0213867,0.0078913,0.00172603,-1.29784,-0.746384,0.435845,0.00273144,0.000307467,-0.00566964,-9.48305e-05,0.000507373,-0.000251385,29.888,0.00263397,10,0,182.884,155.19,128.083,105.813,86.1439,72.8242,64.1563,53.4029,0.00520694,0.00221428,0.00217965,0.00216628,0.00173983,0.00113723,0.000646855,0.000304236
4.525,-9.33792e-10,-9.05691e-10,0.94985,30,1.76042e-06,-6.6669e-08,-0.0078229,-0.0186296,-0.0293665,-0.0368154,-0.0387677,-0.0289363,-0.0174171,-0.00922982,-0.00691148,-0.00485049,-0.0084487,-0.0161002,-0.02389,-0.026405,-0.0292823,-0.0357156,0.0304815,0.038004,0.0424605,0.0407712,0.0344273,0.0213242,0.00786328,0.00171726,-1.29783,-0.746383,0.435817,0.00273008,0.000309498,-0.00566862,-0.000344006,0.000363883,0.00039437,29.8883,0.00262042,10,0,182.886,155.192,128.085,105.815,86.145,72.825,64.1568,53.403,0.00525143,0.00219689,0.00216689,0.00216331,0.00174472,0.00114117,0.000649556,0.000306029
4.53,-6.87524e-10,-7.66636e-10,0.94985,30,1.35518e-06,-6.74593e-08,-0.00781664,-0.0185909,-0.0293037,-0.0367345,-0.0386786,-0.0288661,-0.0173736,-0.00920632,-0.0067762,-0.00459952,-0.00813676,-0.015735,-0.0235538,-0.0261535,-0.0291188,-0.0356269,0.0304263,0.0379214,0.0423662,0.0406772,0.0343417,0.0212619,0.00783542,0.00170854,-1.29782,-0.746381,0.435788,0.0027277,0.000310936,-0.00566493,-0.000508389,0.000269157,0.000820225,29.8885,0.00260718,10,0,182.887,155.194,128.087,105.816,86.1458,72.8255,64.1571,53.4032,0.00527883,0.00218465,0.00215772,0.00216059,0.00174734,0.00114337,0.000651111,0.000307104
4.535,-4.43432e-10,-6.28748e-10,0.94985,30,9.53542e-07,-6.82318e-08,-0.00781029,-0.0185522,-0.029241,-0.0366537,-0.0385898,-0.0287961,-0.0173302,-0.00918291,-0.00663994,-0.0043503,-0.00782643,-0.0153702,-0.0232166,-0.0259011,-0.0289547,-0.0355377,0.0303711,0.037839,0.0422721,0.0405835,0.0342563,0.0212,0.0078077,0.00169987,-1.2978,-0.746379,0.43576,0.0027243,0.000311787,-0.00565859,-0.000752198,0.000128642,0.00145183,29.8888,0.00259428,10,0,182.889,155.197,128.089,105.818,86.1469,72.8263,64.1575,53.4034,0.00531657,0.00216533,0.00214298,0.00215541,0.00175032,0.00114605,0.000653077,0.000308539
4.54,-2.0161e-10,-4.92079e-10,0.94985,30,5.55654e-07,-6.89866e-08,-0.00780385,-0.0185135,-0.0291784,-0.0365731,-0.0385012,-0.0287263,-0.0172869,-0.00915958,-0.00650279,-0.0041029,-0.00751781,-0.015006,-0.0228787,-0.025648,-0.0287899,-0.0354481,0.0303159,0.0377568,0.0421782,0.04049,0.0341713,0.0211383,0.00778012,0.00169127,-1.29779,-0.746378,0.435732,0.00271989,0.000312057,-0.00564966,-0.000912918,3.5946e-05,0.00186793,29.889,0.00258172,10,0,182.891,155.199,128.091,105.819,86.1476,72.8268,64.1578,53.4035,0.00533949,0.00215184,0.00213251,0.00215122,0.00175168,0.00114742,0.000654145,0.000309377
4.545,3.7854e-11,-3.56683e-10,0.94985,30,1.61664e-07,-6.97236e-08,-0.00779734,-0.018475,-0.029116,-0.0364928,-0.0384128,-0.0286568,-0.0172438,-0.00913634,-0.00636481,-0.00385745,-0.00721105,-0.0146425,-0.0225402,-0.0253943,-0.0286247,-0.0353581,0.0302607,0.0376747,0.0420845,0.0403968,0.0340865,0.0210769,0.00775269,0.00168272,-1.29778,-0.746376,0.435704,0.00271449,0.000311753,-0.00563814,-0.00115101,-0.000101389,0.00248448,29.8892,0.0025695,10,0,182.893,155.202,128.093,105.821,86.1488,72.8276,64.1583,53.4037,0.00537054,0.00213068,0.00211586,0.00214388,0.00175279,0.00114887,0.000655387,0.000310457
4.55,2.74872e-10,-2.22613e-10,0.94985,30,-2.28283e-07,-7.04431e-08,-0.00779074,-0.0184366,-0.0290537,-0.0364126,-0.0383247,-0.0285875,-0.0172009,-0.00911318,-0.00622608,-0.00361402,-0.00690627,-0.0142799,-0.0222012,-0.02514,-0.0284591,-0.0352677,0.0302055,0.0375928,0.041991,0.0403038,0.034002,0.0210157,0.00772541,0.00167422,-1.29776,-0.746375,0.435676,0.00270811,0.000310882,-0.00562408,-0.00130784,-0.000191921,0.00289025,29.8895,0.00255764,10,0,182.894,155.203,128.094,105.822,86.1495,72.8281,64.1586,53.4038,0.00538903,0.00211598,0.00210414,0.00213828,0.00175291,0.00114942,0.000655975,0.00031106
4.555,5.09357e-10,-8.99189e-11,0.94985,30,-6.14044e-07,-7.11449e-08,-0.00778407,-0.0183982,-0.0289915,-0.0363326,-0.0382369,-0.0285184,-0.0171581,-0.0090901,-0.00608667,-0.00337272,-0.00660359,-0.0139183,-0.0218619,-0.0248854,-0.0282931,-0.035177,0.0301504,0.037511,0.0418977,0.040211,0.0339177,0.0209549,0.00769828,0.00166578,-1.29775,-0.746373,0.435647,0.00270075,0.00030945,-0.00560751,-0.00153989,-0.000325883,0.00349092,29.8897,0.00254614,10,0,182.897,155.206,128.097,105.823,86.1506,72.8289,64.1591,53.404,0.00541346,0.00209307,0.00208565,0.00212884,0.00175216,0.00114964,0.000656502,0.000311789
4.56,7.41227e-10,4.13498e-11,0.94985,30,-9.95481e-07,-7.18292e-08,-0.00777732,-0.0183599,-0.0289295,-0.0362528,-0.0381492,-0.0284495,-0.0171154,-0.00906711,-0.00594666,-0.00313363,-0.00630313,-0.013558,-0.0215226,-0.0246306,-0.0281269,-0.035086,0.0300952,0.0374294,0.0418046,0.0401185,0.0338338,0.0208942,0.00767128,0.00165739,-1.29774,-0.746372,0.435619,0.00269244,0.000307466,-0.00558846,-0.00169262,-0.000414124,0.0038858,29.89,0.00253499,10,0,182.898,155.208,128.098,105.825,86.1514,72.8294,64.1594,53.4041,0.00542758,0.00207723,0.00207272,0.00212186,0.00175106,0.00114939,0.000656618,0.00031216
4.565,9.70399e-10,1.71144e-10,0.94985,30,-1.37246e-06,-7.24959e-08,-0.00777049,-0.0183217,-0.0288676,-0.0361731,-0.0380618,-0.0283809,-0.0170729,-0.00904419,-0.00580611,-0.00289685,-0.00600501,-0.0131989,-0.0211832,-0.0243756,-0.0279605,-0.0349949,0.03004,0.037348,0.0417117,0.0400262,0.0337501,0.0208339,0.00764443,0.00164906,-1.29772,-0.74637,0.435592,0.00268318,0.000304937,-0.00556697,-0.00191831,-0.000544527,0.00446978,29.8902,0.00252421,10,0,182.9,155.21,128.1,105.826,86.1525,72.8302,64.1598,53.4043,0.0054455,0.00205265,0.00205247,0.00211037,0.00174852,0.00114842,0.000656443,0.000312545
4.57,1.19679e-09,2.99418e-10,0.94985,30,-1.74485e-06,-7.31452e-08,-0.00776358,-0.0182835,-0.0288059,-0.0360937,-0.0379747,-0.0283124,-0.0170306,-0.00902136,-0.00566511,-0.00266246,-0.00570936,-0.0128414,-0.0208441,-0.0241206,-0.0277941,-0.0349035,0.0299849,0.0372668,0.0416191,0.0399342,0.0336666,0.0207738,0.00761772,0.00164078,-1.29771,-0.746369,0.435564,0.00267299,0.00030187,-0.00554308,-0.00206672,-0.000630357,0.00485327,29.8904,0.0025138,10,0,182.902,155.212,128.102,105.827,86.1532,72.8307,64.1601,53.4044,0.00545529,0.00203572,0.0020384,0.00210205,0.00174622,0.00114737,0.000656095,0.000312688
4.575,1.42033e-09,4.26124e-10,0.94985,30,-2.11252e-06,-7.37771e-08,-0.00775661,-0.0182455,-0.0287443,-0.0360144,-0.0378878,-0.0282442,-0.0169883,-0.00899861,-0.00552371,-0.00243055,-0.00541627,-0.0124856,-0.0205053,-0.0238657,-0.0276276,-0.0348121,0.0299298,0.0371857,0.0415266,0.0398424,0.0335835,0.020714,0.00759115,0.00163255,-1.2977,-0.746367,0.435536,0.00266189,0.000298273,-0.00551681,-0.00228577,-0.00075703,0.00541981,29.8907,0.00250376,10,0,182.904,155.215,128.104,105.829,86.1544,72.8315,64.1606,53.4046,0.0054668,0.00200956,0.00201647,0.0020886,0.00174191,0.00114523,0.000655231,0.000312733
4.58,1.64095e-09,5.51218e-10,0.94985,30,-2.47534e-06,-7.43916e-08,-0.00774956,-0.0182075,-0.0286828,-0.0359354,-0.0378011,-0.0281762,-0.0169463,-0.00897593,-0.005382,-0.0022012,-0.00512587,-0.0121316,-0.020167,-0.0236111,-0.0274612,-0.0347205,0.0298747,0.0371048,0.0414344,0.0397508,0.0335006,0.0206544,0.00756472,0.00162438,-1.29768,-0.746366,0.435509,0.00264989,0.000294153,-0.00548821,-0.00242968,-0.000840335,0.00579143,29.8909,0.00249409,10,0,182.905,155.216,128.105,105.83,86.1551,72.832,64.1609,53.4048,0.00547235,0.00199161,0.00200131,0.00207899,0.00173845,0.00114341,0.000654429,0.000312651
4.585,1.85855e-09,6.74657e-10,0.94985,30,-2.83321e-06,-7.49888e-08,-0.00774243,-0.0181696,-0.0286214,-0.0358565,-0.0377146,-0.0281084,-0.0169043,-0.00895334,-0.00524004,-0.0019745,-0.00483826,-0.0117796,-0.0198295,-0.0233568,-0.027295,-0.034629,0.0298196,0.0370241,0.0413424,0.0396595,0.033418,0.0205951,0.00753843,0.00161626,-1.29767,-0.746364,0.435481,0.00263699,0.00028952,-0.00545732,-0.0026418,-0.000963113,0.00633983,29.8911,0.00248479,10,0,182.908,155.219,128.107,105.832,86.1562,72.8328,64.1614,53.4049,0.00547755,0.00196396,0.00197778,0.00206363,0.0017324,0.00114012,0.000652892,0.000312363
4.59,2.07309e-09,7.96398e-10,0.94985,30,-3.18599e-06,-7.55689e-08,-0.00773524,-0.0181318,-0.0285602,-0.0357778,-0.0376284,-0.0280408,-0.0168625,-0.00893083,-0.00509791,-0.00175052,-0.00455355,-0.0114296,-0.0194927,-0.023103,-0.027129,-0.0345374,0.0297645,0.0369436,0.0412505,0.0395683,0.0333356,0.0205361,0.00751228,0.0016082,-1.29766,-0.746363,0.435454,0.00262323,0.000284381,-0.00542418,-0.00278103,-0.00104379,0.00669911,29.8914,0.00247586,10,0,182.909,155.22,128.109,105.833,86.157,72.8333,64.1617,53.4051,0.00547894,0.00194504,0.00196159,0.00205277,0.00172781,0.00113754,0.000651646,0.000312061
4.595,2.28448e-09,9.164e-10,0.94985,30,-3.53358e-06,-7.61317e-08,-0.00772798,-0.0180941,-0.0284991,-0.0356992,-0.0375424,-0.0279734,-0.0168209,-0.00890839,-0.00495566,-0.00152934,-0.00427184,-0.011082,-0.0191569,-0.0228497,-0.0269633,-0.0344459,0.0297094,0.0368632,0.0411589,0.0394775,0.0332535,0.0204773,0.00748626,0.00160018,-1.29764,-0.746361,0.435427,0.0026086,0.000278745,-0.00538881,-0.00298596,-0.00116252,0.00722872,29.8916,0.00246731,10,0,182.911,155.223,128.111,105.834,86.1581,72.8341,64.1621,53.4053,0.00547795,0.00191599,0.00193655,0.00203557,0.00172009,0.00113313,0.000649451,0.000311447
4.6,2.49266e-09,1.03462e-09,0.94985,30,-3.87587e-06,-7.66776e-08,-0.00772064,-0.0180564,-0.0284382,-0.0356209,-0.0374567,-0.0279063,-0.0167793,-0.00888603,-0.00481337,-0.00131104,-0.00399324,-0.0107367,-0.0188222,-0.0225972,-0.0267979,-0.0343545,0.0296544,0.036783,0.0410675,0.0393868,0.0331717,0.0204187,0.00746038,0.00159222,-1.29763,-0.74636,0.4354,0.00259313,0.000272621,-0.00535127,-0.00312034,-0.00124046,0.00757526,29.8918,0.00245912,10,0,182.913,155.224,128.112,105.836,86.1588,72.8346,64.1625,53.4054,0.00547526,0.00189618,0.00191937,0.00202352,0.00171439,0.00112983,0.000647772,0.00031093
4.605,2.69756e-09,1.15103e-09,0.94985,30,-4.21274e-06,-7.72064e-08,-0.00771325,-0.0180189,-0.0283773,-0.0355428,-0.0373712,-0.0278393,-0.016738,-0.00886375,-0.00467111,-0.00109569,-0.00371784,-0.0103939,-0.0184888,-0.0223454,-0.026633,-0.0342632,0.0295994,0.0367029,0.0409763,0.0392964,0.0330901,0.0203604,0.00743463,0.0015843,-1.29762,-0.746359,0.435374,0.00257684,0.000266016,-0.0053116,-0.00331784,-0.00135501,0.00808548,29.8921,0.00245129,10,0,182.915,155.227,128.114,105.837,86.16,72.8354,64.1629,53.4056,0.00546821,0.00186583,0.00189291,0.00200456,0.00170504,0.00112433,0.000644937,0.000309997
4.61,2.89913e-09,1.26558e-09,0.94985,30,-4.5441e-06,-7.77184e-08,-0.00770578,-0.0179814,-0.0283166,-0.0354648,-0.0372859,-0.0277726,-0.0166967,-0.00884155,-0.00452894,-0.000883356,-0.00344574,-0.0100539,-0.0181568,-0.0220946,-0.0264687,-0.0341721,0.0295444,0.0366231,0.0408853,0.0392062,0.0330088,0.0203024,0.00740902,0.00157644,-1.2976,-0.746357,0.435347,0.00255973,0.000258941,-0.00526983,-0.00344722,-0.00143013,0.00841889,29.8923,0.00244383,10,0,182.916,155.228,128.116,105.838,86.1607,72.8359,64.1632,53.4057,0.00546153,0.00184519,0.00187482,0.00199136,0.00169828,0.00112031,0.000642838,0.000309271
4.615,3.0973e-09,1.37824e-09,0.94985,30,-4.86986e-06,-7.82136e-08,-0.00769825,-0.017944,-0.0282561,-0.035387,-0.0372008,-0.027706,-0.0166556,-0.00881942,-0.00438694,-0.000674112,-0.00317704,-0.00971661,-0.0178264,-0.0218448,-0.0263049,-0.0340812,0.0294894,0.0365434,0.0407945,0.0391163,0.0329277,0.0202446,0.00738354,0.00156863,-1.29759,-0.746356,0.435321,0.00254183,0.000251404,-0.00522601,-0.00363708,-0.00154035,0.00890915,29.8925,0.00243673,10,0,182.919,155.231,128.118,105.84,86.1618,72.8367,64.1637,53.4059,0.00544858,0.00181364,0.00184702,0.00197072,0.00168735,0.00111375,0.00063938,0.000308027
4.62,3.29202e-09,1.48898e-09,0.94985,30,-5.1899e-06,-7.8692e-08,-0.00769065,-0.0179066,-0.0281957,-0.0353094,-0.037116,-0.0276397,-0.0166147,-0.00879737,-0.00424515,-0.000468023,-0.00291182,-0.00938227,-0.0174977,-0.0215962,-0.0261418,-0.0339906,0.0294345,0.0364638,0.0407039,0.0390265,0.0328469,0.020187,0.00735819,0.00156087,-1.29758,-0.746355,0.435295,0.00252315,0.000243413,-0.00518018,-0.0037613,-0.00161256,0.00922908,29.8928,0.00242997,10,0,182.92,155.232,128.119,105.841,86.1625,72.8372,64.164,53.406,0.005438,0.00179223,0.00182807,0.00195642,0.00167955,0.00110904,0.000636872,0.000307097
4.625,3.48322e-09,1.59776e-09,0.94985,30,-5.50414e-06,-7.91538e-08,-0.00768299,-0.0178694,-0.0281354,-0.035232,-0.0370314,-0.0275736,-0.0165738,-0.00877539,-0.00410366,-0.000265154,-0.00265018,-0.009051,-0.0171708,-0.0213488,-0.0259795,-0.0339003,0.0293795,0.0363845,0.0406136,0.038937,0.0327664,0.0201297,0.00733298,0.00155316,-1.29757,-0.746354,0.435269,0.00250371,0.00023498,-0.00513238,-0.00394331,-0.00171834,0.00969889,29.893,0.00242357,10,0,182.922,155.234,128.121,105.842,86.1636,72.838,64.1644,53.4062,0.00541928,0.00175958,0.00179904,0.00193418,0.0016671,0.00110147,0.000632812,0.000305551
4.63,3.67086e-09,1.70455e-09,0.94985,30,-5.8125e-06,-7.95992e-08,-0.00767527,-0.0178322,-0.0280752,-0.0351547,-0.036947,-0.0275076,-0.0165331,-0.00875349,-0.00396252,-6.5566e-05,-0.0023922,-0.00872291,-0.0168459,-0.0211027,-0.0258179,-0.0338103,0.0293246,0.0363053,0.0405234,0.0388478,0.0326861,0.0200726,0.00730789,0.0015455,-1.29755,-0.746352,0.435244,0.00248352,0.000226112,-0.00508265,-0.00406226,-0.00178757,0.010005,29.8932,0.00241751,10,0,182.924,155.236,128.122,105.843,86.1643,72.8385,64.1647,53.4064,0.00540492,0.00173747,0.0017793,0.00191884,0.0016583,0.00109609,0.00062991,0.000304422
4.635,3.85489e-09,1.80932e-09,0.94985,30,-6.11489e-06,-8.00281e-08,-0.00766749,-0.0177951,-0.0280152,-0.0350776,-0.0368628,-0.0274419,-0.0164926,-0.00873166,-0.0038218,0.00013068,-0.00213797,-0.00839812,-0.016523,-0.0208581,-0.0256572,-0.0337207,0.0292698,0.0362263,0.0404334,0.0387587,0.032606,0.0200158,0.00728294,0.00153789,-1.29754,-0.746351,0.435218,0.0024626,0.000216819,-0.00503104,-0.00423624,-0.0018888,0.0104539,29.8935,0.00241178,10,0,182.926,155.238,128.124,105.845,86.1654,72.8393,64.1652,53.4066,0.00538059,0.00170383,0.00174912,0.00189508,0.00164439,0.00108753,0.000625267,0.000302583
4.64,4.03525e-09,1.91203e-09,0.94985,30,-6.41123e-06,-8.04407e-08,-0.00765965,-0.0177581,-0.0279552,-0.0350007,-0.0367789,-0.0273764,-0.0164521,-0.00870991,-0.00368156,0.000323526,-0.00188756,-0.00807676,-0.0162024,-0.0206151,-0.0254975,-0.0336315,0.0292149,0.0361474,0.0403437,0.0386699,0.0325262,0.0199592,0.00725811,0.00153032,-1.29753,-0.74635,0.435193,0.00244096,0.000207112,-0.0049776,-0.00434979,-0.00195497,0.010746,29.8937,0.00240638,10,0,182.927,155.239,128.125,105.846,86.1661,72.8398,64.1655,53.4067,0.00536254,0.00168109,0.00172864,0.00187875,0.00163464,0.00108151,0.000621983,0.000301263
4.645,4.2119e-09,2.01267e-09,0.94985,30,-6.70143e-06,-8.08371e-08,-0.00765175,-0.0177212,-0.0278955,-0.034924,-0.0366952,-0.0273111,-0.0164118,-0.00868823,-0.00354186,0.000512918,-0.00164105,-0.00775895,-0.0158842,-0.0203736,-0.0253388,-0.0335428,0.0291601,0.0360688,0.0402541,0.0385813,0.0324467,0.0199029,0.00723341,0.00152281,-1.29752,-0.746349,0.435169,0.00241863,0.000196999,-0.00492237,-0.00451557,-0.00205156,0.0111735,29.8939,0.00240131,10,0,182.929,155.242,128.127,105.847,86.1672,72.8405,64.1659,53.4069,0.00533278,0.00164655,0.00169742,0.00185355,0.00161931,0.00107201,0.00061678,0.000299141
4.65,4.38478e-09,2.1112e-09,0.94985,30,-6.98544e-06,-8.12174e-08,-0.00764379,-0.0176843,-0.0278358,-0.0348475,-0.0366117,-0.0272459,-0.0163716,-0.00866662,-0.00340276,0.000698801,-0.00139853,-0.00744479,-0.0155684,-0.020134,-0.0251811,-0.0334546,0.0291054,0.0359903,0.0401647,0.038493,0.0323674,0.0198468,0.00720884,0.00151534,-1.29751,-0.746348,0.435144,0.00239563,0.00018649,-0.00486538,-0.00462362,-0.0021146,0.0114512,29.8941,0.00239654,10,0,182.931,155.243,128.128,105.848,86.1679,72.841,64.1662,53.407,0.00531116,0.00162326,0.00167628,0.00183629,0.00160864,0.00106536,0.00061313,0.000297634
4.655,4.55387e-09,2.2076e-09,0.94985,30,-7.26318e-06,-8.15817e-08,-0.00763577,-0.0176475,-0.0277763,-0.0347711,-0.0365284,-0.027181,-0.0163316,-0.00864509,-0.00326431,0.000881125,-0.00116005,-0.00713439,-0.0152553,-0.0198961,-0.0250246,-0.0333669,0.0290506,0.0359119,0.0400756,0.0384048,0.0322884,0.0197909,0.0071844,0.00150792,-1.29749,-0.746347,0.43512,0.00237196,0.000175596,-0.0048067,-0.00478105,-0.00220645,0.0118571,29.8944,0.00239208,10,0,182.933,155.245,128.13,105.85,86.1689,72.8418,64.1667,53.4072,0.00527612,0.00158794,0.00164412,0.00180974,0.00159198,0.00105496,0.000607387,0.000295239
4.66,4.71913e-09,2.30184e-09,0.94985,30,-7.53458e-06,-8.19303e-08,-0.00762769,-0.0176108,-0.0277169,-0.0346949,-0.0364453,-0.0271163,-0.0162917,-0.00862363,-0.00312659,0.00105984,-0.000925703,-0.00682786,-0.0149449,-0.0196602,-0.0248693,-0.0332797,0.0289959,0.0358338,0.0399866,0.0383169,0.0322096,0.0197352,0.00716008,0.00150055,-1.29748,-0.746347,0.435096,0.00234765,0.000164326,-0.00474636,-0.0048835,-0.00226632,0.0121203,29.8946,0.00238791,10,0,182.934,155.246,128.131,105.851,86.1696,72.8423,64.167,53.4073,0.00525105,0.00156416,0.00162238,0.00179161,0.00158043,0.00104772,0.000603385,0.000293554
4.665,4.8805e-09,2.39391e-09,0.94985,30,-7.79958e-06,-8.22631e-08,-0.00761956,-0.0175742,-0.0276577,-0.0346189,-0.0363625,-0.0270518,-0.0162519,-0.00860224,-0.00298964,0.0012349,-0.000695543,-0.00652531,-0.0146373,-0.0194263,-0.0247152,-0.0331932,0.0289412,0.0357558,0.0398979,0.0382292,0.032131,0.0196798,0.00713588,0.00149322,-1.29747,-0.746346,0.435073,0.00232271,0.00015269,-0.00468441,-0.00503247,-0.00235336,0.0125042,29.8948,0.00238402,10,0,182.937,155.248,128.133,105.852,86.1707,72.843,64.1674,53.4075,0.00521092,0.00152818,0.00158937,0.0017638,0.00156249,0.00103645,0.000597127,0.000290897
4.67,5.03796e-09,2.48377e-09,0.94985,30,-8.05812e-06,-8.25803e-08,-0.00761138,-0.0175377,-0.0275985,-0.0345431,-0.0362799,-0.0269874,-0.0162123,-0.00858092,-0.00285352,0.00140626,-0.000469638,-0.00622684,-0.0143327,-0.0191945,-0.0245625,-0.0331072,0.0288866,0.035678,0.0398094,0.0381418,0.0320527,0.0196247,0.00711181,0.00148595,-1.29746,-0.746345,0.435049,0.00229716,0.000140698,-0.00462089,-0.00512924,-0.00241,0.0127526,29.8951,0.00238041,10,0,182.938,155.249,128.134,105.853,86.1713,72.8435,64.1677,53.4076,0.00518252,0.00150399,0.00156711,0.00174486,0.00155011,0.00102865,0.000592788,0.00028904
4.675,5.19147e-09,2.57141e-09,0.94985,30,-8.31016e-06,-8.2882e-08,-0.00760314,-0.0175012,-0.0275395,-0.0344675,-0.0361975,-0.0269233,-0.0161727,-0.00855967,-0.0027183,0.00157388,-0.000248051,-0.00593254,-0.0140311,-0.018965,-0.0244111,-0.033022,0.028832,0.0356003,0.039721,0.0380545,0.0319747,0.0195697,0.00708786,0.00147872,-1.29745,-0.746344,0.435026,0.00227103,0.000128361,-0.00455585,-0.00526962,-0.00249215,0.0131142,29.8953,0.00237706,10,0,182.94,155.251,128.136,105.855,86.1723,72.8442,64.1681,53.4078,0.00513749,0.00146746,0.00153336,0.00171587,0.00153095,0.00101656,0.000586037,0.00028613
4.68,5.341e-09,2.65681e-09,0.94985,30,-8.55563e-06,-8.31684e-08,-0.00759485,-0.0174648,-0.0274807,-0.034392,-0.0361153,-0.0268593,-0.0161333,-0.0085385,-0.00258401,0.00173772,-3.08403e-05,-0.00564252,-0.0137328,-0.0187377,-0.0242612,-0.0329375,0.0287774,0.0355228,0.0396329,0.0379675,0.0318969,0.019515,0.00706403,0.00147153,-1.29744,-0.746344,0.435004,0.00224432,0.000115689,-0.00448935,-0.00536064,-0.00254553,0.0133477,29.8955,0.00237397,10,0,182.942,155.252,128.137,105.855,86.173,72.8447,64.1684,53.4079,0.00510588,0.00144294,0.00151064,0.00169618,0.00151779,0.00100823,0.000581379,0.000284109
4.685,5.48652e-09,2.73996e-09,0.94985,30,-8.79449e-06,-8.34397e-08,-0.0075865,-0.0174285,-0.0274219,-0.0343167,-0.0360333,-0.0267956,-0.016094,-0.00851739,-0.00245072,0.00189774,0.000181936,-0.00535686,-0.0134377,-0.0185128,-0.0241127,-0.0328537,0.0287229,0.0354455,0.039545,0.0378807,0.0318193,0.0194605,0.00704033,0.00146439,-1.29742,-0.746343,0.434982,0.00221705,0.000102692,-0.00442142,-0.00549235,-0.00262275,0.0136869,29.8957,0.00237111,10,0,182.944,155.254,128.138,105.857,86.174,72.8454,64.1688,53.4081,0.00505613,0.00140598,0.00147626,0.00166611,0.00149748,0.000995346,0.00057416,0.000280958
4.69,5.62801e-09,2.82082e-09,0.94985,30,-9.0267e-06,-8.36958e-08,-0.00757811,-0.0173923,-0.0273633,-0.0342415,-0.0359516,-0.026732,-0.0160549,-0.00849635,-0.00231848,0.0020539,0.000390225,-0.00507565,-0.0131461,-0.0182903,-0.0239658,-0.0327706,0.0286684,0.0353684,0.0394572,0.0377941,0.031742,0.0194062,0.00701674,0.0014573,-1.29741,-0.746343,0.43496,0.00218926,8.93803e-05,-0.00435211,-0.00557757,-0.00267282,0.0139053,29.896,0.00236849,10,0,182.945,155.255,128.139,105.858,86.1747,72.8458,64.1691,53.4082,0.00502145,0.00138122,0.00145316,0.00164573,0.00148358,0.00098651,0.000569198,0.000278781
4.695,5.76544e-09,2.8994e-09,0.94985,30,-9.25221e-06,-8.39371e-08,-0.00756966,-0.0173561,-0.0273048,-0.0341666,-0.03587,-0.0266686,-0.0160159,-0.00847538,-0.00218734,0.00220617,0.000593974,-0.00479898,-0.0128579,-0.0180703,-0.0238205,-0.0326884,0.028614,0.0352914,0.0393697,0.0377078,0.0316649,0.0193522,0.00699327,0.00145025,-1.2974,-0.746342,0.434938,0.00216094,7.57645e-05,-0.00428147,-0.00570053,-0.00274505,0.0142219,29.8962,0.00236608,10,0,182.947,155.257,128.141,105.859,86.1756,72.8465,64.1695,53.4084,0.00496719,0.00134394,0.00141827,0.00161468,0.00146219,0.000972895,0.000561536,0.000275401
4.7,5.89878e-09,2.97567e-09,0.94985,30,-9.47099e-06,-8.41636e-08,-0.00756117,-0.01732,-0.0272464,-0.0340918,-0.0357887,-0.0266054,-0.015977,-0.00845448,-0.00205735,0.00235453,0.000793135,-0.00452693,-0.0125734,-0.017853,-0.0236768,-0.0326069,0.0285595,0.0352146,0.0392824,0.0376216,0.031588,0.0192983,0.00696993,0.00144324,-1.29739,-0.746342,0.434917,0.00213213,6.18548e-05,-0.00420955,-0.0057799,-0.00279179,0.0144252,29.8964,0.00236388,10,0,182.948,155.258,128.142,105.86,86.1763,72.847,64.1698,53.4085,0.00492956,0.00131903,0.00139486,0.00159368,0.0014476,0.000963584,0.000556287,0.000273074
4.705,6.02802e-09,3.04962e-09,0.94985,30,-9.68301e-06,-8.43755e-08,-0.00755262,-0.017284,-0.0271882,-0.0340172,-0.0357076,-0.0265424,-0.0159382,-0.00843365,-0.00192856,0.00249893,0.000987661,-0.00425958,-0.0122925,-0.0176384,-0.0235349,-0.0325264,0.0285052,0.035138,0.0391953,0.0375357,0.0315114,0.0192447,0.0069467,0.00143629,-1.29738,-0.746342,0.434896,0.00210283,4.76618e-05,-0.00413639,-0.00589406,-0.00285901,0.014719,29.8966,0.00236187,10,0,182.95,155.26,128.143,105.861,86.1772,72.8476,64.1702,53.4087,0.004871,0.00128158,0.00135957,0.00156174,0.00142521,0.000949278,0.000548207,0.000269476
4.71,6.15314e-09,3.12124e-09,0.94985,30,-9.88824e-06,-8.45729e-08,-0.00754403,-0.0172481,-0.0271301,-0.0339427,-0.0356267,-0.0264796,-0.0158995,-0.00841289,-0.00180102,0.00263936,0.00117751,-0.00399702,-0.0120154,-0.0174265,-0.0233947,-0.0324467,0.0284509,0.0350615,0.0391084,0.03745,0.031435,0.0191913,0.00692358,0.00142937,-1.29737,-0.746342,0.434876,0.00207307,3.3196e-05,-0.00406205,-0.00596755,-0.0029024,0.0149071,29.8968,0.00236005,10,0,182.952,155.261,128.144,105.862,86.1778,72.8481,64.1705,53.4088,0.00483056,0.00125659,0.00133594,0.00154018,0.00140996,0.000939522,0.000542689,0.000267008
4.715,6.27412e-09,3.19053e-09,0.94985,30,-1.00866e-05,-8.4756e-08,-0.00753539,-0.0172122,-0.0270721,-0.0338685,-0.035546,-0.0264169,-0.015861,-0.00839219,-0.00167478,0.00277579,0.00136264,-0.00373931,-0.0117422,-0.0172174,-0.0232562,-0.032368,0.0283966,0.0349852,0.0390216,0.0373645,0.0313589,0.0191382,0.00690059,0.0014225,-1.29736,-0.746341,0.434855,0.00204287,1.84678e-05,-0.00398656,-0.00607287,-0.00296457,0.0151781,29.8971,0.0023584,10,0,182.954,155.262,128.146,105.863,86.1788,72.8487,64.1709,53.409,0.00476789,0.00121911,0.00130038,0.00150745,0.00138664,0.000924573,0.000534218,0.000263206
4.72,6.39095e-09,3.25746e-09,0.94985,30,-1.02782e-05,-8.4925e-08,-0.00752671,-0.0171764,-0.0270142,-0.0337944,-0.0354655,-0.0263545,-0.0158226,-0.00837156,-0.00154987,0.00290819,0.00154301,-0.00348652,-0.011473,-0.0170112,-0.0231197,-0.0322901,0.0283423,0.0349091,0.0389351,0.0372793,0.031283,0.0190852,0.00687771,0.00141567,-1.29735,-0.746341,0.434836,0.00201224,3.48786e-06,-0.00390998,-0.00614046,-0.00300459,0.0153509,29.8973,0.0023569,10,0,182.955,155.263,128.146,105.864,86.1794,72.8492,64.1711,53.4091,0.00472479,0.00119415,0.0012766,0.0014854,0.0013708,0.000914404,0.000528448,0.000260605
4.725,6.50361e-09,3.32204e-09,0.94985,30,-1.04629e-05,-8.508e-08,-0.00751798,-0.0171407,-0.0269565,-0.0337204,-0.0353852,-0.0262922,-0.0157843,-0.008351,-0.00142635,0.00303656,0.0017186,-0.00323872,-0.0112079,-0.016808,-0.022985,-0.0322133,0.0282881,0.0348332,0.0388488,0.0371942,0.0312073,0.0190325,0.00685494,0.00140889,-1.29734,-0.746341,0.434816,0.0019812,-1.17334e-05,-0.00383236,-0.00623693,-0.00306172,0.015599,29.8975,0.00235555,10,0,182.957,155.264,128.148,105.865,86.1803,72.8498,64.1715,53.4093,0.00465822,0.00115679,0.00124089,0.00145199,0.00134662,0.00089886,0.000519613,0.000256609
4.73,6.61209e-09,3.38425e-09,0.94985,30,-1.06407e-05,-8.52211e-08,-0.0075092,-0.0171051,-0.0268989,-0.0336467,-0.0353051,-0.0262301,-0.0157461,-0.00833051,-0.00130427,0.00316086,0.00188935,-0.00299599,-0.0109468,-0.0166078,-0.0228522,-0.0321374,0.028234,0.0347574,0.0387627,0.0371094,0.0311318,0.01898,0.00683229,0.00140215,-1.29733,-0.746342,0.434797,0.00194977,-2.71854e-05,-0.00375373,-0.0062986,-0.00309836,0.0157567,29.8977,0.00235433,10,0,182.958,155.265,128.149,105.866,86.1808,72.8502,64.1718,53.4094,0.0046126,0.00113196,0.00121707,0.00142951,0.00133023,0.00088831,0.000513609,0.000253884
4.735,6.7164e-09,3.44409e-09,0.94985,30,-1.08117e-05,-8.53486e-08,-0.00750038,-0.0170696,-0.0268414,-0.0335731,-0.0352253,-0.0261682,-0.015708,-0.00831008,-0.00118365,0.00328108,0.00205525,-0.00275837,-0.01069,-0.0164107,-0.0227215,-0.0320626,0.0281799,0.0346817,0.0386768,0.0370248,0.0310566,0.0189277,0.00680976,0.00139545,-1.29732,-0.746342,0.434779,0.00191798,-4.28576e-05,-0.00367416,-0.00638621,-0.00315042,0.0159819,29.8979,0.00235324,10,0,182.96,155.267,128.15,105.867,86.1817,72.8509,64.1721,53.4096,0.00454236,0.00109488,0.00118134,0.00139552,0.00130527,0.00087222,0.000504438,0.000249707
4.74,6.81651e-09,3.50156e-09,0.94985,30,-1.09757e-05,-8.54625e-08,-0.00749152,-0.0170341,-0.0267841,-0.0334997,-0.0351456,-0.0261065,-0.0156701,-0.00828971,-0.00106455,0.0033972,0.00221627,-0.00252593,-0.0104375,-0.0162168,-0.0225927,-0.0319888,0.0281258,0.0346063,0.038591,0.0369404,0.0309816,0.0188756,0.00678733,0.00138879,-1.29731,-0.746342,0.434761,0.00188583,-5.87395e-05,-0.00359369,-0.00644197,-0.00318369,0.0161243,29.8982,0.00235225,10,0,182.961,155.268,128.151,105.868,86.1823,72.8513,64.1724,53.4097,0.00449436,0.00107029,0.00115756,0.00137269,0.00128839,0.000861323,0.000498218,0.000246866
4.745,6.91244e-09,3.55665e-09,0.94985,30,-1.11329e-05,-8.55631e-08,-0.00748261,-0.0169987,-0.0267268,-0.0334264,-0.0350661,-0.026045,-0.0156322,-0.00826941,-0.000947009,0.00350923,0.00237238,-0.00229872,-0.0101894,-0.016026,-0.022466,-0.0319161,0.0280718,0.034531,0.0385055,0.0368562,0.0309069,0.0188237,0.00676502,0.00138218,-1.2973,-0.746342,0.434743,0.00185335,-7.48205e-05,-0.00351236,-0.00652073,-0.0032307,0.0163268,29.8984,0.00235136,10,0,182.963,155.269,128.152,105.869,86.1831,72.8519,64.1727,53.4098,0.00442066,0.00103367,0.00112197,0.00133823,0.00126273,0.000844736,0.000488738,0.000242522
4.75,7.00416e-09,3.60936e-09,0.94985,30,-1.12831e-05,-8.56506e-08,-0.00747366,-0.0169633,-0.0266697,-0.0333533,-0.0349869,-0.0259836,-0.0155945,-0.00824918,-0.000831059,0.00361714,0.00252357,-0.0020768,-0.00994569,-0.0158386,-0.0223414,-0.0318445,0.0280179,0.0344559,0.0384202,0.0367722,0.0308323,0.018772,0.00674282,0.00137561,-1.29729,-0.746343,0.434726,0.00182055,-9.10901e-05,-0.00343022,-0.0065706,-0.00326059,0.016454,29.8986,0.00235056,10,0,182.964,155.27,128.152,105.869,86.1837,72.8523,64.173,53.4099,0.00437043,0.00100945,0.00109832,0.00131513,0.00124541,0.000833526,0.000482323,0.000239574
4.755,7.0917e-09,3.6597e-09,0.94985,30,-1.14264e-05,-8.57251e-08,-0.00746467,-0.0169281,-0.0266127,-0.0332804,-0.0349078,-0.0259224,-0.0155569,-0.00822901,-0.000716741,0.00372092,0.0026698,-0.00186021,-0.00970651,-0.0156544,-0.0222189,-0.031774,0.027964,0.0343809,0.0383351,0.0366885,0.030758,0.0187205,0.00672072,0.00136908,-1.29728,-0.746343,0.434709,0.00178746,-0.000107538,-0.00334732,-0.00664055,-0.00330256,0.0166337,29.8988,0.00234983,10,0,182.966,155.271,128.154,105.87,86.1845,72.8529,64.1733,53.4101,0.0042935,0.000973472,0.00106303,0.00128032,0.00121912,0.000816496,0.000472563,0.000235075
4.76,7.17504e-09,3.70765e-09,0.94985,30,-1.15628e-05,-8.57867e-08,-0.00745564,-0.0168929,-0.0265559,-0.0332076,-0.034829,-0.0258614,-0.0155195,-0.0082089,-0.000604092,0.00382058,0.00281106,-0.00164901,-0.0094719,-0.0154736,-0.0220986,-0.0317046,0.0279101,0.0343061,0.0382501,0.0366049,0.0306839,0.0186693,0.00669874,0.00136259,-1.29728,-0.746344,0.434692,0.00175409,-0.000124153,-0.00326371,-0.00668454,-0.0033291,0.0167459,29.899,0.00234916,10,0,182.967,155.271,128.154,105.871,86.185,72.8532,64.1736,53.4102,0.00424119,0.000949757,0.00103964,0.00125702,0.00120141,0.000805007,0.00046597,0.000232029
4.765,7.25419e-09,3.75322e-09,0.94985,30,-1.16924e-05,-8.58357e-08,-0.00744657,-0.0168578,-0.0264991,-0.0331351,-0.0347503,-0.0258006,-0.0154821,-0.00818886,-0.000493149,0.00391611,0.00294734,-0.00144323,-0.00924193,-0.0152963,-0.0219805,-0.0316364,0.0278563,0.0342315,0.0381654,0.0365216,0.0306101,0.0186182,0.00667687,0.00135614,-1.29727,-0.746344,0.434676,0.00172045,-0.000140926,-0.00317943,-0.00674573,-0.00336605,0.016903,29.8993,0.00234854,10,0,182.969,155.272,128.155,105.872,86.1858,72.8538,64.1739,53.4104,0.00416126,0.000914651,0.0010048,0.00122196,0.00117459,0.000787586,0.00045596,0.00022739
4.77,7.32917e-09,3.79642e-09,0.94985,30,-1.1815e-05,-8.58722e-08,-0.00743746,-0.0168227,-0.0264425,-0.0330626,-0.0346719,-0.0257399,-0.0154448,-0.00816888,-0.000383945,0.0040075,0.00307863,-0.00124291,-0.00901666,-0.0151224,-0.0218646,-0.0315693,0.0278025,0.0341571,0.0380809,0.0364385,0.0305365,0.0185674,0.0066551,0.00134974,-1.29726,-0.746345,0.43466,0.00168658,-0.000157845,-0.00309454,-0.00678388,-0.00338925,0.0170002,29.8995,0.00234796,10,0,182.97,155.273,128.156,105.873,86.1863,72.8542,64.1741,53.4105,0.00410702,0.000891596,0.000981784,0.00119855,0.00115656,0.000775854,0.00044921,0.000224253
4.775,7.39996e-09,3.83725e-09,0.94985,30,-1.19308e-05,-8.58965e-08,-0.00742831,-0.0167878,-0.026386,-0.0329904,-0.0345936,-0.0256795,-0.0154077,-0.00814896,-0.000276514,0.00409476,0.00320492,-0.0010481,-0.00879614,-0.014952,-0.0217509,-0.0315035,0.0277488,0.0340828,0.0379965,0.0363555,0.030463,0.0185167,0.00663345,0.00134337,-1.29725,-0.746346,0.434645,0.00165248,-0.000174901,-0.00300907,-0.00683636,-0.00342122,0.017135,29.8997,0.00234741,10,0,182.972,155.274,128.157,105.874,86.187,72.8547,64.1745,53.4106,0.00402431,0.000857606,0.000947606,0.00116338,0.00112928,0.000758097,0.000438979,0.000219487
4.78,7.4666e-09,3.87571e-09,0.94985,30,-1.20397e-05,-8.59086e-08,-0.00741913,-0.0167529,-0.0263296,-0.0329183,-0.0345156,-0.0256191,-0.0153707,-0.00812911,-0.000170889,0.00417788,0.00332619,-0.000858832,-0.00858044,-0.0147852,-0.0216396,-0.0314389,0.0276952,0.0340087,0.0379124,0.0362728,0.0303899,0.0184663,0.0066119,0.00133704,-1.29724,-0.746347,0.43463,0.00161818,-0.000192083,-0.00292307,-0.00686873,-0.0034411,0.0172173,29.8999,0.00234688,10,0,182.973,155.275,128.157,105.874,86.1875,72.8551,64.1747,53.4107,0.0039683,0.000835386,0.000925089,0.00113993,0.00111097,0.00074616,0.000432092,0.000216271
4.785,7.52908e-09,3.91181e-09,0.94985,30,-1.21418e-05,-8.59089e-08,-0.00740991,-0.0167181,-0.0262733,-0.0328464,-0.0344377,-0.025559,-0.0153338,-0.00810931,-6.70997e-05,0.00425688,0.00344245,-0.000675129,-0.00836959,-0.014622,-0.0215306,-0.0313755,0.0276416,0.0339347,0.0378285,0.0361903,0.0303169,0.018416,0.00659045,0.00133076,-1.29723,-0.746348,0.434616,0.00158368,-0.00020938,-0.00283659,-0.00691259,-0.00346814,0.0173299,29.9001,0.00234635,10,0,182.974,155.276,128.158,105.875,86.1882,72.8556,64.175,53.4108,0.00388305,0.000802794,0.000891776,0.00110479,0.00108334,0.000728122,0.000421672,0.000211392
4.79,7.58742e-09,3.94555e-09,0.94985,30,-1.22371e-05,-8.58974e-08,-0.00740065,-0.0166833,-0.0262172,-0.0327746,-0.0343601,-0.025499,-0.015297,-0.00808958,3.48235e-05,0.00433176,0.00355369,-0.000497023,-0.00816366,-0.0144625,-0.021424,-0.0313133,0.027588,0.0338609,0.0377447,0.0361081,0.0302442,0.018366,0.00656911,0.00132451,-1.29723,-0.746349,0.434602,0.00154902,-0.000226783,-0.00274968,-0.00693922,-0.00348473,0.0173974,29.9003,0.00234581,10,0,182.975,155.276,128.159,105.876,86.1887,72.8559,64.1752,53.4109,0.00382542,0.000781608,0.000869913,0.0010814,0.00106482,0.000716018,0.000414669,0.000208105
4.795,7.64164e-09,3.97695e-09,0.94985,30,-1.23257e-05,-8.58743e-08,-0.00739135,-0.0166486,-0.0261612,-0.032703,-0.0342826,-0.0254392,-0.0152603,-0.00806991,0.000134852,0.00440252,0.00365991,-0.000324541,-0.00796269,-0.0143066,-0.0213197,-0.0312525,0.0275345,0.0337873,0.0376611,0.036026,0.0301716,0.0183161,0.00654788,0.0013183,-1.29722,-0.74635,0.434589,0.00151421,-0.000244282,-0.00266238,-0.00697454,-0.00350688,0.0174881,29.9005,0.00234527,10,0,182.977,155.277,128.16,105.876,86.1894,72.8564,64.1755,53.4111,0.00373786,0.000750736,0.000837702,0.00104643,0.00103691,0.000697759,0.000404091,0.000203128
4.8,7.69176e-09,4.00601e-09,0.94985,30,-1.24074e-05,-8.58399e-08,-0.00738202,-0.016614,-0.0261053,-0.0326316,-0.0342054,-0.0253796,-0.0152237,-0.0080503,0.000232958,0.00446918,0.00376111,-0.000157704,-0.00776671,-0.0141544,-0.0212178,-0.0311929,0.0274811,0.0337138,0.0375778,0.0359441,0.0300993,0.0182665,0.00652675,0.00131213,-1.29721,-0.746352,0.434575,0.00147926,-0.000261866,-0.00257474,-0.0069955,-0.00352022,0.0175412,29.9008,0.0023447,10,0,182.978,155.277,128.16,105.877,86.1898,72.8567,64.1757,53.4112,0.00367878,0.000730815,0.00081666,0.0010232,0.00101825,0.000685528,0.000396994,0.00019978
4.805,7.73778e-09,4.03275e-09,0.94985,30,-1.24825e-05,-8.57943e-08,-0.00737265,-0.0165795,-0.0260495,-0.0325603,-0.0341283,-0.0253202,-0.0151872,-0.00803076,0.000329117,0.00453174,0.0038573,3.46699e-06,-0.00757578,-0.014006,-0.0211184,-0.0311346,0.0274277,0.0336405,0.0374946,0.0358624,0.0300272,0.018217,0.00650572,0.001306,-1.2972,-0.746353,0.434563,0.00144419,-0.000279524,-0.0024868,-0.0070224,-0.00353754,0.0176102,29.901,0.00234409,10,0,182.979,155.278,128.161,105.878,86.1905,72.8572,64.176,53.4113,0.00358915,0.000702028,0.000785821,0.000988541,0.000990168,0.000667108,0.000386291,0.000194718
4.81,7.77974e-09,4.05716e-09,0.94985,30,-1.25508e-05,-8.57377e-08,-0.00736325,-0.016545,-0.0259939,-0.0324892,-0.0340514,-0.0252609,-0.0151509,-0.00801127,0.000423301,0.00459022,0.00394849,0.000158956,-0.00738992,-0.0138613,-0.0210214,-0.0310776,0.0273744,0.0335674,0.0374116,0.035781,0.0299553,0.0181677,0.00648479,0.00129991,-1.2972,-0.746354,0.434551,0.00140902,-0.000297249,-0.0023986,-0.00703777,-0.00354768,0.017649,29.9012,0.00234345,10,0,182.98,155.278,128.161,105.878,86.1909,72.8575,64.1762,53.4114,0.00352877,0.000683632,0.00076579,0.000965583,0.000971418,0.00065479,0.000379122,0.00019132
4.815,7.81767e-09,4.07928e-09,0.94985,30,-1.26125e-05,-8.56704e-08,-0.00735382,-0.0165106,-0.0259383,-0.0324182,-0.0339747,-0.0252018,-0.0151146,-0.00799184,0.000515485,0.00464465,0.00403468,0.000308747,-0.00720918,-0.0137205,-0.0209268,-0.0310219,0.0273211,0.0334944,0.0373289,0.0356997,0.0298837,0.0181187,0.00646397,0.00129386,-1.29719,-0.746356,0.434539,0.00137378,-0.000315028,-0.00231019,-0.00705504,-0.00355933,0.0176931,29.9014,0.00234275,10,0,182.982,155.279,128.162,105.879,86.1915,72.858,64.1764,53.4115,0.00343633,0.000656859,0.000736173,0.000930977,0.000942928,0.00063604,0.000368186,0.000186121
4.82,7.85159e-09,4.09911e-09,0.94985,30,-1.26677e-05,-8.55925e-08,-0.00734435,-0.0164763,-0.0258829,-0.0323474,-0.0338982,-0.0251428,-0.0150785,-0.00797247,0.000605639,0.00469504,0.00411588,0.00045283,-0.00703358,-0.0135835,-0.0208348,-0.0309676,0.0272679,0.0334216,0.0372463,0.0356187,0.0298122,0.0180698,0.00644325,0.00128784,-1.29718,-0.746358,0.434528,0.00133846,-0.000332853,-0.00222162,-0.00706519,-0.00356648,0.0177185,29.9016,0.002342,10,0,182.983,155.279,128.162,105.879,86.1919,72.8583,64.1766,53.4116,0.00337504,0.000640412,0.000717493,0.000908512,0.000924241,0.000623728,0.000360996,0.000182695
4.825,7.88152e-09,4.11667e-09,0.94985,30,-1.27162e-05,-8.55041e-08,-0.00733485,-0.0164421,-0.0258276,-0.0322768,-0.0338219,-0.025084,-0.0150424,-0.00795317,0.000693743,0.00474142,0.00419211,0.000591196,-0.00686316,-0.0134503,-0.0207452,-0.0309146,0.0272148,0.033349,0.0371639,0.0355378,0.029741,0.0180211,0.00642263,0.00128186,-1.29718,-0.746359,0.434517,0.0013031,-0.000350714,-0.00213293,-0.00707534,-0.00357405,0.0177444,29.9018,0.00234118,10,0,182.984,155.28,128.163,105.88,86.1925,72.8587,64.1769,53.4117,0.00328193,0.000617072,0.000690337,0.000874983,0.00089608,0.000605136,0.000350115,0.000177495
4.83,7.9075e-09,4.13198e-09,0.94985,30,-1.27583e-05,-8.54057e-08,-0.00732532,-0.0164079,-0.0257724,-0.0322063,-0.0337458,-0.0250254,-0.0150065,-0.00793392,0.00077977,0.00478381,0.00426339,0.000723835,-0.00669794,-0.0133211,-0.0206581,-0.030863,0.0271617,0.0332765,0.0370817,0.0354572,0.02967,0.0179726,0.0064021,0.00127592,-1.29717,-0.746361,0.434506,0.00126771,-0.0003686,-0.00204415,-0.00707988,-0.00357784,0.0177553,29.902,0.00234028,10,0,182.985,155.28,128.163,105.88,86.1929,72.859,64.1771,53.4118,0.00321967,0.000602737,0.000673123,0.000853024,0.000877427,0.000592797,0.000342878,0.000174027
4.835,7.92957e-09,4.14505e-09,0.94985,30,-1.27939e-05,-8.52973e-08,-0.00731576,-0.0163738,-0.0257174,-0.032136,-0.0336699,-0.0249669,-0.0149707,-0.00791473,0.000863694,0.00482225,0.00432974,0.000850745,-0.00653797,-0.0131957,-0.0205736,-0.0308128,0.0271087,0.0332042,0.0369997,0.0353768,0.0295992,0.0179243,0.00638168,0.00127002,-1.29716,-0.746363,0.434496,0.0012323,-0.000386504,-0.00195534,-0.00708273,-0.00358069,0.0177621,29.9022,0.0023393,10,0,182.986,155.281,128.164,105.881,86.1935,72.8594,64.1773,53.4119,0.00312648,0.000583313,0.000648873,0.000820847,0.000849701,0.000574385,0.000332038,0.000168813
4.84,7.94773e-09,4.15588e-09,0.94985,30,-1.28231e-05,-8.51792e-08,-0.00730617,-0.0163397,-0.0256624,-0.0320658,-0.0335942,-0.0249086,-0.0149349,-0.00789559,0.000945504,0.00485674,0.00439118,0.000971929,-0.00638325,-0.0130742,-0.0204917,-0.0307639,0.0270557,0.033132,0.0369178,0.0352965,0.0295286,0.0178762,0.00636136,0.00126415,-1.29716,-0.746365,0.434487,0.00119689,-0.000404415,-0.00186654,-0.00708278,-0.00358313,0.0177623,29.9024,0.00233823,10,0,182.987,155.281,128.164,105.881,86.1938,72.8596,64.1775,53.412,0.00306261,0.000571033,0.00063306,0.000799372,0.000831181,0.00056218,0.000324897,0.000165385
4.845,7.96196e-09,4.16449e-09,0.94985,30,-1.28459e-05,-8.50514e-08,-0.00729655,-0.0163058,-0.0256076,-0.0319958,-0.0335187,-0.0248505,-0.0148993,-0.00787652,0.00102521,0.00488728,0.00444772,0.0010874,-0.00623378,-0.0129567,-0.0204123,-0.0307164,0.0270028,0.03306,0.0368362,0.0352165,0.0294582,0.0178282,0.00634113,0.00125832,-1.29715,-0.746367,0.434478,0.0011615,-0.000422323,-0.00177778,-0.00707728,-0.00358185,0.0177482,29.9027,0.00233706,10,0,182.988,155.281,128.164,105.882,86.1943,72.86,64.1777,53.4121,0.00296733,0.000555007,0.000611121,0.000767922,0.000803523,0.000543805,0.000314059,0.000160148
4.85,7.97231e-09,4.17088e-09,0.94985,30,-1.28623e-05,-8.49141e-08,-0.0072869,-0.0162718,-0.0255529,-0.031926,-0.0334433,-0.0247925,-0.0148638,-0.0078575,0.00110279,0.0049139,0.00449938,0.00119715,-0.00608958,-0.0128432,-0.0203354,-0.0306704,0.0269499,0.0329882,0.0367548,0.0351367,0.029388,0.0177805,0.006321,0.00125253,-1.29715,-0.746369,0.434469,0.00112615,-0.000440219,-0.00168912,-0.00707119,-0.00357966,0.0177322,29.9029,0.00233579,10,0,182.989,155.281,128.165,105.882,86.1947,72.8603,64.1779,53.4122,0.0029035,0.000545725,0.000597539,0.000747401,0.00078521,0.000531616,0.000306852,0.000156655
4.855,7.97883e-09,4.1751e-09,0.94985,30,-1.28724e-05,-8.47676e-08,-0.00727722,-0.016238,-0.0254983,-0.0318563,-0.0333681,-0.0247347,-0.0148284,-0.00783854,0.00117824,0.00493662,0.00454619,0.00130121,-0.00595066,-0.0127336,-0.0202612,-0.0306257,0.0268971,0.0329165,0.0366735,0.0350571,0.029318,0.0177329,0.00630097,0.00124677,-1.29714,-0.746371,0.434461,0.00109084,-0.000458094,-0.00160058,-0.00705801,-0.00357396,0.0176984,29.9031,0.00233442,10,0,182.99,155.282,128.165,105.883,86.1951,72.8606,64.1781,53.4123,0.0028074,0.000533994,0.000578844,0.000717367,0.000757971,0.000513445,0.000296081,0.000151417
4.86,7.98157e-09,4.17715e-09,0.94985,30,-1.28764e-05,-8.4612e-08,-0.00726751,-0.0162042,-0.0254438,-0.0317868,-0.0332932,-0.0246771,-0.0147931,-0.00781964,0.00125155,0.00495545,0.0045882,0.00139957,-0.00581704,-0.0126279,-0.0201895,-0.0305824,0.0268444,0.032845,0.0365925,0.0349776,0.0292482,0.0176855,0.00628103,0.00124105,-1.29713,-0.746374,0.434453,0.0010556,-0.000475939,-0.00151222,-0.00704683,-0.00356885,0.0176694,29.9033,0.00233292,10,0,182.991,155.282,128.165,105.883,86.1954,72.8608,64.1782,53.4123,0.00274312,0.000527677,0.00056756,0.000697894,0.000739989,0.000501421,0.000288936,0.00014793
4.865,7.98058e-09,4.17709e-09,0.94985,30,-1.28742e-05,-8.44476e-08,-0.00725777,-0.0161705,-0.0253895,-0.0317174,-0.0332184,-0.0246196,-0.0147579,-0.0078008,0.00132271,0.00497042,0.00462544,0.00149224,-0.00568872,-0.0125263,-0.0201204,-0.0305405,0.0267917,0.0327737,0.0365116,0.0348984,0.0291787,0.0176383,0.00626119,0.00123536,-1.29713,-0.746376,0.434446,0.00102045,-0.000493745,-0.00142407,-0.00702615,-0.00355884,0.0176164,29.9035,0.00233131,10,0,182.992,155.282,128.165,105.884,86.1959,72.8612,64.1784,53.4124,0.00264643,0.000520501,0.000552509,0.000669599,0.000713323,0.000483548,0.000278282,0.000142712
4.87,7.97592e-09,4.17492e-09,0.94985,30,-1.2866e-05,-8.42745e-08,-0.007248,-0.0161369,-0.0253352,-0.0316482,-0.0331438,-0.0245623,-0.0147228,-0.00778201,0.00139169,0.0049816,0.00465793,0.00157925,-0.00556571,-0.0124286,-0.0200539,-0.0305001,0.0267391,0.0327025,0.0364309,0.0348194,0.0291093,0.0175913,0.00624144,0.00122971,-1.29712,-0.746379,0.434439,0.00098539,-0.000511503,-0.00133617,-0.00701003,-0.00355089,0.0175747,29.9037,0.00232958,10,0,182.993,155.282,128.166,105.884,86.1962,72.8614,64.1786,53.4125,0.00258185,0.000517258,0.000543778,0.000651403,0.000695778,0.000471756,0.00027123,0.000139244
4.875,7.96762e-09,4.17067e-09,0.94985,30,-1.28518e-05,-8.4093e-08,-0.00723821,-0.0161034,-0.0252811,-0.0315792,-0.0330694,-0.0245051,-0.0146878,-0.00776328,0.00145848,0.00498901,0.00468571,0.00166061,-0.00544801,-0.0123349,-0.0199901,-0.0304611,0.0266866,0.0326314,0.0363504,0.0347406,0.0290401,0.0175444,0.00622179,0.0012241,-1.29712,-0.746381,0.434432,0.000950443,-0.000529204,-0.00124855,-0.00698205,-0.00353668,0.017503,29.9039,0.00232772,10,0,182.994,155.282,128.166,105.884,86.1966,72.8617,64.1787,53.4126,0.00248489,0.000514688,0.000532713,0.000625216,0.00066986,0.000454284,0.000260746,0.000134066
4.88,7.95573e-09,4.16436e-09,0.94985,30,-1.28317e-05,-8.39032e-08,-0.00722839,-0.0160699,-0.0252271,-0.0315103,-0.0329951,-0.0244481,-0.0146529,-0.0077446,0.00152308,0.0049927,0.00470881,0.00173634,-0.00533563,-0.0122453,-0.0199288,-0.0304235,0.0266341,0.0325606,0.0362701,0.0346619,0.0289712,0.0174978,0.00620223,0.00121852,-1.29711,-0.746384,0.434426,0.000915625,-0.000546841,-0.00116127,-0.00696111,-0.00352595,0.017449,29.9041,0.00232572,10,0,182.994,155.282,128.166,105.884,86.1968,72.8619,64.1789,53.4126,0.00242024,0.000514479,0.000526726,0.00060856,0.000652877,0.000442797,0.000253827,0.000130632
4.885,7.94028e-09,4.15602e-09,0.94985,30,-1.28057e-05,-8.37055e-08,-0.00721854,-0.0160364,-0.0251732,-0.0314415,-0.0329211,-0.0243912,-0.0146181,-0.00772598,0.00158548,0.0049927,0.00472726,0.00180647,-0.00522856,-0.0121596,-0.0198701,-0.0303873,0.0265817,0.0324898,0.03619,0.0345835,0.0289024,0.0174513,0.00618277,0.00121297,-1.29711,-0.746387,0.434421,0.000880948,-0.000564403,-0.00107435,-0.00692604,-0.00350767,0.017359,29.9043,0.00232359,10,0,182.995,155.282,128.166,105.885,86.1972,72.8622,64.179,53.4127,0.00232335,0.000516348,0.000519865,0.000584897,0.000627903,0.000425843,0.000243572,0.000125518
4.89,7.92132e-09,4.14567e-09,0.94985,30,-1.2774e-05,-8.34998e-08,-0.00720867,-0.0160031,-0.0251194,-0.0313729,-0.0328472,-0.0243345,-0.0145834,-0.00770742,0.00164566,0.00498906,0.00474112,0.00187101,-0.0051268,-0.0120779,-0.0198141,-0.0303526,0.0265294,0.0324193,0.0361101,0.0345053,0.0288339,0.017405,0.0061634,0.00120746,-1.29711,-0.74639,0.434416,0.000846428,-0.000581883,-0.000987832,-0.00690042,-0.00349424,0.0172931,29.9045,0.00232131,10,0,182.996,155.282,128.166,105.885,86.1975,72.8623,64.1792,53.4128,0.00225886,0.000518991,0.000516711,0.000570071,0.000611623,0.000414746,0.000236829,0.000122137
4.895,7.89889e-09,4.13333e-09,0.94985,30,-1.27365e-05,-8.32866e-08,-0.00719878,-0.0159698,-0.0250657,-0.0313045,-0.0327735,-0.024278,-0.0145488,-0.00768891,0.00170362,0.00498182,0.00475041,0.00193,-0.00503033,-0.0120002,-0.0197606,-0.0303193,0.0264771,0.0323489,0.0360303,0.0344272,0.0287655,0.0173588,0.00614412,0.00120198,-1.2971,-0.746393,0.434411,0.000812079,-0.000599273,-0.000901754,-0.00685845,-0.00347199,0.0171855,29.9047,0.0023189,10,0,182.997,155.282,128.166,105.885,86.1978,72.8626,64.1793,53.4129,0.00216238,0.000524927,0.000514098,0.000549383,0.000587821,0.000398445,0.000226875,0.000117114
4.9,7.87302e-09,4.11903e-09,0.94985,30,-1.26934e-05,-8.30659e-08,-0.00718885,-0.0159366,-0.0250121,-0.0312362,-0.0327,-0.0242216,-0.0145143,-0.00767045,0.00175936,0.00497101,0.00475519,0.00198347,-0.00493916,-0.0119265,-0.0197098,-0.0302874,0.0264249,0.0322787,0.0359508,0.0343494,0.0286974,0.0173129,0.00612493,0.00119654,-1.2971,-0.746396,0.434407,0.000777915,-0.000616565,-0.000816151,-0.00682829,-0.00345596,0.017108,29.9049,0.00231633,10,0,182.997,155.282,128.166,105.885,86.198,72.8628,64.1794,53.4129,0.00209828,0.000530117,0.000513744,0.000536697,0.000572403,0.000387833,0.000220358,0.000113803
4.905,7.84378e-09,4.1028e-09,0.94985,30,-1.26448e-05,-8.28381e-08,-0.00717891,-0.0159034,-0.0249587,-0.0311681,-0.0326267,-0.0241654,-0.0144799,-0.00765205,0.00181287,0.00495668,0.00475549,0.00203145,-0.00485326,-0.0118567,-0.0196615,-0.030257,0.0263727,0.0322086,0.0358714,0.0342718,0.0286294,0.0172671,0.00610583,0.00119113,-1.29709,-0.746399,0.434403,0.00074395,-0.00063375,-0.000731059,-0.00677966,-0.00342986,0.0169833,29.9051,0.00231362,10,0,182.998,155.282,128.166,105.886,86.1983,72.863,64.1796,53.413,0.00200259,0.000539598,0.000515231,0.00051945,0.000550027,0.000372339,0.000210786,0.000108902
4.91,7.8112e-09,4.08465e-09,0.94985,30,-1.25907e-05,-8.26032e-08,-0.00716894,-0.0158703,-0.0249053,-0.0311001,-0.0325535,-0.0241093,-0.0144456,-0.0076337,0.00186415,0.00493888,0.00475137,0.00207397,-0.00477263,-0.0117909,-0.0196158,-0.030228,0.0263206,0.0321386,0.0357922,0.0341943,0.0285617,0.0172215,0.00608682,0.00118576,-1.29709,-0.746402,0.4344,0.000710198,-0.00065082,-0.000646512,-0.00674512,-0.0034113,0.0168946,29.9053,0.00231076,10,0,182.999,155.281,128.166,105.886,86.1985,72.8631,64.1797,53.413,0.00193916,0.000546956,0.000517516,0.000509208,0.000535654,0.000362321,0.000204555,0.000105684
4.915,7.77534e-09,4.06463e-09,0.94985,30,-1.25312e-05,-8.23615e-08,-0.00715894,-0.0158373,-0.0248521,-0.0310323,-0.0324806,-0.0240533,-0.0144114,-0.00761541,0.00191321,0.00491765,0.00474287,0.00211107,-0.00469724,-0.0117291,-0.0195728,-0.0302004,0.0262686,0.0320689,0.0357132,0.0341171,0.0284941,0.017176,0.0060679,0.00118041,-1.29709,-0.746405,0.434397,0.000676671,-0.000667769,-0.000562545,-0.00669005,-0.00338149,0.0167534,29.9055,0.00230774,10,0,182.999,155.281,128.166,105.886,86.1988,72.8634,64.1798,53.4131,0.00184469,0.000559385,0.000522775,0.000495837,0.000514993,0.000347811,0.000195461,0.000100942
4.92,7.73625e-09,4.04276e-09,0.94985,30,-1.24664e-05,-8.21132e-08,-0.00714893,-0.0158043,-0.024799,-0.0309646,-0.0324078,-0.0239976,-0.0143773,-0.00759717,0.00196004,0.00489303,0.00473004,0.0021428,-0.00462708,-0.0116712,-0.0195323,-0.0301743,0.0262167,0.0319993,0.0356344,0.03404,0.0284268,0.0171308,0.00604906,0.0011751,-1.29708,-0.746409,0.434394,0.000643384,-0.000684588,-0.000479192,-0.00665127,-0.00336049,0.0166539,29.9057,0.00230457,10,0,183,155.281,128.166,105.886,86.199,72.8635,64.1799,53.4131,0.00178223,0.000568504,0.000527429,0.000488304,0.000501868,0.000338512,0.000189584,9.78434e-05
4.925,7.69398e-09,4.01907e-09,0.94985,30,-1.23964e-05,-8.18584e-08,-0.00713889,-0.0157714,-0.024746,-0.0308971,-0.0323352,-0.0239419,-0.0143433,-0.00757899,0.00200463,0.00486508,0.00471294,0.00216919,-0.00456213,-0.0116173,-0.0194944,-0.0301496,0.0261648,0.0319298,0.0355558,0.0339631,0.0283596,0.0170857,0.00603032,0.00116983,-1.29708,-0.746412,0.434392,0.000610348,-0.000701271,-0.000396484,-0.00659,-0.00332711,0.0164968,29.9059,0.00230125,10,0,183.001,155.281,128.166,105.886,86.1992,72.8637,64.18,53.4132,0.00168947,0.000583272,0.000535999,0.000479149,0.000483244,0.000325185,0.000181081,9.33026e-05
4.93,7.64858e-09,3.99359e-09,0.94985,30,-1.23212e-05,-8.15975e-08,-0.00712883,-0.0157386,-0.0246931,-0.0308297,-0.0322628,-0.0238865,-0.0143094,-0.00756085,0.00204701,0.00483384,0.00469162,0.00219028,-0.00450236,-0.0115673,-0.0194591,-0.0301263,0.026113,0.0318605,0.0354773,0.0338865,0.0282926,0.0170407,0.00601166,0.00116458,-1.29708,-0.746416,0.43439,0.000577577,-0.000717808,-0.000314455,-0.00654716,-0.00330376,0.0163869,29.9061,0.00229777,10,0,183.001,155.28,128.166,105.886,86.1993,72.8638,64.1801,53.4133,0.00162835,0.000593756,0.000542687,0.000474503,0.000471591,0.000316748,0.000175641,9.03546e-05
4.935,7.60011e-09,3.96634e-09,0.94985,30,-1.2241e-05,-8.13305e-08,-0.00711874,-0.0157058,-0.0246404,-0.0307625,-0.0321905,-0.0238311,-0.0142756,-0.00754277,0.00208716,0.00479936,0.00466612,0.00220612,-0.00444774,-0.0115211,-0.0194263,-0.0301044,0.0260612,0.0317914,0.035399,0.03381,0.0282259,0.0169959,0.00599309,0.00115937,-1.29707,-0.746419,0.434389,0.000545083,-0.000734195,-0.000233137,-0.00647993,-0.00326695,0.0162145,29.9063,0.00229414,10,0,183.002,155.28,128.166,105.886,86.1995,72.8639,64.1802,53.4133,0.00153792,0.000610294,0.000554035,0.000469744,0.000455347,0.000304826,0.000167863,8.60667e-05
4.94,7.54863e-09,3.93737e-09,0.94985,30,-1.21559e-05,-8.10577e-08,-0.00710864,-0.0156731,-0.0245877,-0.0306954,-0.0321184,-0.023776,-0.0142419,-0.00752475,0.00212509,0.00476169,0.00463652,0.00221677,-0.00439825,-0.0114789,-0.019396,-0.030084,0.0260095,0.0317224,0.035321,0.0337337,0.0281593,0.0169513,0.00597461,0.00115419,-1.29707,-0.746423,0.434388,0.000512878,-0.000750423,-0.000152559,-0.00643318,-0.00324134,0.0160947,29.9065,0.00229034,10,0,183.002,155.28,128.165,105.886,86.1997,72.864,64.1802,53.4133,0.00147858,0.000621783,0.000562391,0.000468039,0.000445398,0.000297403,0.000162955,8.33071e-05
4.945,7.49418e-09,3.90671e-09,0.94985,30,-1.20659e-05,-8.07793e-08,-0.00709851,-0.0156405,-0.0245352,-0.0306285,-0.0320465,-0.0237209,-0.0142083,-0.00750677,0.00216081,0.00472088,0.00460285,0.00222226,-0.00435386,-0.0114405,-0.0193683,-0.0300649,0.0259579,0.0316535,0.0352431,0.0336576,0.0280929,0.0169069,0.00595621,0.00114904,-1.29707,-0.746427,0.434387,0.000480974,-0.000766486,-7.27528e-05,-0.00636023,-0.00320123,0.0159077,29.9067,0.0022864,10,0,183.003,155.279,128.165,105.886,86.1998,72.8642,64.1803,53.4134,0.00139124,0.000639584,0.000575967,0.000467643,0.000431883,0.000287123,0.000156054,7.93339e-05
4.95,7.43683e-09,3.87438e-09,0.94985,30,-1.19711e-05,-8.04954e-08,-0.00708837,-0.0156079,-0.0244827,-0.0305617,-0.0319748,-0.0236661,-0.0141748,-0.00748885,0.00219432,0.00467698,0.00456519,0.00222265,-0.00431453,-0.0114059,-0.0193432,-0.0300473,0.0259064,0.0315849,0.0351653,0.0335817,0.0280267,0.0168626,0.0059379,0.00114392,-1.29707,-0.746431,0.434387,0.000449382,-0.000782377,6.25223e-06,-0.00630975,-0.00317347,0.0157783,29.9069,0.00228229,10,0,183.003,155.279,128.165,105.887,86.1999,72.8643,64.1804,53.4134,0.00133427,0.000651763,0.000585632,0.00046878,0.000423862,0.000280875,0.000151785,7.68075e-05
4.955,7.37664e-09,3.84042e-09,0.94985,30,-1.18717e-05,-8.02064e-08,-0.0070782,-0.0155754,-0.0244304,-0.0304951,-0.0319033,-0.0236113,-0.0141413,-0.00747098,0.00222564,0.00463005,0.0045236,0.002218,-0.00428023,-0.0113752,-0.0193205,-0.030031,0.0258549,0.0315163,0.0350878,0.033506,0.0279607,0.0168185,0.00591968,0.00113884,-1.29707,-0.746435,0.434387,0.000418114,-0.000798089,8.44273e-05,-0.00623136,-0.00313021,0.0155774,29.9071,0.00227803,10,0,183.003,155.278,128.165,105.886,86.2001,72.8644,64.1805,53.4135,0.001251,0.000670393,0.000600917,0.000472491,0.000413392,0.000272472,0.000145928,7.32227e-05
4.96,7.31366e-09,3.80486e-09,0.94985,30,-1.17677e-05,-7.99122e-08,-0.00706802,-0.015543,-0.0243782,-0.0304286,-0.0318319,-0.0235568,-0.014108,-0.00745316,0.00225476,0.00458014,0.00447812,0.00220835,-0.00425092,-0.0113482,-0.0193003,-0.0300162,0.0258035,0.031448,0.0350104,0.0334304,0.0278949,0.0167746,0.00590153,0.00113378,-1.29706,-0.746439,0.434388,0.000387181,-0.000813617,0.000161744,-0.00617731,-0.00310039,0.0154389,29.9073,0.00227362,10,0,183.004,155.278,128.164,105.886,86.2001,72.8644,64.1805,53.4135,0.00119715,0.000682997,0.00061156,0.000476233,0.000407492,0.00026755,0.000142413,7.09824e-05
4.965,7.24796e-09,3.76774e-09,0.94985,30,-1.16592e-05,-7.96133e-08,-0.00705781,-0.0155106,-0.0243261,-0.0303623,-0.0317607,-0.0235023,-0.0140747,-0.0074354,0.0022817,0.00452731,0.00442883,0.00219377,-0.00422657,-0.011325,-0.0192826,-0.0300027,0.0257522,0.0313798,0.0349333,0.0333551,0.0278293,0.0167308,0.00588347,0.00112876,-1.29706,-0.746443,0.434389,0.000356594,-0.000828953,0.000238175,-0.00609372,-0.00305413,0.0152246,29.9075,0.00226905,10,0,183.004,155.277,128.164,105.886,86.2002,72.8645,64.1806,53.4135,0.00111928,0.000702089,0.000628084,0.000483612,0.00040031,0.000261235,0.000137769,6.78705e-05
4.97,7.17959e-09,3.72909e-09,0.94985,30,-1.15464e-05,-7.93097e-08,-0.00704759,-0.0154783,-0.0242741,-0.0302961,-0.0316896,-0.023448,-0.0140416,-0.00741768,0.00230647,0.0044716,0.00437579,0.00217431,-0.00420713,-0.0113056,-0.0192673,-0.0299906,0.0257009,0.0313117,0.0348563,0.0332799,0.0277638,0.0166872,0.0058655,0.00112376,-1.29706,-0.746447,0.43439,0.000326362,-0.000844093,0.000313694,-0.00603629,-0.00302235,0.0150775,29.9077,0.00226434,10,0,183.004,155.277,128.164,105.886,86.2003,72.8646,64.1806,53.4136,0.00106957,0.000714896,0.000639412,0.00048962,0.000396654,0.00025776,0.000135115,6.59759e-05
4.975,7.10861e-09,3.68894e-09,0.94985,30,-1.14292e-05,-7.90016e-08,-0.00703735,-0.0154461,-0.0242222,-0.03023,-0.0316188,-0.0233939,-0.0140085,-0.00740002,0.00232908,0.00441309,0.00431907,0.00215003,-0.00419257,-0.0112898,-0.0192545,-0.0299799,0.0256497,0.0312438,0.0347795,0.033205,0.0276986,0.0166437,0.0058476,0.0011188,-1.29706,-0.746451,0.434392,0.000296497,-0.000859029,0.000388273,-0.00594778,-0.00297324,0.0148506,29.9079,0.00225947,10,0,183.005,155.276,128.163,105.886,86.2004,72.8646,64.1807,53.4136,0.000998875,0.000734149,0.000656769,0.00050011,0.00039288,0.000253681,0.000131833,6.34289e-05
4.98,7.03508e-09,3.64733e-09,0.94985,30,-1.13079e-05,-7.86892e-08,-0.00702709,-0.0154139,-0.0241704,-0.0301641,-0.0315481,-0.0233399,-0.0139756,-0.0073824,0.00234954,0.00435182,0.00425872,0.002121,-0.00418283,-0.0112777,-0.0192441,-0.0299706,0.0255986,0.031176,0.0347028,0.0331302,0.0276335,0.0166004,0.00582979,0.00111387,-1.29706,-0.746456,0.434394,0.000267008,-0.000873757,0.000461889,-0.00588714,-0.0029396,0.0146953,29.9081,0.00225445,10,0,183.005,155.276,128.163,105.886,86.2004,72.8647,64.1807,53.4136,0.000954683,0.000746976,0.00066853,0.000507994,0.0003915,0.000251726,0.000130126,6.19415e-05
4.985,6.95907e-09,3.6043e-09,0.94985,30,-1.11825e-05,-7.83728e-08,-0.00701681,-0.0153817,-0.0241187,-0.0300984,-0.0314776,-0.023286,-0.0139427,-0.00736484,0.00236787,0.00428785,0.00419482,0.00208728,-0.00417788,-0.0112693,-0.0192361,-0.0299625,0.0255476,0.0311084,0.0346264,0.0330556,0.0275686,0.0165573,0.00581206,0.00110897,-1.29706,-0.74646,0.434397,0.000237904,-0.00088827,0.000534515,-0.00579397,-0.0028878,0.0144565,29.9083,0.00224929,10,0,183.005,155.275,128.163,105.886,86.2004,72.8647,64.1807,53.4136,0.000893523,0.00076614,0.000686373,0.000520999,0.0003911,0.00024994,0.000128304,6.00484e-05
4.99,6.88064e-09,3.55987e-09,0.94985,30,-1.10532e-05,-7.80524e-08,-0.00700651,-0.0153497,-0.0240671,-0.0300328,-0.0314072,-0.0232323,-0.0139099,-0.00734733,0.00238407,0.00422124,0.00412743,0.00204894,-0.00417766,-0.0112644,-0.0192305,-0.0299559,0.0254966,0.0310409,0.0345501,0.0329812,0.0275039,0.0165143,0.00579441,0.0011041,-1.29705,-0.746464,0.4344,0.000209196,-0.000902564,0.000606129,-0.00573031,-0.00285241,0.0142934,29.9085,0.00224399,10,0,183.005,155.275,128.162,105.886,86.2004,72.8647,64.1807,53.4136,0.000856633,0.000778836,0.000698358,0.000530364,0.000391917,0.000249505,0.000127584,5.90228e-05
4.995,6.79985e-09,3.51409e-09,0.94985,30,-1.09199e-05,-7.77284e-08,-0.0069962,-0.0153177,-0.0240157,-0.0299674,-0.0313371,-0.0231787,-0.0138772,-0.00732986,0.00239817,0.00415205,0.00405662,0.00200604,-0.00418212,-0.0112631,-0.0192272,-0.0299505,0.0254457,0.0309736,0.034474,0.032907,0.0274394,0.0164715,0.00577684,0.00109925,-1.29705,-0.746469,0.434403,0.000180892,-0.000916632,0.000676707,-0.00563276,-0.00279807,0.0140433,29.9087,0.00223855,10,0,183.005,155.274,128.162,105.886,86.2004,72.8648,64.1808,53.4137,0.000807985,0.000797707,0.000716398,0.000545307,0.000394696,0.000249955,0.000127241,5.78537e-05
5,6.71677e-09,3.467e-09,0.94985,30,-1.07829e-05,-7.74008e-08,-0.00698587,-0.0152857,-0.0239643,-0.0299021,-0.0312671,-0.0231253,-0.0138446,-0.00731245,0.00241017,0.00408034,0.00398246,0.00195864,-0.00419122,-0.0112654,-0.0192262,-0.0299465,0.0253949,0.0309065,0.0343981,0.032833,0.0273751,0.0164288,0.00575935,0.00109444,-1.29705,-0.746474,0.434406,0.000153002,-0.000930471,0.000746226,-0.00556626,-0.00276104,0.0138731,29.9089,0.00223296,10,0,183.006,155.273,128.161,105.886,86.2004,72.8648,64.1808,53.4137,0.000780527,0.000810148,0.00072843,0.000555785,0.000397531,0.000250965,0.00012749,5.73256e-05
5.005,6.63145e-09,3.41862e-09,0.94985,30,-1.06423e-05,-7.70699e-08,-0.00697552,-0.0152539,-0.0239131,-0.0298369,-0.0311972,-0.023072,-0.0138121,-0.00729509,0.0024201,0.00400618,0.00390502,0.00190683,-0.00420489,-0.0112711,-0.0192276,-0.0299437,0.0253441,0.0308395,0.0343223,0.0327591,0.0273109,0.0163863,0.00574194,0.00108965,-1.29705,-0.746478,0.43441,0.000125532,-0.000944074,0.000814665,-0.0054646,-0.00270432,0.0136124,29.9091,0.00222725,10,0,183.006,155.273,128.161,105.885,86.2004,72.8648,64.1808,53.4137,0.000747647,0.000828559,0.000746426,0.000572144,0.000403158,0.000253487,0.000128553,5.69125e-05
5.01,6.54396e-09,3.36899e-09,0.94985,30,-1.0498e-05,-7.67358e-08,-0.00696516,-0.015222,-0.0238619,-0.0297719,-0.0311276,-0.0230189,-0.0137797,-0.00727777,0.00242797,0.00392961,0.00382437,0.00185066,-0.00422309,-0.0112803,-0.0192312,-0.0299423,0.0252934,0.0307726,0.0342467,0.0326854,0.027247,0.0163439,0.00572461,0.0010849,-1.29705,-0.746483,0.434415,9.84929e-05,-0.000957437,0.000882003,-0.00539545,-0.00266575,0.0134354,29.9093,0.0022214,10,0,183.006,155.272,128.16,105.885,86.2004,72.8647,64.1808,53.4137,0.000731689,0.000840644,0.000758359,0.000583408,0.000407759,0.000255801,0.000129696,5.68868e-05
5.015,6.45437e-09,3.31815e-09,0.94985,30,-1.03504e-05,-7.63987e-08,-0.00695478,-0.0151903,-0.0238109,-0.029707,-0.0310581,-0.0229659,-0.0137474,-0.00726051,0.0024338,0.0038507,0.00374059,0.00179022,-0.00424577,-0.0112929,-0.0192371,-0.0299421,0.0252428,0.0307059,0.0341713,0.032612,0.0271832,0.0163017,0.00570736,0.00108017,-1.29705,-0.746488,0.434419,7.18911e-05,-0.000970557,0.000948219,-0.00528996,-0.00260681,0.0131649,29.9095,0.00221543,10,0,183.006,155.271,128.16,105.885,86.2003,72.8647,64.1808,53.4137,0.000717199,0.000858455,0.000776113,0.000600731,0.000415819,0.000260145,0.000132013,5.72109e-05
5.02,6.36274e-09,3.26614e-09,0.94985,30,-1.01993e-05,-7.60588e-08,-0.00694439,-0.0151586,-0.02376,-0.0296423,-0.0309887,-0.022913,-0.0137151,-0.00724329,0.0024376,0.00376952,0.00365374,0.00172557,-0.00427285,-0.0113089,-0.0192452,-0.0299432,0.0251923,0.0306394,0.0340961,0.0325387,0.0271196,0.0162596,0.00569018,0.00107548,-1.29705,-0.746493,0.434424,4.57345e-05,-0.000983427,0.00101329,-0.00521835,-0.0025668,0.0129815,29.9097,0.00220933,10,0,183.006,155.271,128.159,105.885,86.2003,72.8647,64.1808,53.4137,0.000713958,0.000870101,0.000787827,0.000612506,0.000421894,0.000263578,0.000133928,5.76579e-05
5.025,6.26913e-09,3.21299e-09,0.94985,30,-1.00451e-05,-7.57163e-08,-0.00693398,-0.015127,-0.0237092,-0.0295777,-0.0309196,-0.0228603,-0.013683,-0.00722612,0.00243941,0.00368613,0.0035639,0.00165679,-0.00430429,-0.0113282,-0.0192556,-0.0299456,0.0251418,0.0305729,0.0340211,0.0324655,0.0270562,0.0162177,0.00567309,0.00107081,-1.29705,-0.746498,0.434429,2.00305e-05,-0.000996044,0.00107721,-0.00510931,-0.0025058,0.012702,29.9099,0.00220312,10,0,183.006,155.27,128.159,105.884,86.2002,72.8647,64.1807,53.4137,0.000718586,0.0008872,0.000805174,0.000630413,0.000431938,0.000269448,0.0001373,5.86509e-05
5.03,6.17362e-09,3.15875e-09,0.94985,30,-9.88766e-06,-7.53714e-08,-0.00692356,-0.0150954,-0.0236585,-0.0295133,-0.0308506,-0.0228077,-0.0136509,-0.00720901,0.00243923,0.00360058,0.00347115,0.00158396,-0.00434002,-0.0113508,-0.0192681,-0.0299492,0.0250914,0.0305067,0.0339462,0.0323926,0.0269929,0.0161759,0.00565607,0.00106617,-1.29705,-0.746503,0.434435,-5.21384e-06,-0.0010084,0.00113994,-0.00503541,-0.00246446,0.0125127,29.9101,0.00219678,10,0,183.006,155.269,128.158,105.884,86.2001,72.8646,64.1807,53.4137,0.000727715,0.000898338,0.000816569,0.000642466,0.000439187,0.000273795,0.000139846,5.95119e-05
5.035,6.07626e-09,3.10344e-09,0.94985,30,-9.72722e-06,-7.50242e-08,-0.00691312,-0.0150639,-0.0236079,-0.029449,-0.0307817,-0.0227553,-0.013619,-0.00719194,0.00243709,0.00351294,0.00337555,0.00150714,-0.00437998,-0.0113766,-0.0192827,-0.029954,0.0250411,0.0304406,0.0338715,0.0323198,0.0269299,0.0161343,0.00563912,0.00106155,-1.29705,-0.746508,0.434441,-2.99918e-05,-0.0010205,0.00120149,-0.00492311,-0.00240156,0.0122248,29.9103,0.00219034,10,0,183.006,155.268,128.158,105.884,86.2,72.8646,64.1807,53.4137,0.000749711,0.000914631,0.000833375,0.000660642,0.000450777,0.000280884,0.000144054,6.10716e-05
5.04,5.97712e-09,3.04711e-09,0.94985,30,-9.56387e-06,-7.46748e-08,-0.00690267,-0.0150325,-0.0235574,-0.0293848,-0.0307131,-0.0227029,-0.0135871,-0.00717491,0.00243301,0.00342328,0.00327718,0.00142644,-0.0044241,-0.0114056,-0.0192995,-0.02996,0.0249909,0.0303746,0.033797,0.0322473,0.026867,0.0160929,0.00562225,0.00105697,-1.29705,-0.746513,0.434447,-5.42969e-05,-0.00103234,0.00126182,-0.00484713,-0.00235901,0.0120302,29.9105,0.00218379,10,0,183.006,155.267,128.157,105.884,86.1999,72.8645,64.1807,53.4137,0.000769353,0.000925205,0.000844369,0.000672783,0.000458919,0.000285945,0.000147088,6.22721e-05
5.045,5.87626e-09,2.9898e-09,0.94985,30,-9.39771e-06,-7.43236e-08,-0.0068922,-0.0150011,-0.023507,-0.0293208,-0.0306446,-0.0226508,-0.0135553,-0.00715794,0.00242701,0.00333166,0.00317613,0.00134191,-0.00447233,-0.0114378,-0.0193183,-0.0299672,0.0249407,0.0303088,0.0337226,0.0321749,0.0268043,0.0160515,0.00560546,0.00105241,-1.29705,-0.746518,0.434453,-7.81231e-05,-0.0010439,0.00132092,-0.00473184,-0.00229437,0.0117345,29.9106,0.00217714,10,0,183.006,155.266,128.156,105.883,86.1998,72.8644,64.1806,53.4137,0.000805238,0.000940616,0.00086052,0.000690969,0.000471653,0.000293962,0.000151927,6.42825e-05
5.05,5.77376e-09,2.93153e-09,0.94985,30,-9.22884e-06,-7.39705e-08,-0.00688173,-0.0149697,-0.0234567,-0.0292569,-0.0305762,-0.0225987,-0.0135236,-0.00714101,0.00241911,0.00323814,0.00307245,0.00125364,-0.0045246,-0.0114731,-0.0193392,-0.0299756,0.0248906,0.0302431,0.0336485,0.0321027,0.0267418,0.0160104,0.00558874,0.00104788,-1.29705,-0.746523,0.43446,-0.000101464,-0.0010552,0.00137878,-0.00465395,-0.00225071,0.0115351,29.9108,0.00217039,10,0,183.006,155.266,128.156,105.883,86.1997,72.8644,64.1806,53.4137,0.000832829,0.00095058,0.000871046,0.000703043,0.000480436,0.000299551,0.000155318,6.57452e-05
5.055,5.66968e-09,2.87235e-09,0.94985,30,-9.05737e-06,-7.36159e-08,-0.00687123,-0.0149385,-0.0234065,-0.0291932,-0.030508,-0.0225468,-0.0134919,-0.00712413,0.00240935,0.00314279,0.00296624,0.00116171,-0.00458084,-0.0115114,-0.0193621,-0.0299851,0.0248406,0.0301776,0.0335745,0.0320306,0.0266794,0.0159694,0.0055721,0.00104338,-1.29705,-0.746529,0.434467,-0.000124315,-0.00106621,0.00143538,-0.00453596,-0.00218449,0.0112324,29.911,0.00216354,10,0,183.005,155.265,128.155,105.882,86.1995,72.8642,64.1805,53.4137,0.000878727,0.000965046,0.000886451,0.000721028,0.000493963,0.000308236,0.000160605,6.80941e-05
5.06,5.56408e-09,2.8123e-09,0.94985,30,-8.88342e-06,-7.32598e-08,-0.00686073,-0.0149073,-0.0233564,-0.0291296,-0.03044,-0.0224951,-0.0134604,-0.0071073,0.00239774,0.00304567,0.00285756,0.0010662,-0.00464097,-0.0115527,-0.019387,-0.0299958,0.0247906,0.0301122,0.0335006,0.0319588,0.0266172,0.0159285,0.00555553,0.0010389,-1.29705,-0.746534,0.434475,-0.00014667,-0.00107696,0.00149071,-0.00445636,-0.00213983,0.0110285,29.9112,0.00215661,10,0,183.005,155.264,128.154,105.882,86.1994,72.8642,64.1805,53.4137,0.000911805,0.000974362,0.000896453,0.000732907,0.00050317,0.000314192,0.00016424,6.97479e-05
5.065,5.45704e-09,2.75142e-09,0.94985,30,-8.70709e-06,-7.29025e-08,-0.00685021,-0.0148761,-0.0233064,-0.0290661,-0.0303722,-0.0224435,-0.013429,-0.00709052,0.0023843,0.00294684,0.0027465,0.000967198,-0.00470494,-0.0115969,-0.0194139,-0.0300076,0.0247408,0.030047,0.033427,0.0318871,0.0265552,0.0158877,0.00553903,0.00103445,-1.29705,-0.746539,0.434482,-0.000168525,-0.00108741,0.00154475,-0.00433594,-0.00207219,0.0107197,29.9114,0.0021496,10,0,183.005,155.263,128.154,105.882,86.1992,72.864,64.1804,53.4137,0.00096435,0.000987832,0.000911035,0.000750518,0.00051719,0.00032332,0.000169822,7.23362e-05
5.07,5.34861e-09,2.68973e-09,0.94985,30,-8.52849e-06,-7.2544e-08,-0.00683968,-0.014845,-0.0232566,-0.0290028,-0.0303045,-0.022392,-0.0133976,-0.00707378,0.00236907,0.00284637,0.00263312,0.000864785,-0.00477267,-0.0116441,-0.0194427,-0.0300205,0.024691,0.0299819,0.0333535,0.0318156,0.0264934,0.0158472,0.00552261,0.00103003,-1.29705,-0.746545,0.43449,-0.000189874,-0.00109759,0.00159751,-0.00425481,-0.00202663,0.0105119,29.9116,0.00214251,10,0,183.005,155.262,128.153,105.881,86.199,72.864,64.1804,53.4137,0.00100093,0.000996471,0.000920466,0.000762098,0.000526638,0.000329507,0.000173609,7.41206e-05
5.075,5.23886e-09,2.62729e-09,0.94985,30,-8.34773e-06,-7.21846e-08,-0.00682914,-0.014814,-0.0232068,-0.0289397,-0.030237,-0.0223406,-0.0133663,-0.00705709,0.00235207,0.00274433,0.00251752,0.000759045,-0.0048441,-0.0116941,-0.0194734,-0.0300345,0.0246413,0.029917,0.0332802,0.0317443,0.0264317,0.0158067,0.00550626,0.00102563,-1.29706,-0.74655,0.434498,-0.000210713,-0.00110748,0.00164895,-0.00413225,-0.00195774,0.0101974,29.9118,0.00213534,10,0,183.005,155.261,128.152,105.881,86.1988,72.8638,64.1803,53.4136,0.00105754,0.0010089,0.000934163,0.000779194,0.000540902,0.000338891,0.000179358,7.68658e-05
5.08,5.12786e-09,2.56412e-09,0.94985,30,-8.16491e-06,-7.18244e-08,-0.00681858,-0.014783,-0.0231571,-0.0288766,-0.0301696,-0.0222894,-0.0133351,-0.00704044,0.00233332,0.00264078,0.00239977,0.000650063,-0.00491914,-0.0117469,-0.0195059,-0.0300496,0.0245916,0.0298522,0.033207,0.0316731,0.0263702,0.0157664,0.00548998,0.00102126,-1.29706,-0.746556,0.434507,-0.000231039,-0.00111708,0.00169908,-0.00404979,-0.00191139,0.00998616,29.912,0.00212811,10,0,183.004,155.26,128.152,105.881,86.1987,72.8637,64.1803,53.4136,0.00109614,0.00101684,0.000942987,0.00079039,0.000550439,0.000345193,0.000183221,7.87314e-05
5.085,5.01568e-09,2.50027e-09,0.94985,30,-7.98014e-06,-7.14636e-08,-0.00680802,-0.0147521,-0.0231076,-0.0288137,-0.0301024,-0.0222383,-0.013304,-0.00702385,0.00231286,0.00253578,0.00227994,0.000537924,-0.00499772,-0.0118024,-0.0195403,-0.0300657,0.0245421,0.0297875,0.0331341,0.0316022,0.0263089,0.0157262,0.00547377,0.00101692,-1.29706,-0.746562,0.434515,-0.000250847,-0.00112639,0.00174788,-0.00392535,-0.0018414,0.00966688,29.9122,0.00212081,10,0,183.004,155.259,128.151,105.88,86.1984,72.8636,64.1802,53.4136,0.00115494,0.00102821,0.000955748,0.000806854,0.000564737,0.000354678,0.000189038,8.15669e-05
5.09,4.90237e-09,2.43577e-09,0.94985,30,-7.79354e-06,-7.11022e-08,-0.00679744,-0.0147213,-0.0230581,-0.028751,-0.0300353,-0.0221874,-0.013273,-0.0070073,0.00229071,0.0024294,0.00215812,0.000422715,-0.00507977,-0.0118606,-0.0195765,-0.0300829,0.0244926,0.029723,0.0330613,0.0315314,0.0262478,0.0156862,0.00545763,0.0010126,-1.29706,-0.746567,0.434524,-0.000270133,-0.0011354,0.00179534,-0.00384173,-0.00179437,0.00945263,29.9124,0.00211346,10,0,183.004,155.258,128.15,105.88,86.1982,72.8634,64.1801,53.4136,0.00119452,0.00103542,0.000963934,0.000817597,0.000574238,0.000361002,0.000192917,8.34739e-05
5.095,4.78801e-09,2.37066e-09,0.94985,30,-7.60521e-06,-7.07405e-08,-0.00678685,-0.0146905,-0.0230088,-0.0286884,-0.0299685,-0.0221365,-0.013242,-0.00699079,0.00226689,0.0023217,0.00203438,0.000304522,-0.00516522,-0.0119214,-0.0196144,-0.0301011,0.0244432,0.0296586,0.0329886,0.0314607,0.0261868,0.0156463,0.00544157,0.00100831,-1.29706,-0.746573,0.434533,-0.000288895,-0.00114412,0.00184145,-0.0037157,-0.00172344,0.00912921,29.9125,0.00210606,10,0,183.003,155.257,128.149,105.879,86.198,72.8633,64.18,53.4135,0.00125416,0.00104569,0.000975718,0.000833335,0.000588401,0.000370459,0.000198718,8.63469e-05
5.1,4.67267e-09,2.30498e-09,0.94985,30,-7.41525e-06,-7.03786e-08,-0.00677625,-0.0146598,-0.0229595,-0.0286259,-0.0299017,-0.0220858,-0.0132112,-0.00697433,0.00224145,0.00221275,0.0019088,0.000183432,-0.00525399,-0.0119848,-0.019654,-0.0301203,0.0243938,0.0295944,0.0329161,0.0313903,0.026126,0.0156066,0.00542557,0.00100404,-1.29706,-0.746579,0.434543,-0.00030713,-0.00115255,0.00188622,-0.00363112,-0.00167583,0.00891244,29.9127,0.00209861,10,0,183.003,155.256,128.149,105.879,86.1978,72.8631,64.1799,53.4135,0.00129395,0.00105217,0.000983241,0.000843567,0.000597763,0.000376728,0.000202565,8.82641e-05
5.105,4.55639e-09,2.23876e-09,0.94985,30,-7.22377e-06,-7.00167e-08,-0.00676564,-0.0146291,-0.0229104,-0.0285635,-0.0298352,-0.0220353,-0.0131804,-0.00695792,0.0022144,0.00210261,0.00178146,5.95325e-05,-0.005346,-0.0120507,-0.0196953,-0.0301404,0.0243446,0.0295303,0.0328438,0.03132,0.0260654,0.015567,0.00540965,0.000999799,-1.29706,-0.746585,0.434552,-0.000324835,-0.00116067,0.00192962,-0.00350376,-0.00160411,0.00858558,29.9129,0.00209112,10,0,183.003,155.255,128.148,105.878,86.1975,72.863,64.1798,53.4135,0.00135348,0.00106134,0.000994016,0.000858502,0.00061165,0.000386053,0.000208286,9.11328e-05
5.11,4.43926e-09,2.17205e-09,0.94985,30,-7.03089e-06,-6.96548e-08,-0.00675503,-0.0145985,-0.0228613,-0.0285013,-0.0297688,-0.0219849,-0.0131497,-0.00694155,0.00218577,0.00199136,0.00165244,-6.70875e-05,-0.00544117,-0.012119,-0.0197382,-0.0301616,0.0242954,0.0294664,0.0327717,0.0312499,0.0260049,0.0155275,0.00539379,0.000995583,-1.29707,-0.74659,0.434562,-0.000342007,-0.0011685,0.00197166,-0.00341839,-0.00155604,0.00836675,29.9131,0.0020836,10,0,183.002,155.254,128.147,105.878,86.1973,72.8628,64.1798,53.4135,0.00139294,0.00106707,0.00100086,0.000868175,0.000620787,0.000392203,0.000212061,9.30355e-05
5.115,4.32134e-09,2.10487e-09,0.94985,30,-6.8367e-06,-6.92932e-08,-0.0067444,-0.0145679,-0.0228124,-0.0284393,-0.0297025,-0.0219346,-0.0131191,-0.00692522,0.00215561,0.00187904,0.00152181,-0.00019634,-0.00553943,-0.0121898,-0.0197828,-0.0301836,0.0242463,0.0294026,0.0326998,0.03118,0.0259446,0.0154882,0.005378,0.000991392,-1.29707,-0.746596,0.434572,-0.000358644,-0.00117602,0.00201233,-0.00328998,-0.00148369,0.00803713,29.9133,0.00207605,10,0,183.002,155.253,128.146,105.877,86.197,72.8626,64.1797,53.4134,0.00145165,0.00107511,0.0010106,0.000882244,0.000634283,0.00040131,0.000217651,9.5867e-05
5.12,4.20268e-09,2.03727e-09,0.94985,30,-6.64131e-06,-6.8932e-08,-0.00673376,-0.0145374,-0.0227635,-0.0283773,-0.0296364,-0.0218844,-0.0130886,-0.00690895,0.00212393,0.00176573,0.00138967,-0.000328137,-0.0056407,-0.0122629,-0.0198289,-0.0302066,0.0241973,0.0293389,0.032628,0.0311102,0.0258844,0.015449,0.00536228,0.000987225,-1.29707,-0.746602,0.434582,-0.000374745,-0.00118325,0.00205162,-0.003204,-0.00143524,0.00781668,29.9135,0.00206847,10,0,183.002,155.252,128.145,105.877,86.1968,72.8625,64.1796,53.4134,0.00149039,0.00108009,0.00101674,0.000891321,0.000643125,0.00040729,0.000221323,9.77356e-05
5.125,4.08336e-09,1.96929e-09,0.94985,30,-6.44482e-06,-6.85712e-08,-0.00672311,-0.014507,-0.0227148,-0.0283156,-0.0295705,-0.0218344,-0.0130582,-0.00689271,0.00209076,0.00165149,0.00125607,-0.000462388,-0.00574489,-0.0123382,-0.0198765,-0.0302304,0.0241483,0.0292754,0.0325563,0.0310407,0.0258245,0.0154099,0.00534663,0.000983084,-1.29707,-0.746608,0.434592,-0.000390307,-0.00119016,0.00208952,-0.0030748,-0.00136241,0.00748498,29.9137,0.00206088,10,0,183.001,155.251,128.144,105.876,86.1964,72.8622,64.1794,53.4133,0.00154776,0.001087,0.00102543,0.000904471,0.000656134,0.000416109,0.000226739,0.000100504
5.13,3.96343e-09,1.90095e-09,0.94985,30,-6.24735e-06,-6.82111e-08,-0.00671245,-0.0144766,-0.0226661,-0.0282539,-0.0295047,-0.0217845,-0.0130278,-0.00687652,0.00205615,0.00153638,0.00112111,-0.000599006,-0.00585193,-0.0124158,-0.0199256,-0.0302552,0.0240994,0.0292121,0.0324849,0.0309713,0.0257647,0.015371,0.00533105,0.000978966,-1.29707,-0.746614,0.434603,-0.000405331,-0.00119678,0.00212605,-0.00298838,-0.0013137,0.00726337,29.9138,0.00205327,10,0,183.001,155.25,128.144,105.876,86.1962,72.8621,64.1794,53.4133,0.00158547,0.00109123,0.00103087,0.000912921,0.000664625,0.000421877,0.000230282,0.000102323
5.135,3.84296e-09,1.83229e-09,0.94985,30,-6.04899e-06,-6.78518e-08,-0.00670179,-0.0144463,-0.0226176,-0.0281924,-0.0294391,-0.0217347,-0.0129975,-0.00686038,0.00202012,0.00142047,0.000984863,-0.000737899,-0.00596174,-0.0124956,-0.0199762,-0.0302808,0.0240506,0.0291488,0.0324136,0.030902,0.025705,0.0153322,0.00531553,0.000974873,-1.29707,-0.74662,0.434614,-0.000419813,-0.00120309,0.00216119,-0.00285865,-0.00124054,0.00693026,29.914,0.00204566,10,0,183,155.249,128.143,105.875,86.1958,72.8619,64.1792,53.4133,0.00164113,0.001097,0.00103849,0.000925111,0.000677069,0.000430349,0.00023549,0.000105007
5.14,3.72202e-09,1.76336e-09,0.94985,30,-5.84985e-06,-6.74933e-08,-0.00669111,-0.014416,-0.0225691,-0.028131,-0.0293736,-0.021685,-0.0129673,-0.00684428,0.00198269,0.00130383,0.000847403,-0.000878979,-0.00607424,-0.0125774,-0.0200282,-0.0303072,0.0240019,0.0290857,0.0323424,0.0308329,0.0256456,0.0152935,0.00530008,0.000970804,-1.29708,-0.746626,0.434625,-0.000433755,-0.00120909,0.00219493,-0.00277197,-0.00119165,0.00670792,29.9142,0.00203805,10,0,183,155.248,128.142,105.875,86.1956,72.8617,64.1791,53.4132,0.00167758,0.00110048,0.00104321,0.000932909,0.000685161,0.000435869,0.000238885,0.000106764
5.145,3.60066e-09,1.69419e-09,0.94985,30,-5.65003e-06,-6.71359e-08,-0.00668043,-0.0143858,-0.0225208,-0.0280697,-0.0293083,-0.0216355,-0.0129372,-0.00682823,0.00194392,0.0011865,0.000708809,-0.00102216,-0.00618934,-0.0126613,-0.0200815,-0.0303345,0.0239533,0.0290228,0.0322715,0.030764,0.0255862,0.015255,0.0052847,0.000966759,-1.29708,-0.746632,0.434636,-0.000447155,-0.00121479,0.00222729,-0.00264197,-0.00111831,0.00637406,29.9144,0.00203044,10,0,182.999,155.247,128.141,105.874,86.1952,72.8614,64.179,53.4132,0.00173121,0.00110512,0.00104976,0.000944106,0.000696976,0.000443948,0.000243857,0.000109347
5.15,3.47895e-09,1.6248e-09,0.94985,30,-5.44963e-06,-6.67796e-08,-0.00666974,-0.0143556,-0.0224726,-0.0280086,-0.0292432,-0.0215861,-0.0129072,-0.00681222,0.00190382,0.00106856,0.000569159,-0.00116734,-0.00630696,-0.0127471,-0.0201362,-0.0303625,0.0239047,0.02896,0.0322006,0.0306953,0.0255271,0.0152166,0.00526938,0.000962738,-1.29708,-0.746638,0.434647,-0.000460013,-0.00122019,0.00225826,-0.0025552,-0.00106935,0.00615143,29.9146,0.00202284,10,0,182.999,155.246,128.14,105.874,86.195,72.8613,64.1789,53.4131,0.00176623,0.00110784,0.00105377,0.000951233,0.00070463,0.000449193,0.000247087,0.000111032
5.155,3.35695e-09,1.55525e-09,0.94985,30,-5.24875e-06,-6.64246e-08,-0.00665904,-0.0143255,-0.0224244,-0.0279476,-0.0291782,-0.0215368,-0.0128772,-0.00679625,0.00186243,0.000950071,0.000428531,-0.00131444,-0.00642703,-0.0128349,-0.0201922,-0.0303913,0.0238562,0.0288973,0.03213,0.0306267,0.0254681,0.0151783,0.00525413,0.00095874,-1.29708,-0.746644,0.434658,-0.000472329,-0.00122527,0.00228783,-0.00242518,-0.000995973,0.00581745,29.9148,0.00201525,10,0,182.998,155.244,128.139,105.873,86.1946,72.861,64.1787,53.4131,0.00181761,0.00111136,0.00105924,0.000961411,0.000715763,0.00045684,0.000251801,0.000113501
5.16,3.23472e-09,1.48555e-09,0.94985,30,-5.04749e-06,-6.6071e-08,-0.00664833,-0.0142955,-0.0223764,-0.0278868,-0.0291133,-0.0214877,-0.0128474,-0.00678033,0.00181978,0.00083109,0.000287,-0.00146337,-0.00654945,-0.0129245,-0.0202494,-0.0304209,0.0238078,0.0288348,0.0320595,0.0305584,0.0254093,0.0151402,0.00523894,0.000954766,-1.29709,-0.74665,0.43467,-0.000484104,-0.00123005,0.00231602,-0.00233847,-0.000947042,0.00559496,29.9149,0.00200769,10,0,182.998,155.243,128.139,105.872,86.1943,72.8608,64.1786,53.413,0.00185107,0.00111333,0.00106253,0.000967852,0.000722948,0.000461785,0.000254853,0.000115106
5.165,3.11232e-09,1.41575e-09,0.94985,30,-4.84596e-06,-6.57189e-08,-0.00663762,-0.0142655,-0.0223284,-0.0278261,-0.0290486,-0.0214387,-0.0128176,-0.00676445,0.00177591,0.000711681,0.000144644,-0.00161404,-0.00667415,-0.0130159,-0.0203079,-0.0304511,0.0237595,0.0287724,0.0319892,0.0304901,0.0253506,0.0151022,0.00522382,0.000950815,-1.29709,-0.746657,0.434681,-0.000495338,-0.00123453,0.00234281,-0.00220868,-0.000873764,0.00526149,29.9151,0.00200015,10,0,182.997,155.242,128.138,105.872,86.1939,72.8606,64.1785,53.413,0.00190001,0.00111574,0.00106692,0.000976992,0.000733356,0.000468968,0.000259291,0.000117449
5.17,2.98981e-09,1.34589e-09,0.94985,30,-4.64424e-06,-6.53684e-08,-0.0066269,-0.0142356,-0.0222806,-0.0277655,-0.0289841,-0.0213898,-0.0127879,-0.00674861,0.00173085,0.000591904,1.53736e-06,-0.00176636,-0.00680105,-0.0131091,-0.0203675,-0.0304821,0.0237113,0.0287101,0.0319191,0.0304221,0.0252921,0.0150643,0.00520876,0.000946887,-1.29709,-0.746663,0.434693,-0.000506031,-0.0012387,0.00236822,-0.00212221,-0.00082495,0.00503955,29.9153,0.00199265,10,0,182.997,155.241,128.137,105.871,86.1936,72.8604,64.1784,53.4129,0.0019318,0.00111697,0.00106949,0.000982736,0.000740045,0.000473596,0.000262153,0.000118968
5.175,2.86724e-09,1.27599e-09,0.94985,30,-4.44244e-06,-6.50196e-08,-0.00661617,-0.0142057,-0.0222328,-0.0277051,-0.0289197,-0.0213411,-0.0127582,-0.00673282,0.00168463,0.00047182,-0.000142243,-0.00192024,-0.00693005,-0.0132039,-0.0204282,-0.0305138,0.0236631,0.028648,0.0318491,0.0303542,0.0252338,0.0150266,0.00519377,0.000942983,-1.29709,-0.746669,0.434705,-0.000516185,-0.00124257,0.00239224,-0.00199288,-0.000751914,0.00470722,29.9155,0.00198518,10,0,182.996,155.24,128.136,105.871,86.1932,72.8601,64.1782,53.4129,0.00197816,0.00111827,0.00107282,0.000990824,0.000749694,0.000480289,0.0002663,0.000121177
5.18,2.74469e-09,1.20609e-09,0.94985,30,-4.24066e-06,-6.46726e-08,-0.00660543,-0.0141759,-0.0221852,-0.0276448,-0.0288555,-0.0212924,-0.0127287,-0.00671707,0.00163729,0.000351489,-0.000286623,-0.00207558,-0.00706108,-0.0133003,-0.02049,-0.0305461,0.023615,0.028586,0.0317792,0.0302865,0.0251756,0.014989,0.00517884,0.000939101,-1.2971,-0.746675,0.434717,-0.000525801,-0.00124613,0.00241488,-0.00190681,-0.000703307,0.00448622,29.9157,0.00197775,10,0,182.995,155.239,128.135,105.87,86.1929,72.8599,64.1781,53.4128,0.00200818,0.00111878,0.00107468,0.000995864,0.000755866,0.000484583,0.000268964,0.000122604
5.185,2.6222e-09,1.13622e-09,0.94985,30,-4.03898e-06,-6.43276e-08,-0.00659469,-0.0141461,-0.0221377,-0.0275846,-0.0287914,-0.0212439,-0.0126992,-0.00670137,0.00158886,0.000230971,-0.000431527,-0.00223231,-0.00719406,-0.0133982,-0.0205529,-0.0305791,0.023567,0.0285242,0.0317096,0.0302189,0.0251176,0.0149515,0.00516397,0.000935241,-1.2971,-0.746681,0.434729,-0.00053488,-0.00124939,0.00243614,-0.00177817,-0.000630647,0.00415563,29.9159,0.00197036,10,0,182.995,155.238,128.134,105.869,86.1925,72.8596,64.1779,53.4128,0.00205185,0.00111899,0.00107694,0.00100289,0.000764728,0.000490766,0.000272808,0.000124673
5.19,2.49983e-09,1.06641e-09,0.94985,30,-3.8375e-06,-6.39847e-08,-0.00658394,-0.0141164,-0.0220902,-0.0275245,-0.0287274,-0.0211955,-0.0126698,-0.0066857,0.00153938,0.000110323,-0.000576882,-0.00239034,-0.00732889,-0.0134976,-0.0206168,-0.0306127,0.0235191,0.0284625,0.0316401,0.0301515,0.0250597,0.0149141,0.00514916,0.000931404,-1.2971,-0.746688,0.434741,-0.000543425,-0.00125235,0.00245603,-0.00169265,-0.000582338,0.00393598,29.916,0.00196303,10,0,182.994,155.237,128.133,105.869,86.1922,72.8594,64.1778,53.4127,0.00208004,0.00111877,0.0010781,0.00100722,0.000770367,0.000494715,0.000275268,0.000126004
5.195,2.37764e-09,9.96707e-10,0.94985,30,-3.63632e-06,-6.36438e-08,-0.00657319,-0.0140868,-0.0220429,-0.0274646,-0.0286637,-0.0211473,-0.0126405,-0.00667008,0.00148888,-1.03939e-05,-0.000722613,-0.00254956,-0.00746551,-0.0135985,-0.0206817,-0.0306468,0.0234712,0.0284009,0.0315707,0.0300843,0.025002,0.0148768,0.00513442,0.000927589,-1.2971,-0.746694,0.434754,-0.000551438,-0.00125501,0.00247455,-0.00156494,-0.000510184,0.00360771,29.9162,0.00195575,10,0,182.993,155.236,128.132,105.868,86.1918,72.8591,64.1776,53.4127,0.00212092,0.00111792,0.00107931,0.00101319,0.00077842,0.000500372,0.0002788,0.000127926
5.2,2.25569e-09,9.2713e-10,0.94985,30,-3.43553e-06,-6.33052e-08,-0.00656243,-0.0140572,-0.0219956,-0.0274048,-0.0286,-0.0210991,-0.0126113,-0.0066545,0.0014374,-0.000131124,-0.00086865,-0.00270991,-0.00760381,-0.0137007,-0.0207475,-0.0306816,0.0234234,0.0283395,0.0315015,0.0300172,0.0249444,0.0148397,0.00511974,0.000923797,-1.29711,-0.7467,0.434766,-0.000558919,-0.00125736,0.00249171,-0.00148012,-0.000462258,0.0033898,29.9164,0.00194854,10,0,182.993,155.235,128.131,105.868,86.1915,72.8589,64.1775,53.4126,0.00214723,0.001117,0.00107977,0.00101681,0.000783515,0.000503964,0.00028105,0.000129158
5.205,2.13402e-09,8.57714e-10,0.94985,30,-3.23522e-06,-6.2969e-08,-0.00655166,-0.0140277,-0.0219484,-0.0273452,-0.0285366,-0.0210511,-0.0125821,-0.00663897,0.00138496,-0.000251809,-0.00101492,-0.00287128,-0.00774373,-0.0138042,-0.0208141,-0.0307169,0.0233757,0.0282782,0.0314325,0.0299503,0.024887,0.0148027,0.00510512,0.000920026,-1.29711,-0.746707,0.434779,-0.000565873,-0.00125942,0.00250751,-0.00135356,-0.000390739,0.00306441,29.9166,0.00194138,10,0,182.992,155.233,128.13,105.867,86.191,72.8586,64.1773,53.4125,0.00218526,0.00111509,0.00107994,0.00102171,0.000790742,0.000509082,0.000284263,0.000130929
5.21,2.01271e-09,7.88492e-10,0.94985,30,-3.03548e-06,-6.26352e-08,-0.00654089,-0.0139982,-0.0219014,-0.0272856,-0.0284732,-0.0210032,-0.012553,-0.00662348,0.00133161,-0.000372392,-0.00116135,-0.00303359,-0.00788518,-0.0139089,-0.0208817,-0.0307527,0.0233281,0.028217,0.0313636,0.0298836,0.0248298,0.0147659,0.00509056,0.000916278,-1.29711,-0.746713,0.434791,-0.000572301,-0.00126119,0.00252195,-0.00126958,-0.00034328,0.0028486,29.9167,0.0019343,10,0,182.991,155.232,128.13,105.866,86.1907,72.8584,64.1772,53.4125,0.00220965,0.00111348,0.00107971,0.00102463,0.000795282,0.000512312,0.000286298,0.000132059
5.215,1.89179e-09,7.19493e-10,0.94985,30,-2.83639e-06,-6.23038e-08,-0.00653011,-0.0139688,-0.0218544,-0.0272263,-0.02841,-0.0209555,-0.012524,-0.00660802,0.00127738,-0.000492818,-0.00130786,-0.00319676,-0.00802807,-0.0140148,-0.02095,-0.030789,0.0232806,0.028156,0.0312949,0.029817,0.0247727,0.0147291,0.00507606,0.000912551,-1.29712,-0.746719,0.434804,-0.000578207,-0.00126265,0.00253506,-0.00114437,-0.000272517,0.00252666,29.9169,0.00192729,10,0,182.99,155.231,128.129,105.866,86.1902,72.858,64.177,53.4124,0.00224477,0.00111056,0.00107887,0.00102847,0.000801672,0.000516882,0.000289188,0.000133676
5.22,1.77132e-09,6.50748e-10,0.94985,30,-2.63805e-06,-6.19751e-08,-0.00651933,-0.0139394,-0.0218076,-0.027167,-0.028347,-0.0209078,-0.0124951,-0.00659262,0.0012223,-0.000613032,-0.0014544,-0.0033607,-0.00817232,-0.0141218,-0.0210191,-0.0308258,0.0232331,0.0280951,0.0312264,0.0297506,0.0247158,0.0146925,0.00506163,0.000908845,-1.29712,-0.746726,0.434817,-0.000583594,-0.00126383,0.00254683,-0.00106138,-0.000225607,0.00231332,29.9171,0.00192035,10,0,182.99,155.23,128.128,105.865,86.1899,72.8578,64.1769,53.4124,0.0022672,0.00110827,0.00107797,0.00103068,0.000805651,0.000519745,0.000291006,0.000134702
5.225,1.65136e-09,5.82288e-10,0.94985,30,-2.44054e-06,-6.16491e-08,-0.00650855,-0.0139101,-0.0217608,-0.0271079,-0.0282841,-0.0208603,-0.0124662,-0.00657725,0.00116641,-0.000732978,-0.00160089,-0.00352533,-0.00831785,-0.0142298,-0.0210889,-0.0308631,0.0231858,0.0280343,0.031158,0.0296843,0.024659,0.014656,0.00504725,0.000905161,-1.29712,-0.746732,0.434829,-0.000588464,-0.00126471,0.00255727,-0.000937742,-0.000155721,0.00199534,29.9173,0.00191349,10,0,182.989,155.229,128.127,105.864,86.1894,72.8575,64.1767,53.4123,0.00229937,0.00110435,0.00107613,0.00103347,0.000811197,0.00052376,0.000293568,0.000136162
5.23,1.53195e-09,5.14141e-10,0.94985,30,-2.24394e-06,-6.13259e-08,-0.00649775,-0.0138808,-0.0217141,-0.0270489,-0.0282214,-0.0208129,-0.0124375,-0.00656192,0.00110975,-0.000852602,-0.00174726,-0.00369055,-0.00846458,-0.0143389,-0.0211594,-0.0309008,0.0231385,0.0279737,0.0310897,0.0296182,0.0246024,0.0146196,0.00503293,0.000901498,-1.29712,-0.746738,0.434842,-0.000592822,-0.0012653,0.0025664,-0.000855867,-0.000109436,0.00178483,29.9175,0.00190672,10,0,182.988,155.228,128.126,105.864,86.1891,72.8573,64.1766,53.4122,0.00231982,0.00110141,0.00107457,0.00103498,0.000814611,0.000526251,0.000295166,0.000137083
5.235,1.41315e-09,4.46337e-10,0.94985,30,-2.04834e-06,-6.10055e-08,-0.00648696,-0.0138516,-0.0216675,-0.02699,-0.0281588,-0.0207656,-0.0124088,-0.00654664,0.00105234,-0.000971852,-0.00189344,-0.00385629,-0.00861243,-0.0144488,-0.0212305,-0.0309389,0.0230912,0.0279132,0.0310217,0.0295523,0.0245459,0.0145833,0.00501867,0.000897856,-1.29713,-0.746744,0.434855,-0.000596672,-0.0012656,0.00257421,-0.000733997,-4.05413e-05,0.00147134,29.9176,0.00190004,10,0,182.988,155.227,128.125,105.863,86.1886,72.8569,64.1764,53.4122,0.00234902,0.00109651,0.00107175,0.00103673,0.000819309,0.000529708,0.000297399,0.000138385
5.24,1.29501e-09,3.78905e-10,0.94985,30,-1.85383e-06,-6.0688e-08,-0.00647616,-0.0138225,-0.0216211,-0.0269312,-0.0280964,-0.0207184,-0.0123801,-0.0065314,0.00099423,-0.00109068,-0.00203936,-0.00402245,-0.00876131,-0.0145596,-0.0213022,-0.0309774,0.0230441,0.0278528,0.0309537,0.0294865,0.0244896,0.0145472,0.00500447,0.000894236,-1.29713,-0.746751,0.434868,-0.000600016,-0.00126562,0.00258073,-0.000653372,5.04208e-06,0.00126398,29.9178,0.00189344,10,0,182.987,155.226,128.124,105.863,86.1883,72.8567,64.1763,53.4121,0.00236748,0.00109293,0.00106955,0.00103755,0.000822157,0.000531826,0.000298778,0.0001392
5.245,1.17757e-09,3.11873e-10,0.94985,30,-1.66047e-06,-6.03735e-08,-0.00646536,-0.0137934,-0.0215747,-0.0268726,-0.0280341,-0.0206714,-0.0123516,-0.0065162,0.000935448,-0.00120902,-0.00218497,-0.00418897,-0.00891114,-0.0146712,-0.0213745,-0.0310163,0.022997,0.0277926,0.030886,0.0294209,0.0244334,0.0145112,0.00499033,0.000890636,-1.29713,-0.746757,0.434881,-0.00060286,-0.00126536,0.00258596,-0.00053346,7.28346e-05,0.000955472,29.918,0.00188694,10,0,182.986,155.225,128.123,105.862,86.1878,72.8564,64.1761,53.412,0.00239368,0.0010871,0.00106578,0.00103827,0.000826006,0.000534723,0.00030068,0.000140342
5.25,1.06089e-09,2.45268e-10,0.94985,30,-1.46836e-06,-6.00621e-08,-0.00645455,-0.0137643,-0.0215284,-0.0268141,-0.0279719,-0.0206245,-0.0123231,-0.00650104,0.00087603,-0.00132684,-0.00233019,-0.00435575,-0.00906184,-0.0147835,-0.0214473,-0.0310555,0.02295,0.0277325,0.0308184,0.0293555,0.0243774,0.0144753,0.00497625,0.000887056,-1.29714,-0.746763,0.434894,-0.000605208,-0.00126481,0.00258991,-0.000454211,0.000117644,0.000751589,29.9182,0.00188054,10,0,182.985,155.224,128.122,105.861,86.1875,72.8561,64.1759,53.412,0.00241015,0.00108291,0.00106295,0.00103841,0.00082829,0.000536468,0.000301838,0.000141051
5.255,9.45e-10,1.79117e-10,0.94985,30,-1.27756e-06,-5.97538e-08,-0.00644374,-0.0137354,-0.0214822,-0.0267558,-0.0279099,-0.0205777,-0.0122947,-0.00648592,0.00081601,-0.00144407,-0.00247496,-0.00452271,-0.00921333,-0.0148965,-0.0215206,-0.031095,0.0229031,0.0276726,0.0307509,0.0292902,0.0243215,0.0144395,0.00496223,0.000883497,-1.29714,-0.74677,0.434907,-0.000607064,-0.00126399,0.0025926,-0.000336441,0.000184229,0.000448546,29.9183,0.00187423,10,0,182.984,155.222,128.121,105.861,86.187,72.8558,64.1757,53.4119,0.00243336,0.00107617,0.00105825,0.00103811,0.000831293,0.000538806,0.000303411,0.000142033
5.26,8.29962e-10,1.13448e-10,0.94985,30,-1.08816e-06,-5.94488e-08,-0.00643292,-0.0137064,-0.0214361,-0.0266976,-0.0278481,-0.020531,-0.0122664,-0.00647084,0.000755423,-0.00156068,-0.00261921,-0.00468978,-0.00936554,-0.0150101,-0.0215944,-0.0311349,0.0228563,0.0276127,0.0306836,0.029225,0.0242658,0.0144038,0.00494826,0.000879959,-1.29714,-0.746776,0.43492,-0.000608432,-0.00126289,0.00259404,-0.000258688,0.000228196,0.000248453,29.9185,0.00186802,10,0,182.984,155.222,128.121,105.86,86.1867,72.8556,64.1756,53.4118,0.00244783,0.00107138,0.00105482,0.00103758,0.000833014,0.000540179,0.000304349,0.000142635
5.265,7.15816e-10,4.82867e-11,0.94985,30,-9.00224e-07,-5.9147e-08,-0.0064221,-0.0136776,-0.0213901,-0.0266395,-0.0277864,-0.0204844,-0.0122382,-0.0064558,0.000694304,-0.0016766,-0.00276289,-0.00485686,-0.00951838,-0.0151243,-0.0216685,-0.031175,0.0228096,0.027553,0.0306165,0.0291601,0.0242102,0.0143682,0.00493435,0.00087644,-1.29715,-0.746782,0.434933,-0.000609319,-0.00126152,0.00259423,-0.000143236,0.000293471,-4.8674e-05,29.9187,0.00186192,10,0,182.983,155.22,128.12,105.859,86.1862,72.8552,64.1754,53.4118,0.00246804,0.00106377,0.00104923,0.0010363,0.000835176,0.000541961,0.000305593,0.000143458
5.27,6.02607e-10,-1.63419e-11,0.94985,30,-7.13834e-07,-5.88486e-08,-0.00641128,-0.0136487,-0.0213442,-0.0265815,-0.0277248,-0.020438,-0.01221,-0.0064408,0.000632687,-0.00179181,-0.00290593,-0.00502389,-0.00967177,-0.0152389,-0.021743,-0.0312154,0.0227629,0.0274934,0.0305495,0.0290952,0.0241548,0.0143328,0.00492049,0.000872942,-1.29715,-0.746789,0.434946,-0.000609728,-0.00125988,0.00259319,-6.70925e-05,0.000336528,-0.00024468,29.9189,0.00185592,10,0,182.982,155.219,128.119,105.859,86.1858,72.855,64.1753,53.4117,0.00248052,0.00105842,0.00104521,0.00103511,0.00083634,0.000542964,0.000306314,0.000143953
5.275,4.90378e-10,-8.04122e-11,0.94985,30,-5.2906e-07,-5.85535e-08,-0.00640046,-0.01362,-0.0212984,-0.0265236,-0.0276634,-0.0203916,-0.0121819,-0.00642585,0.000570607,-0.00190624,-0.00304827,-0.00519079,-0.00982563,-0.015354,-0.0218178,-0.031256,0.0227163,0.027434,0.0304826,0.0290306,0.0240995,0.0142975,0.0049067,0.000869463,-1.29715,-0.746795,0.434959,-0.000609665,-0.00125797,0.00259094,4.5873e-05,0.000400397,-0.000535454,29.919,0.00185004,10,0,182.981,155.218,128.118,105.858,86.1853,72.8546,64.175,53.4116,0.00249774,0.00104997,0.00103875,0.00103286,0.00083767,0.000544194,0.000307232,0.000144617
5.28,3.79173e-10,-1.439e-10,0.94985,30,-3.45972e-07,-5.82619e-08,-0.00638963,-0.0135913,-0.0212527,-0.0264659,-0.0276021,-0.0203454,-0.0121539,-0.00641093,0.000508098,-0.00201985,-0.00318984,-0.00535747,-0.00997989,-0.0154695,-0.0218929,-0.0312968,0.0226698,0.0273747,0.0304159,0.0289661,0.0240444,0.0142623,0.00489295,0.000866005,-1.29715,-0.746801,0.434972,-0.000609136,-0.0012558,0.00258749,0.000120298,0.000442482,-0.000727089,29.9192,0.00184425,10,0,182.981,155.217,128.117,105.857,86.185,72.8544,64.1749,53.4116,0.00250824,0.00104407,0.00103416,0.00103103,0.000838281,0.000544831,0.000307736,0.000145007
5.285,2.69032e-10,-2.0678e-10,0.94985,30,-1.64638e-07,-5.79737e-08,-0.0063788,-0.0135626,-0.0212071,-0.0264083,-0.027541,-0.0202993,-0.0121259,-0.00639606,0.000445194,-0.0021326,-0.0033306,-0.00552386,-0.0101345,-0.0155853,-0.0219683,-0.0313378,0.0226234,0.0273155,0.0303494,0.0289017,0.0239894,0.0142272,0.00487927,0.000862566,-1.29716,-0.746808,0.434984,-0.000608146,-0.00125337,0.00258285,0.000230618,0.000504852,-0.0010111,29.9194,0.00183858,10,0,182.98,155.216,128.116,105.857,86.1845,72.854,64.1747,53.4115,0.0025225,0.00103483,0.00102687,0.00102782,0.00083879,0.000545514,0.000308331,0.000145512
5.29,1.59997e-10,-2.69031e-10,0.94985,30,1.48745e-08,-5.76892e-08,-0.00636797,-0.013534,-0.0211615,-0.0263509,-0.02748,-0.0202533,-0.012098,-0.00638122,0.000381929,-0.00224444,-0.00347048,-0.00568989,-0.0102893,-0.0157013,-0.0220439,-0.0313791,0.022577,0.0272565,0.030283,0.0288375,0.0239346,0.0141922,0.00486564,0.000859146,-1.29716,-0.746814,0.434997,-0.000606701,-0.00125068,0.00257704,0.000303221,0.000545906,-0.00119809,29.9196,0.00183302,10,0,182.979,155.215,128.115,105.856,86.1841,72.8538,64.1746,53.4114,0.00253103,0.00102841,0.00102175,0.00102537,0.000838858,0.000545789,0.000308622,0.000145797
5.295,5.21085e-11,-3.30627e-10,0.94985,30,1.92499e-07,-5.74082e-08,-0.00635714,-0.0135054,-0.0211161,-0.0262935,-0.0274192,-0.0202075,-0.0120702,-0.00636643,0.000318336,-0.00235533,-0.00360943,-0.00585548,-0.0104443,-0.0158176,-0.0221196,-0.0314204,0.0225308,0.0271976,0.0302168,0.0287735,0.0238799,0.0141573,0.00485206,0.000855746,-1.29716,-0.74682,0.43501,-0.000604806,-0.00124774,0.00257008,0.000410744,0.000606689,-0.00147494,29.9197,0.00182758,10,0,182.978,155.214,128.114,105.855,86.1836,72.8534,64.1743,53.4113,0.00254235,0.0010184,0.00101366,0.00102124,0.000838557,0.000545933,0.000308898,0.000146147
5.3,-5.45959e-11,-3.91548e-10,0.94985,30,3.68171e-07,-5.71309e-08,-0.0063463,-0.0134769,-0.0210708,-0.0262363,-0.0273585,-0.0201617,-0.0120425,-0.00635167,0.000254449,-0.00246522,-0.00374739,-0.00602056,-0.0105994,-0.0159339,-0.0221955,-0.0314619,0.0224846,0.0271388,0.0301507,0.0287096,0.0238253,0.0141226,0.00483854,0.000852366,-1.29717,-0.746826,0.435023,-0.000602468,-0.00124454,0.00256197,0.000481427,0.000646655,-0.00165704,29.9199,0.00182224,10,0,182.977,155.213,128.114,105.855,86.1833,72.8532,64.1742,53.4113,0.00254893,0.00101149,0.00100801,0.00101818,0.00083809,0.000545852,0.000308978,0.000146328
5.305,-1.60078e-10,-4.51772e-10,0.94985,30,5.41829e-07,-5.68572e-08,-0.00633546,-0.0134485,-0.0210255,-0.0261792,-0.0272979,-0.0201161,-0.0120149,-0.00633695,0.000190302,-0.00257408,-0.0038843,-0.00618505,-0.0107545,-0.0160504,-0.0222714,-0.0315035,0.0224385,0.0270801,0.0300848,0.0286459,0.0237709,0.0140879,0.00482508,0.000849004,-1.29717,-0.746833,0.435036,-0.000599692,-0.0012411,0.00255273,0.00058601,0.00070577,-0.00192635,29.9201,0.00181702,10,0,182.976,155.212,128.113,105.854,86.1828,72.8528,64.174,53.4112,0.00255735,0.00100077,0.000999162,0.00101316,0.000836995,0.000545467,0.000308942,0.000146523
5.31,-2.643e-10,-5.11276e-10,0.94985,30,7.13411e-07,-5.65873e-08,-0.00632462,-0.0134201,-0.0209804,-0.0261223,-0.0272375,-0.0200706,-0.0119873,-0.00632228,0.000125927,-0.00268187,-0.00402012,-0.00634888,-0.0109095,-0.0161669,-0.0223474,-0.0315451,0.0223925,0.0270216,0.030019,0.0285823,0.0237167,0.0140534,0.00481167,0.000845661,-1.29717,-0.746839,0.435049,-0.000596486,-0.00123742,0.00254239,0.000654682,0.000744595,-0.00210332,29.9202,0.00181192,10,0,182.976,155.211,128.112,105.854,86.1824,72.8526,64.1739,53.4111,0.00256201,0.000993394,0.000993019,0.00100951,0.000836005,0.000545036,0.000308814,0.000146602
5.315,-3.67227e-10,-5.70041e-10,0.94985,30,8.82859e-07,-5.63212e-08,-0.00631378,-0.0133918,-0.0209353,-0.0260654,-0.0271772,-0.0200252,-0.0119598,-0.00630764,6.13572e-05,-0.00278854,-0.00415478,-0.00651198,-0.0110644,-0.0162834,-0.0224235,-0.0315869,0.0223465,0.0269632,0.0299534,0.0285189,0.0236625,0.0140189,0.00479831,0.000842337,-1.29718,-0.746845,0.435061,-0.000592855,-0.00123349,0.00253095,0.000756192,0.000801964,-0.00236475,29.9204,0.00180693,10,0,182.975,155.21,128.111,105.853,86.1819,72.8522,64.1736,53.411,0.00256757,0.000981998,0.000983447,0.00100362,0.000834132,0.000544131,0.00030847,0.000146645
5.32,-4.68824e-10,-6.28046e-10,0.94985,30,1.05011e-06,-5.60588e-08,-0.00630294,-0.0133635,-0.0208904,-0.0260087,-0.0271171,-0.0199799,-0.0119323,-0.00629304,-3.37469e-06,-0.00289405,-0.00428824,-0.00667428,-0.0112192,-0.0163998,-0.0224995,-0.0316287,0.0223006,0.0269049,0.0298879,0.0284556,0.0236086,0.0139846,0.004785,0.000839032,-1.29718,-0.746851,0.435074,-0.000588807,-0.00122933,0.00251843,0.000822766,0.000839597,-0.00253635,29.9206,0.00180205,10,0,182.974,155.209,128.11,105.852,86.1816,72.852,64.1735,53.411,0.00257033,0.000974186,0.000976834,0.000999404,0.000832629,0.000543357,0.000308139,0.000146623
5.325,-5.69056e-10,-6.85272e-10,0.94985,30,1.21512e-06,-5.58003e-08,-0.0062921,-0.0133353,-0.0208455,-0.0259521,-0.0270571,-0.0199347,-0.011905,-0.00627848,-6.82364e-05,-0.00299838,-0.00442045,-0.00683572,-0.0113736,-0.016516,-0.0225755,-0.0316705,0.0222549,0.0268467,0.0298226,0.0283925,0.0235547,0.0139504,0.00477175,0.000835745,-1.29718,-0.746857,0.435086,-0.000584347,-0.00122494,0.00250486,0.000921077,0.000895147,-0.00278958,29.9208,0.00179728,10,0,182.973,155.208,128.109,105.852,86.181,72.8516,64.1733,53.4109,0.00257307,0.000962159,0.000966579,0.000992672,0.000829997,0.000541943,0.000307494,0.000146517
5.33,-6.67891e-10,-7.41699e-10,0.94985,30,1.37782e-06,-5.55457e-08,-0.00628125,-0.0133071,-0.0208007,-0.0258957,-0.0269972,-0.0198897,-0.0118777,-0.00626396,-0.000133196,-0.00310147,-0.00455135,-0.00699623,-0.0115277,-0.0166321,-0.0226514,-0.0317123,0.0222091,0.0267887,0.0297574,0.0283295,0.0235011,0.0139163,0.00475855,0.000832477,-1.29718,-0.746863,0.435099,-0.000579483,-0.00122032,0.00249024,0.000985473,0.000931542,-0.0029556,29.9209,0.00179263,10,0,182.972,155.207,128.109,105.851,86.1807,72.8514,64.1731,53.4108,0.00257396,0.000953942,0.000959524,0.000987913,0.000827995,0.000540835,0.000306965,0.000146397
5.335,-7.65297e-10,-7.97309e-10,0.94985,30,1.53817e-06,-5.52949e-08,-0.00627041,-0.013279,-0.020756,-0.0258393,-0.0269375,-0.0198447,-0.0118505,-0.00624948,-0.000198221,-0.0032033,-0.0046809,-0.00715573,-0.0116814,-0.016748,-0.0227272,-0.0317541,0.0221635,0.0267308,0.0296924,0.0282667,0.0234475,0.0138824,0.00474541,0.000829227,-1.29719,-0.746869,0.435111,-0.000574222,-0.00121547,0.0024746,0.00108047,0.000985206,-0.00320032,29.9211,0.00178809,10,0,182.971,155.206,128.108,105.85,86.1802,72.851,64.1729,53.4108,0.00257393,0.00094133,0.000948625,0.000980378,0.000824625,0.000538926,0.000306025,0.000146144
5.34,-8.61243e-10,-8.52085e-10,0.94985,30,1.69611e-06,-5.50481e-08,-0.00625956,-0.0132509,-0.0207114,-0.0257831,-0.026878,-0.0197999,-0.0118233,-0.00623504,-0.000263282,-0.00330383,-0.00480906,-0.00731417,-0.0118346,-0.0168635,-0.0228028,-0.0317959,0.022118,0.0266731,0.0296275,0.0282041,0.0233941,0.0138485,0.00473231,0.000825995,-1.29719,-0.746875,0.435124,-0.00056857,-0.00121041,0.00245795,0.00114261,0.00102032,-0.00336057,29.9213,0.00178367,10,0,182.971,155.206,128.107,105.85,86.1799,72.8508,64.1728,53.4107,0.002573,0.000932739,0.000941155,0.000975095,0.000822137,0.000537491,0.000305302,0.000145927
5.345,-9.55699e-10,-9.06008e-10,0.94985,30,1.85159e-06,-5.48052e-08,-0.00624872,-0.0132229,-0.0206669,-0.025727,-0.0268185,-0.0197552,-0.0117962,-0.00622064,-0.000328345,-0.00340302,-0.00493577,-0.00747149,-0.0119873,-0.0169787,-0.0228782,-0.0318376,0.0220725,0.0266154,0.0295628,0.0281416,0.0233408,0.0138147,0.00471927,0.000822782,-1.29719,-0.746881,0.435136,-0.000562535,-0.00120512,0.00244032,0.00123419,0.00107204,-0.00359649,29.9214,0.00177935,10,0,182.97,155.204,128.106,105.849,86.1793,72.8505,64.1726,53.4106,0.00257026,0.000919589,0.000929656,0.00096679,0.00081805,0.0005351,0.000304075,0.000145531
5.35,-1.04864e-09,-9.59063e-10,0.94985,30,2.00457e-06,-5.45663e-08,-0.00623787,-0.0131949,-0.0206225,-0.0256711,-0.0267592,-0.0197106,-0.0117692,-0.00620627,-0.000393382,-0.00350085,-0.00506099,-0.00762761,-0.0121393,-0.0170935,-0.0229534,-0.0318793,0.0220271,0.0265579,0.0294982,0.0280792,0.0232877,0.013781,0.00470628,0.000819586,-1.2972,-0.746887,0.435148,-0.000556124,-0.00119963,0.00242172,0.00129401,0.00110583,-0.00375079,29.9216,0.00177514,10,0,182.969,155.204,128.106,105.849,86.179,72.8502,64.1724,53.4105,0.00256754,0.000910655,0.000921801,0.000961005,0.000815092,0.000533349,0.000303164,0.00014522
5.355,-1.14003e-09,-1.01123e-09,0.94985,30,2.155e-06,-5.43314e-08,-0.00622702,-0.013167,-0.0205782,-0.0256152,-0.0267001,-0.0196661,-0.0117423,-0.00619194,-0.00045836,-0.00359728,-0.00518468,-0.00778248,-0.0122907,-0.0172079,-0.0230284,-0.0319208,0.0219818,0.0265005,0.0294337,0.028017,0.0232347,0.0137475,0.00469334,0.000816408,-1.2972,-0.746893,0.43516,-0.000549344,-0.00119392,0.00240216,0.00138206,0.00115554,-0.00397765,29.9218,0.00177104,10,0,182.968,155.203,128.105,105.848,86.1785,72.8499,64.1722,53.4105,0.00256214,0.000897017,0.000909745,0.000951967,0.000810312,0.000530491,0.000301659,0.000144685
5.36,-1.22984e-09,-1.0625e-09,0.94985,30,2.30283e-06,-5.41005e-08,-0.00621618,-0.0131391,-0.020534,-0.0255595,-0.0266411,-0.0196217,-0.0117154,-0.00617766,-0.00052325,-0.00369228,-0.00530679,-0.00793603,-0.0124414,-0.0173217,-0.023103,-0.0319623,0.0219366,0.0264432,0.0293695,0.0279549,0.0231819,0.013714,0.00468045,0.000813248,-1.2972,-0.746899,0.435172,-0.000542204,-0.00118802,0.00238168,0.0014395,0.00118797,-0.00412583,29.9219,0.00176705,10,0,182.967,155.202,128.104,105.847,86.1782,72.8496,64.1721,53.4104,0.00255767,0.000887773,0.000901534,0.000945706,0.0008069,0.000528433,0.000300566,0.000144282
5.365,-1.31806e-09,-1.11286e-09,0.94985,30,2.44803e-06,-5.38736e-08,-0.00620533,-0.0131113,-0.0204898,-0.0255039,-0.0265822,-0.0195775,-0.0116886,-0.00616341,-0.000588023,-0.00378582,-0.00542729,-0.00808822,-0.0125912,-0.017435,-0.0231774,-0.0320036,0.0218914,0.0263861,0.0293053,0.027893,0.0231292,0.0136807,0.00466761,0.000810105,-1.2972,-0.746905,0.435184,-0.00053471,-0.00118191,0.00236028,0.00152393,0.00123562,-0.00434339,29.9221,0.00176316,10,0,182.966,155.201,128.103,105.847,86.1777,72.8493,64.1719,53.4103,0.00254969,0.000873696,0.000888967,0.000935972,0.000801451,0.000525123,0.000298791,0.000143611
5.37,-1.40465e-09,-1.16228e-09,0.94985,30,2.59054e-06,-5.36507e-08,-0.00619448,-0.0130836,-0.0204458,-0.0254484,-0.0265235,-0.0195333,-0.0116619,-0.00614919,-0.000652649,-0.00387787,-0.00554613,-0.00823897,-0.0127401,-0.0175478,-0.0232513,-0.0320448,0.0218463,0.0263291,0.0292413,0.0278312,0.0230766,0.0136474,0.00465482,0.00080698,-1.29721,-0.746911,0.435196,-0.00052687,-0.00117561,0.002338,0.00157893,0.00126667,-0.00448531,29.9223,0.00175937,10,0,182.966,155.2,128.103,105.846,86.1773,72.849,64.1717,53.4103,0.00254352,0.000864178,0.00088043,0.00092926,0.000797602,0.000522769,0.00029752,0.000143119
5.375,-1.4896e-09,-1.21077e-09,0.94985,30,2.73034e-06,-5.34319e-08,-0.00618364,-0.0130559,-0.0204019,-0.0253931,-0.0264649,-0.0194893,-0.0116352,-0.00613502,-0.000717098,-0.00396841,-0.00566327,-0.00838824,-0.0128882,-0.0176599,-0.0233249,-0.0320858,0.0218014,0.0262722,0.0291775,0.0277696,0.0230242,0.0136143,0.00464208,0.000803872,-1.29721,-0.746917,0.435207,-0.000518691,-0.00116911,0.00231484,0.00165968,0.00131221,-0.00469336,29.9224,0.00175569,10,0,182.965,155.199,128.102,105.845,86.1768,72.8487,64.1715,53.4102,0.00253302,0.000849715,0.0008674,0.000918868,0.00079151,0.000519024,0.000295486,0.000142317
5.38,-1.57288e-09,-1.25829e-09,0.94985,30,2.86739e-06,-5.32171e-08,-0.0061728,-0.0130282,-0.020358,-0.0253378,-0.0264064,-0.0194453,-0.0116087,-0.00612088,-0.000781343,-0.0040574,-0.00577869,-0.00853597,-0.0130352,-0.0177713,-0.0233981,-0.0321266,0.0217564,0.0262154,0.0291138,0.0277081,0.0229719,0.0135813,0.0046294,0.000800782,-1.29721,-0.746923,0.435219,-0.000510183,-0.00116243,0.00229083,0.00171218,0.00134184,-0.00482887,29.9226,0.0017521,10,0,182.964,155.199,128.101,105.845,86.1765,72.8485,64.1714,53.4101,0.00252521,0.000839957,0.00085857,0.000911731,0.000787242,0.000516386,0.000294045,0.000141739
5.385,-1.65446e-09,-1.30485e-09,0.94985,30,3.00164e-06,-5.30064e-08,-0.00616195,-0.0130006,-0.0203142,-0.0252827,-0.0263481,-0.0194015,-0.0115821,-0.00610678,-0.000845354,-0.00414483,-0.00589233,-0.00868211,-0.0131812,-0.0178819,-0.0234709,-0.0321673,0.0217116,0.0261588,0.0290502,0.0276468,0.0229197,0.0135483,0.00461676,0.000797708,-1.29721,-0.746929,0.43523,-0.000501352,-0.00115557,0.00226599,0.00178916,0.00138523,-0.00502721,29.9228,0.00174861,10,0,182.963,155.198,128.1,105.844,86.176,72.8481,64.1712,53.41,0.00251226,0.000825162,0.000845124,0.000900722,0.000780536,0.000512222,0.000291759,0.000140809
5.39,-1.73433e-09,-1.35043e-09,0.94985,30,3.13306e-06,-5.27998e-08,-0.00615111,-0.0129731,-0.0202706,-0.0252277,-0.0262899,-0.0193578,-0.0115557,-0.00609272,-0.000909105,-0.00423065,-0.00600417,-0.0088266,-0.0133261,-0.0179918,-0.0235431,-0.0322077,0.0216669,0.0261023,0.0289868,0.0275856,0.0228677,0.0135155,0.00460417,0.000794652,-1.29722,-0.746934,0.435241,-0.000492206,-0.00114854,0.00224033,0.00183913,0.00141341,-0.00515619,29.9229,0.00174521,10,0,182.962,155.197,128.1,105.844,86.1757,72.8479,64.1711,53.41,0.00250284,0.000815201,0.000836033,0.000893187,0.000775868,0.000509312,0.000290154,0.000140148
5.395,-1.81247e-09,-1.39501e-09,0.94985,30,3.26163e-06,-5.25972e-08,-0.00614027,-0.0129456,-0.020227,-0.0251728,-0.0262318,-0.0193142,-0.0115293,-0.0060787,-0.000972568,-0.00431487,-0.00611417,-0.00896939,-0.0134698,-0.0181009,-0.0236149,-0.0322479,0.0216222,0.0260459,0.0289235,0.0275246,0.0228158,0.0134828,0.00459163,0.000791612,-1.29722,-0.74694,0.435253,-0.000482754,-0.00114132,0.00221389,0.00191227,0.00145462,-0.00534466,29.9231,0.0017419,10,0,182.961,155.196,128.099,105.843,86.1752,72.8475,64.1709,53.4099,0.00248754,0.000800129,0.000822222,0.000881602,0.000768576,0.000504749,0.000287629,0.000139096
5.4,-1.88886e-09,-1.43859e-09,0.94985,30,3.38731e-06,-5.23987e-08,-0.00612943,-0.0129182,-0.0201835,-0.0251181,-0.0261739,-0.0192707,-0.011503,-0.00606471,-0.00103571,-0.00439744,-0.0062223,-0.00911044,-0.0136123,-0.0182092,-0.0236861,-0.0322878,0.0215776,0.0259896,0.0288604,0.0274637,0.0227641,0.0134502,0.00457913,0.000788589,-1.29722,-0.746946,0.435264,-0.000473003,-0.00113394,0.00218667,0.00195966,0.00148133,-0.00546701,29.9233,0.00173868,10,0,182.961,155.196,128.098,105.843,86.1749,72.8473,64.1707,53.4098,0.00247657,0.000790003,0.000812906,0.000873698,0.000763526,0.000501578,0.000285867,0.000138354
5.405,-1.96347e-09,-1.48116e-09,0.94985,30,3.51007e-06,-5.22042e-08,-0.00611859,-0.0128908,-0.0201401,-0.0250635,-0.0261161,-0.0192273,-0.0114768,-0.00605076,-0.00109852,-0.00447834,-0.00632852,-0.00924969,-0.0137535,-0.0183165,-0.0237568,-0.0323275,0.0215331,0.0259334,0.0287974,0.027403,0.0227124,0.0134176,0.00456669,0.000785582,-1.29722,-0.746952,0.435274,-0.000462962,-0.0011264,0.00215871,0.00202892,0.00152031,-0.00564545,29.9234,0.00173555,10,0,182.96,155.195,128.098,105.842,86.1744,72.847,64.1705,53.4097,0.00245898,0.000774713,0.000798781,0.00086158,0.000755679,0.000496634,0.000283111,0.000137184
5.41,-2.03631e-09,-1.5227e-09,0.94985,30,3.62989e-06,-5.20138e-08,-0.00610775,-0.0128635,-0.0200968,-0.025009,-0.0260585,-0.019184,-0.0114506,-0.00603685,-0.00116096,-0.00455757,-0.00643282,-0.00938709,-0.0138934,-0.0184228,-0.0238268,-0.0323669,0.0214886,0.0258774,0.0287345,0.0273424,0.0226609,0.0133852,0.0045543,0.000782593,-1.29723,-0.746957,0.435285,-0.000452639,-0.0011187,0.00213002,0.0020737,0.00154553,-0.00576107,29.9236,0.0017325,10,0,182.959,155.194,128.097,105.842,86.1741,72.8468,64.1704,53.4097,0.00244652,0.000764461,0.000789274,0.000853335,0.000750269,0.000493217,0.0002812,0.000136366
5.415,-2.10734e-09,-1.56322e-09,0.94985,30,3.74674e-06,-5.18275e-08,-0.00609692,-0.0128362,-0.0200535,-0.0249546,-0.026001,-0.0191409,-0.0114245,-0.00602298,-0.001223,-0.00463509,-0.00653515,-0.00952261,-0.0140319,-0.0185282,-0.0238963,-0.0324059,0.0214443,0.0258215,0.0286718,0.0272819,0.0226096,0.0133529,0.00454195,0.000779619,-1.29723,-0.746963,0.435296,-0.000442041,-0.00111084,0.00210062,0.00213902,0.00158227,-0.00592935,29.9238,0.00172953,10,0,182.958,155.193,128.096,105.841,86.1737,72.8464,64.1702,53.4096,0.00242674,0.000749013,0.00077489,0.00084073,0.000741897,0.000487912,0.000278226,0.000135083
5.42,-2.17656e-09,-1.60269e-09,0.94985,30,3.86058e-06,-5.16452e-08,-0.00608608,-0.0128089,-0.0200104,-0.0249003,-0.0259436,-0.0190978,-0.0113985,-0.00600914,-0.00128463,-0.00471089,-0.00663549,-0.0096562,-0.014169,-0.0186326,-0.0239651,-0.0324447,0.0214,0.0257657,0.0286093,0.0272216,0.0225584,0.0133207,0.00452965,0.000776662,-1.29723,-0.746968,0.435306,-0.000431178,-0.00110284,0.00207054,0.00218117,0.00160599,-0.00603817,29.9239,0.00172663,10,0,182.957,155.193,128.096,105.841,86.1734,72.8462,64.1701,53.4095,0.00241284,0.000738677,0.000765228,0.000832174,0.000736148,0.00048426,0.000276173,0.000134191
5.425,-2.24395e-09,-1.64112e-09,0.94985,30,3.97142e-06,-5.14669e-08,-0.00607525,-0.0127818,-0.0199673,-0.0248461,-0.0258863,-0.0190548,-0.0113725,-0.00599534,-0.00134581,-0.00478494,-0.00673381,-0.0097878,-0.0143046,-0.0187359,-0.0240333,-0.0324832,0.0213558,0.02571,0.0285468,0.0271615,0.0225073,0.0132886,0.00451739,0.000773721,-1.29723,-0.746974,0.435316,-0.000420058,-0.00109469,0.0020398,0.00224252,0.00164046,-0.0061962,29.9241,0.0017238,10,0,182.956,155.192,128.095,105.84,86.1729,72.8459,64.1699,53.4095,0.00239095,0.000723133,0.000750641,0.000819126,0.000727283,0.000478615,0.000272991,0.000132801
5.43,-2.3095e-09,-1.67849e-09,0.94985,30,4.07921e-06,-5.12927e-08,-0.00606442,-0.0127546,-0.0199244,-0.0247921,-0.0258292,-0.019012,-0.0113466,-0.00598157,-0.00140652,-0.00485725,-0.00683009,-0.0099174,-0.0144386,-0.0188381,-0.0241007,-0.0325213,0.0213117,0.0256545,0.0284846,0.0271014,0.0224563,0.0132565,0.00450519,0.000770796,-1.29724,-0.746979,0.435327,-0.000408688,-0.0010864,0.00200841,0.002282,0.00166265,-0.00629815,29.9243,0.00172105,10,0,182.956,155.191,128.095,105.84,86.1726,72.8457,64.1697,53.4094,0.00237568,0.000712755,0.000740863,0.000810292,0.000721217,0.000474744,0.000270804,0.000131839
5.435,-2.37319e-09,-1.71479e-09,0.94985,30,4.18395e-06,-5.11224e-08,-0.0060536,-0.0127276,-0.0198815,-0.0247382,-0.0257722,-0.0189693,-0.0113207,-0.00596784,-0.00146674,-0.00492777,-0.00692431,-0.0100449,-0.0145711,-0.0189391,-0.0241675,-0.032559,0.0212676,0.025599,0.0284224,0.0270416,0.0224055,0.0132246,0.00449303,0.000767887,-1.29724,-0.746985,0.435336,-0.000397077,-0.00107797,0.0019764,0.00233934,0.00169483,-0.00644583,29.9244,0.00171836,10,0,182.955,155.191,128.094,105.839,86.1722,72.8454,64.1696,53.4093,0.00235178,0.000697183,0.00072613,0.000796848,0.000711893,0.00046878,0.000267427,0.000130346
5.44,-2.43503e-09,-1.75003e-09,0.94985,30,4.28561e-06,-5.09562e-08,-0.00604277,-0.0127005,-0.0198388,-0.0246844,-0.0257154,-0.0189266,-0.011295,-0.00595415,-0.00152645,-0.00499652,-0.00701644,-0.0101704,-0.014702,-0.019039,-0.0242335,-0.0325964,0.0212237,0.0255437,0.0283604,0.0269818,0.0223548,0.0131928,0.00448091,0.000764994,-1.29724,-0.74699,0.435346,-0.000385234,-0.00106942,0.00194379,0.00237615,0.00171549,-0.00654086,29.9246,0.00171574,10,0,182.954,155.19,128.094,105.839,86.1719,72.8452,64.1694,53.4093,0.00233519,0.000686808,0.000716275,0.000787766,0.000705533,0.000464703,0.000265113,0.000129319
5.445,-2.49499e-09,-1.7842e-09,0.94985,30,4.38417e-06,-5.0794e-08,-0.00603195,-0.0126736,-0.0197961,-0.0246307,-0.0256587,-0.0188841,-0.0112693,-0.00594049,-0.00158562,-0.00506346,-0.00710645,-0.0102937,-0.0148312,-0.0191377,-0.0242987,-0.0326334,0.0211798,0.0254886,0.0282986,0.0269222,0.0223042,0.0131611,0.00446884,0.000762116,-1.29724,-0.746995,0.435356,-0.000373167,-0.00106073,0.0019106,0.00242946,0.00174538,-0.00667815,29.9247,0.00171317,10,0,182.953,155.189,128.093,105.838,86.1714,72.8448,64.1692,53.4092,0.00230937,0.000671275,0.000701458,0.000773977,0.000695785,0.000458441,0.000261552,0.000127729
5.45,-2.55307e-09,-1.81729e-09,0.94985,30,4.47964e-06,-5.06357e-08,-0.00602113,-0.0126466,-0.0197535,-0.0245772,-0.0256021,-0.0188417,-0.0112436,-0.00592687,-0.00164422,-0.00512858,-0.00719434,-0.0104148,-0.0149587,-0.0192351,-0.0243631,-0.03267,0.021136,0.0254335,0.0282369,0.0268628,0.0222538,0.0131294,0.00445682,0.000759254,-1.29724,-0.747001,0.435365,-0.000360884,-0.00105193,0.00187686,0.00246358,0.0017645,-0.00676622,29.9249,0.00171066,10,0,182.953,155.189,128.092,105.838,86.1711,72.8446,64.1691,53.4091,0.00229154,0.00066095,0.000691567,0.00076468,0.000689153,0.000454174,0.000259121,0.000126639
5.455,-2.60926e-09,-1.84929e-09,0.94985,30,4.57199e-06,-5.04813e-08,-0.00601032,-0.0126198,-0.019711,-0.0245237,-0.0255457,-0.0187994,-0.0112181,-0.00591329,-0.00170225,-0.00519188,-0.00728007,-0.0105337,-0.0150844,-0.0193313,-0.0244268,-0.0327062,0.0210923,0.0253785,0.0281753,0.0268035,0.0222035,0.0130979,0.00444485,0.000756408,-1.29724,-0.747006,0.435375,-0.000348394,-0.00104301,0.00184259,0.00251285,0.00179207,-0.00689306,29.9251,0.0017082,10,0,182.952,155.188,128.092,105.837,86.1707,72.8443,64.1689,53.409,0.0022639,0.000645529,0.000676728,0.000750595,0.000679016,0.000447638,0.00025539,0.000124958
5.46,-2.66356e-09,-1.88021e-09,0.94985,30,4.6612e-06,-5.03309e-08,-0.00599951,-0.012593,-0.0196685,-0.0244704,-0.0254893,-0.0187572,-0.0111926,-0.00589974,-0.00175967,-0.00525334,-0.00736364,-0.0106504,-0.0152083,-0.0194261,-0.0244896,-0.0327419,0.0210486,0.0253237,0.0281138,0.0267443,0.0221533,0.0130664,0.00443292,0.000753577,-1.29725,-0.747011,0.435384,-0.000335706,-0.00103398,0.0018078,0.00254427,0.00180965,-0.00697417,29.9252,0.00170579,10,0,182.951,155.188,128.091,105.837,86.1704,72.8441,64.1688,53.409,0.00224489,0.000635304,0.000666844,0.000741119,0.000672138,0.000443195,0.000252848,0.000123809
5.465,-2.71596e-09,-1.91004e-09,0.94985,30,4.74728e-06,-5.01844e-08,-0.0059887,-0.0125662,-0.0196262,-0.0244172,-0.0254331,-0.0187151,-0.0111671,-0.00588623,-0.00181647,-0.00531296,-0.00744502,-0.0107649,-0.0153304,-0.0195196,-0.0245515,-0.0327772,0.021005,0.025269,0.0280525,0.0266853,0.0221033,0.0130351,0.00442103,0.000750761,-1.29725,-0.747016,0.435393,-0.000322827,-0.00102485,0.00177252,0.0025895,0.00183491,-0.00709054,29.9254,0.00170343,10,0,182.95,155.187,128.091,105.836,86.17,72.8438,64.1686,53.4089,0.00221553,0.000620072,0.00065205,0.00072679,0.00066165,0.000436408,0.00024896,0.000122044
5.47,-2.76645e-09,-1.93877e-09,0.94985,30,4.83022e-06,-5.00417e-08,-0.00597789,-0.0125395,-0.019584,-0.0243641,-0.0253771,-0.0186731,-0.0111418,-0.00587275,-0.00187262,-0.00537072,-0.0075242,-0.010877,-0.0154506,-0.0196118,-0.0246126,-0.0328121,0.0209616,0.0252144,0.0279914,0.0266264,0.0220534,0.0130039,0.00440919,0.000747961,-1.29725,-0.747021,0.435401,-0.000309766,-0.00101561,0.00173677,0.00261822,0.00185095,-0.00716466,29.9255,0.0017011,10,0,182.95,155.187,128.09,105.836,86.1698,72.8437,64.1685,53.4089,0.0021954,0.000609999,0.000642219,0.000717169,0.00065455,0.000431806,0.000246318,0.00012084
5.475,-2.81503e-09,-1.96641e-09,0.94985,30,4.91e-06,-4.99029e-08,-0.00596709,-0.0125128,-0.0195418,-0.0243111,-0.0253212,-0.0186312,-0.0111165,-0.00585931,-0.00192811,-0.00542662,-0.00760117,-0.0109868,-0.0155689,-0.0197025,-0.0246728,-0.0328465,0.0209181,0.0251599,0.0279303,0.0265676,0.0220036,0.0129727,0.00439739,0.000745176,-1.29725,-0.747026,0.43541,-0.000296531,-0.00100628,0.00170058,0.0026594,0.00187389,-0.00727056,29.9257,0.00169882,10,0,182.949,155.186,128.09,105.835,86.1694,72.8434,64.1684,53.4088,0.00216442,0.000595035,0.000627539,0.000702652,0.000643748,0.000424792,0.000242284,0.000118996
5.48,-2.8617e-09,-1.99295e-09,0.94985,30,4.98662e-06,-4.97679e-08,-0.00595629,-0.0124862,-0.0194997,-0.0242583,-0.0252654,-0.0185894,-0.0110912,-0.0058459,-0.00198292,-0.00548065,-0.0076759,-0.0110942,-0.0156853,-0.0197918,-0.024732,-0.0328804,0.0208748,0.0251056,0.0278695,0.026509,0.0219539,0.0129416,0.00438564,0.000742405,-1.29725,-0.747031,0.435418,-0.000283132,-0.000996849,0.00166396,0.00268542,0.00188838,-0.00733771,29.9259,0.00169657,10,0,182.948,155.186,128.09,105.835,86.1691,72.8432,64.1682,53.4087,0.00214326,0.00058517,0.000617808,0.000692924,0.000636452,0.000420047,0.000239551,0.000117741
5.485,-2.90646e-09,-2.0184e-09,0.94985,30,5.06009e-06,-4.96367e-08,-0.0059455,-0.0124597,-0.0194577,-0.0242055,-0.0252097,-0.0185477,-0.0110661,-0.00583253,-0.00203702,-0.0055328,-0.0077484,-0.0111993,-0.0157997,-0.0198797,-0.0247904,-0.0329139,0.0208316,0.0250513,0.0278087,0.0264505,0.0219044,0.0129107,0.00437393,0.00073965,-1.29725,-0.747036,0.435427,-0.000269575,-0.000987336,0.00162694,0.00272257,0.00190901,-0.00743316,29.926,0.00169435,10,0,182.948,155.185,128.089,105.835,86.1687,72.8429,64.1681,53.4087,0.00211077,0.000570561,0.000603316,0.000678274,0.000625377,0.000412831,0.000235387,0.000115824
5.49,-2.9493e-09,-2.04274e-09,0.94985,30,5.13039e-06,-4.95092e-08,-0.00593471,-0.0124331,-0.0194159,-0.0241529,-0.0251542,-0.0185061,-0.0110409,-0.0058192,-0.0020904,-0.00558307,-0.00781864,-0.0113019,-0.0159121,-0.019966,-0.0248478,-0.0329468,0.0207884,0.0249972,0.0277481,0.0263922,0.021855,0.0128798,0.00436227,0.000736909,-1.29726,-0.747041,0.435435,-0.000255871,-0.00097774,0.00158953,0.00274591,0.00192197,-0.00749336,29.9262,0.00169216,10,0,182.947,155.185,128.089,105.834,86.1685,72.8427,64.168,53.4086,0.00208863,0.000560962,0.000593735,0.000668477,0.000617912,0.00040796,0.000232571,0.000114524
5.495,-2.99023e-09,-2.06599e-09,0.94985,30,5.19754e-06,-4.93855e-08,-0.00592392,-0.0124067,-0.019374,-0.0241004,-0.0250988,-0.0184646,-0.0110159,-0.0058059,-0.00214305,-0.00563146,-0.00788663,-0.0114022,-0.0160224,-0.0200509,-0.0249042,-0.0329793,0.0207453,0.0249432,0.0276876,0.026334,0.0218057,0.012849,0.00435065,0.000734183,-1.29726,-0.747046,0.435443,-0.000242027,-0.000968067,0.00155177,0.00277902,0.0019403,-0.0075784,29.9263,0.00169,10,0,182.946,155.184,128.088,105.834,86.1681,72.8425,64.1678,53.4085,0.00205475,0.000546797,0.000579506,0.000653754,0.000606603,0.000400568,0.000228291,0.00011254
5.5,-3.02925e-09,-2.08813e-09,0.94985,30,5.26152e-06,-4.92655e-08,-0.00591314,-0.0123803,-0.0193323,-0.024048,-0.0250435,-0.0184232,-0.0109909,-0.00579263,-0.00219493,-0.00567796,-0.00795234,-0.0114999,-0.0161306,-0.0201343,-0.0249596,-0.0330112,0.0207023,0.0248893,0.0276273,0.0262759,0.0217565,0.0128183,0.00433907,0.000731472,-1.29726,-0.747051,0.43545,-0.000228051,-0.000958321,0.00151367,0.00279969,0.00195173,-0.00763167,29.9265,0.00168785,10,0,182.946,155.184,128.088,105.833,86.1678,72.8423,64.1677,53.4085,0.00203171,0.000537526,0.000570128,0.000643929,0.000598996,0.000395587,0.000225402,0.000111198
5.505,-3.06635e-09,-2.10918e-09,0.94985,30,5.32234e-06,-4.91491e-08,-0.00590236,-0.0123539,-0.0192907,-0.0239957,-0.0249883,-0.018382,-0.010966,-0.0057794,-0.00224605,-0.00572256,-0.00801578,-0.0115952,-0.0162367,-0.020216,-0.0250141,-0.0330426,0.0206593,0.0248356,0.0275671,0.026218,0.0217075,0.0127877,0.00432753,0.000728775,-1.29726,-0.747056,0.435458,-0.000213951,-0.000948507,0.00147525,0.00282881,0.00196777,-0.00770635,29.9267,0.00168572,10,0,182.945,155.183,128.087,105.833,86.1675,72.842,64.1675,53.4084,0.00199654,0.000523902,0.000556246,0.000629195,0.000587497,0.000388046,0.000221019,0.000109155
5.51,-3.10155e-09,-2.12914e-09,0.94985,30,5.38001e-06,-4.90363e-08,-0.00589159,-0.0123276,-0.0192492,-0.0239436,-0.0249333,-0.0183408,-0.0109412,-0.00576621,-0.00229638,-0.00576528,-0.00807694,-0.011688,-0.0163407,-0.0202962,-0.0250675,-0.0330735,0.0206165,0.0247819,0.027507,0.0261602,0.0216586,0.0127572,0.00431604,0.000726092,-1.29726,-0.74706,0.435465,-0.000199737,-0.00093863,0.00143654,0.00284683,0.00197768,-0.00775274,29.9268,0.00168361,10,0,182.944,155.183,128.087,105.833,86.1672,72.8419,64.1674,53.4084,0.00197268,0.000515023,0.000547126,0.000619384,0.000579777,0.000382975,0.000218068,0.000107774
5.515,-3.13484e-09,-2.148e-09,0.94985,30,5.43454e-06,-4.89272e-08,-0.00588082,-0.0123014,-0.0192077,-0.0238915,-0.0248784,-0.0182997,-0.0109164,-0.00575305,-0.0023459,-0.0058061,-0.0081358,-0.0117783,-0.0164426,-0.0203749,-0.0251199,-0.0331039,0.0205737,0.0247284,0.0274471,0.0261025,0.0216098,0.0127268,0.00430459,0.000723424,-1.29726,-0.747065,0.435472,-0.000185416,-0.000928695,0.00139755,0.00287198,0.00199145,-0.00781714,29.927,0.00168151,10,0,182.944,155.183,128.087,105.832,86.1669,72.8416,64.1673,53.4083,0.00193633,0.000502039,0.000533674,0.000604704,0.000568131,0.000375311,0.000213599,0.000105679
5.52,-3.16623e-09,-2.16577e-09,0.94985,30,5.48592e-06,-4.88215e-08,-0.00587005,-0.0122752,-0.0191663,-0.0238396,-0.0248237,-0.0182588,-0.0108916,-0.00573992,-0.00239461,-0.00584503,-0.00819238,-0.0118661,-0.0165422,-0.0204518,-0.0251712,-0.0331336,0.020531,0.0246749,0.0273873,0.026045,0.0215611,0.0126965,0.00429319,0.00072077,-1.29726,-0.74707,0.435479,-0.000170997,-0.000918705,0.00135831,0.00288736,0.00199985,-0.00785671,29.9271,0.00167941,10,0,182.943,155.182,128.086,105.832,86.1667,72.8414,64.1672,53.4083,0.00191174,0.000493621,0.000524872,0.000594952,0.000560329,0.000370169,0.000210594,0.000104265
5.525,-3.19572e-09,-2.18245e-09,0.94985,30,5.53418e-06,-4.87194e-08,-0.00585929,-0.012249,-0.019125,-0.0237877,-0.024769,-0.0182179,-0.010867,-0.00572683,-0.00244248,-0.00588208,-0.00824666,-0.0119513,-0.0166397,-0.0205272,-0.0252215,-0.0331629,0.0204884,0.0246216,0.0273276,0.0259876,0.0215126,0.0126663,0.00428182,0.00071813,-1.29726,-0.747074,0.435486,-0.000156487,-0.000908667,0.00131884,0.00290858,0.00201136,-0.00791093,29.9273,0.00167732,10,0,182.942,155.182,128.086,105.832,86.1663,72.8412,64.167,53.4082,0.00187433,0.00048138,0.000511941,0.000580395,0.000548581,0.000362412,0.000206054,0.000102124
5.53,-3.22333e-09,-2.19804e-09,0.94985,30,5.57931e-06,-4.86207e-08,-0.00584854,-0.0122229,-0.0190838,-0.023736,-0.0247145,-0.0181771,-0.0108424,-0.00571377,-0.0024895,-0.00591723,-0.00829864,-0.012034,-0.0167349,-0.0206009,-0.0252708,-0.0331915,0.0204458,0.0245684,0.0272681,0.0259304,0.0214641,0.0126361,0.0042705,0.000715504,-1.29726,-0.747079,0.435492,-0.000141896,-0.000898584,0.00127915,0.00292136,0.00201828,-0.00794373,29.9274,0.00167523,10,0,182.942,155.182,128.086,105.831,86.1661,72.841,64.1669,53.4082,0.00184907,0.000473494,0.000503517,0.000570749,0.000540727,0.000357217,0.000203007,0.000100682
5.535,-3.24905e-09,-2.21256e-09,0.94985,30,5.62133e-06,-4.85255e-08,-0.00583779,-0.0121969,-0.0190427,-0.0236844,-0.0246601,-0.0181365,-0.0108179,-0.00570075,-0.00253566,-0.0059505,-0.00834833,-0.0121141,-0.0168278,-0.0206729,-0.0253189,-0.0332196,0.0204033,0.0245154,0.0272087,0.0258732,0.0214159,0.0126061,0.00425922,0.000712892,-1.29726,-0.747083,0.435498,-0.00012723,-0.000888461,0.00123928,0.00293869,0.00202757,-0.00798787,29.9276,0.00167314,10,0,182.941,155.181,128.085,105.831,86.1658,72.8408,64.1668,53.4081,0.00181072,0.000462104,0.000491203,0.000556388,0.000528925,0.000349397,0.000198412,9.85016e-05
5.54,-3.27291e-09,-2.226e-09,0.94985,30,5.66027e-06,-4.84336e-08,-0.00582705,-0.0121709,-0.0190017,-0.023633,-0.0246059,-0.0180959,-0.0107934,-0.00568776,-0.00258094,-0.0059819,-0.00839572,-0.0121917,-0.0169185,-0.0207433,-0.025366,-0.0332471,0.0203609,0.0244624,0.0271494,0.0258163,0.0213677,0.0125761,0.00424798,0.000710294,-1.29726,-0.747088,0.435504,-0.000112498,-0.000878304,0.00119924,0.0029489,0.00203301,-0.008014,29.9278,0.00167104,10,0,182.941,155.181,128.085,105.831,86.1656,72.8407,64.1667,53.4081,0.00178488,0.000454819,0.000483222,0.000546898,0.000521052,0.000344169,0.000195334,9.70368e-05
5.545,-3.29491e-09,-2.23837e-09,0.94985,30,5.69613e-06,-4.83451e-08,-0.00581631,-0.0121449,-0.0189608,-0.0235816,-0.0245517,-0.0180554,-0.010769,-0.0056748,-0.00262534,-0.00601143,-0.00844081,-0.0122666,-0.0170068,-0.0208119,-0.025412,-0.033274,0.0203186,0.0244095,0.0270902,0.0257594,0.0213196,0.0125462,0.00423678,0.00070771,-1.29726,-0.747092,0.43551,-9.77078e-05,-0.000868115,0.00115906,0.0029624,0.00204009,-0.00804819,29.9279,0.00166894,10,0,182.94,155.181,128.085,105.83,86.1653,72.8404,64.1666,53.408,0.00174573,0.000444383,0.000471621,0.000532811,0.000509247,0.000336316,0.0001907,9.48251e-05
5.55,-3.31504e-09,-2.24968e-09,0.94985,30,5.72891e-06,-4.82599e-08,-0.00580558,-0.012119,-0.0189199,-0.0235303,-0.0244977,-0.0180151,-0.0107446,-0.00566188,-0.00266883,-0.0060391,-0.00848361,-0.0123389,-0.0170929,-0.0208788,-0.0254568,-0.0333003,0.0202764,0.0243568,0.0270312,0.0257027,0.0212717,0.0125165,0.00422562,0.000705139,-1.29727,-0.747096,0.435516,-8.28675e-05,-0.0008579,0.00111874,0.00297007,0.00204408,-0.00806773,29.9281,0.00166682,10,0,182.94,155.181,128.085,105.83,86.1651,72.8403,64.1665,53.408,0.0017194,0.000437769,0.000464148,0.00052353,0.000501389,0.000331079,0.000187603,9.33422e-05
5.555,-3.33333e-09,-2.25992e-09,0.94985,30,5.75865e-06,-4.81779e-08,-0.00579485,-0.0120932,-0.0188792,-0.0234792,-0.0244438,-0.0179748,-0.0107203,-0.00564899,-0.00271141,-0.0060649,-0.00852412,-0.0124087,-0.0171766,-0.020944,-0.0255005,-0.033326,0.0202342,0.0243042,0.0269724,0.0256461,0.0212239,0.0124868,0.0042145,0.000702582,-1.29727,-0.747101,0.435521,-6.7985e-05,-0.000847664,0.00107832,0.00297905,0.00204864,-0.00809031,29.9282,0.0016647,10,0,182.939,155.18,128.084,105.83,86.1648,72.8401,64.1664,53.4079,0.00167909,0.000428206,0.000453176,0.000509605,0.000489476,0.000323118,0.000182882,9.10739e-05
5.56,-3.34978e-09,-2.26911e-09,0.94985,30,5.78535e-06,-4.80992e-08,-0.00578413,-0.0120674,-0.0188385,-0.0234282,-0.0243901,-0.0179346,-0.0106961,-0.00563614,-0.00275307,-0.00608886,-0.00856234,-0.0124758,-0.017258,-0.0210074,-0.0255431,-0.0333511,0.0201921,0.0242517,0.0269136,0.0255896,0.0211762,0.0124571,0.00420343,0.000700038,-1.29727,-0.747105,0.435527,-5.3068e-05,-0.00083741,0.00103781,0.00298495,0.00205155,-0.00810516,29.9284,0.00166255,10,0,182.938,155.18,128.084,105.83,86.1646,72.84,64.1663,53.4079,0.00165283,0.000422518,0.000446459,0.000500785,0.000481827,0.000318001,0.000179844,8.96114e-05
5.565,-3.36441e-09,-2.27725e-09,0.94985,30,5.80904e-06,-4.80236e-08,-0.00577342,-0.0120416,-0.0187979,-0.0233773,-0.0243364,-0.0178946,-0.010672,-0.00562332,-0.0027938,-0.00611097,-0.00859829,-0.0125403,-0.017337,-0.0210691,-0.0255846,-0.0333756,0.0201501,0.0241993,0.026855,0.0255333,0.0211286,0.0124276,0.00419239,0.000697507,-1.29727,-0.747109,0.435532,-3.81241e-05,-0.000827144,0.000997238,0.00299052,0.00205416,-0.00811889,29.9285,0.00166039,10,0,182.938,155.18,128.084,105.829,86.1644,72.8398,64.1662,53.4078,0.00161223,0.000414223,0.0004365,0.000487406,0.000470097,0.000310127,0.000175152,8.73427e-05
5.57,-3.37724e-09,-2.28435e-09,0.94985,30,5.82975e-06,-4.79511e-08,-0.00576271,-0.0120159,-0.0187574,-0.0233265,-0.0242829,-0.0178546,-0.0106479,-0.00561053,-0.00283358,-0.00613126,-0.00863197,-0.0126022,-0.0174136,-0.021129,-0.0256249,-0.0333995,0.0201082,0.024147,0.0267966,0.0254771,0.0210812,0.0123982,0.00418139,0.00069499,-1.29727,-0.747113,0.435537,-2.3161e-05,-0.00081687,0.000956616,0.00299236,0.00205498,-0.00812357,29.9287,0.00165821,10,0,182.937,155.18,128.084,105.829,86.1642,72.8396,64.1661,53.4078,0.0015848,0.000409049,0.000430127,0.000478569,0.000462239,0.000304829,0.000171981,8.58031e-05
5.575,-3.38827e-09,-2.29043e-09,0.94985,30,5.8475e-06,-4.78818e-08,-0.005752,-0.0119903,-0.0187169,-0.0232758,-0.0242296,-0.0178147,-0.0106238,-0.00559777,-0.0028724,-0.00614972,-0.00866339,-0.0126615,-0.0174879,-0.0211871,-0.025664,-0.0334227,0.0200663,0.0240948,0.0267382,0.0254211,0.0210338,0.0123688,0.00417044,0.000692486,-1.29727,-0.747117,0.435541,-8.18626e-06,-0.000806591,0.000915966,0.00299462,0.00205587,-0.00812898,29.9288,0.001656,10,0,182.937,155.179,128.083,105.829,86.1639,72.8394,64.166,53.4077,0.00154441,0.000402212,0.00042139,0.000465946,0.000450825,0.000297114,0.000167353,8.35479e-05
5.58,-3.39754e-09,-2.29549e-09,0.94985,30,5.86231e-06,-4.78158e-08,-0.00574131,-0.0119647,-0.0186766,-0.0232252,-0.0241763,-0.017775,-0.0105999,-0.00558505,-0.00291025,-0.00616638,-0.00869256,-0.0127182,-0.0175597,-0.0212434,-0.025702,-0.0334453,0.0200246,0.0240428,0.02668,0.0253651,0.0209866,0.0123396,0.00415952,0.000689995,-1.29727,-0.747121,0.435546,6.79372e-06,-0.000796312,0.000875306,0.00299448,0.00205587,-0.00812903,29.929,0.00165377,10,0,182.936,155.179,128.083,105.829,86.1638,72.8393,64.1659,53.4077,0.00151769,0.000398166,0.000416009,0.000457813,0.00044332,0.000292005,0.000164267,8.20356e-05
5.585,-3.40502e-09,-2.29953e-09,0.94985,30,5.87418e-06,-4.77527e-08,-0.00573062,-0.0119392,-0.0186363,-0.0231747,-0.0241232,-0.0177353,-0.0105759,-0.00557237,-0.00294714,-0.00618124,-0.0087195,-0.0127722,-0.0176291,-0.0212979,-0.0257388,-0.0334673,0.0199829,0.0239908,0.0266219,0.0253093,0.0209395,0.0123104,0.00414864,0.000687517,-1.29727,-0.747125,0.43555,2.17696e-05,-0.000786038,0.000834661,0.00299534,0.00205478,-0.00812875,29.9291,0.00165152,10,0,182.936,155.179,128.083,105.828,86.1635,72.8391,64.1658,53.4076,0.00147655,0.000392413,0.000408168,0.00044574,0.000432181,0.000284509,0.000159783,7.98466e-05
5.59,-3.41071e-09,-2.30253e-09,0.94985,30,5.88311e-06,-4.7692e-08,-0.00571994,-0.0119137,-0.0185962,-0.0231244,-0.0240701,-0.0176957,-0.0105521,-0.00555971,-0.00298305,-0.0061943,-0.0087442,-0.0128236,-0.0176962,-0.0213507,-0.0257745,-0.0334887,0.0199413,0.023939,0.0265639,0.0252537,0.0208925,0.0122813,0.0041378,0.000685052,-1.29727,-0.747129,0.435554,3.67341e-05,-0.000775774,0.000794048,0.00299338,0.00205324,-0.00812332,29.9293,0.00164923,10,0,182.935,155.179,128.083,105.828,86.1634,72.839,64.1657,53.4076,0.00144928,0.000389091,0.000403371,0.000437927,0.000424795,0.000279491,0.000156751,7.8354e-05
5.595,-3.41465e-09,-2.30452e-09,0.94985,30,5.88914e-06,-4.76338e-08,-0.00570926,-0.0118882,-0.0185561,-0.0230741,-0.0240172,-0.0176562,-0.0105283,-0.00554709,-0.003018,-0.00620557,-0.00876667,-0.0128724,-0.0177608,-0.0214016,-0.0258089,-0.0335094,0.0198997,0.0238873,0.0265061,0.0251981,0.0208457,0.0122523,0.004127,0.0006826,-1.29727,-0.747133,0.435558,5.16805e-05,-0.000765522,0.000753486,0.00298876,0.00204995,-0.00811063,29.9294,0.00164691,10,0,182.935,155.179,128.083,105.828,86.1632,72.8389,64.1656,53.4075,0.00140834,0.00038478,0.000396761,0.000426586,0.00041387,0.000272043,0.000152236,7.61222e-05
5.6,-3.41685e-09,-2.30551e-09,0.94985,30,5.89232e-06,-4.75784e-08,-0.00569859,-0.0118628,-0.0185161,-0.023024,-0.0239645,-0.0176168,-0.0105046,-0.0055345,-0.00305196,-0.00621505,-0.00878692,-0.0129186,-0.017823,-0.0214507,-0.0258422,-0.0335294,0.0198582,0.0238356,0.0264484,0.0251427,0.0207989,0.0122234,0.00411624,0.00068016,-1.29727,-0.747137,0.435562,6.66015e-05,-0.000755288,0.000712992,0.0029845,0.00204709,-0.0080992,29.9296,0.00164456,10,0,182.935,155.179,128.083,105.828,86.163,72.8388,64.1656,53.4075,0.00138104,0.000382356,0.000392755,0.000419293,0.000406698,0.000267139,0.000149252,7.46405e-05
5.605,-3.41735e-09,-2.30551e-09,0.94985,30,5.89269e-06,-4.75257e-08,-0.00568793,-0.0118375,-0.0184762,-0.0229739,-0.0239118,-0.0175776,-0.0104809,-0.00552194,-0.00308495,-0.00622277,-0.00880497,-0.0129623,-0.0178828,-0.021498,-0.0258743,-0.0335488,0.0198169,0.0237841,0.0263908,0.0250874,0.0207523,0.0121945,0.00410552,0.000677733,-1.29727,-0.74714,0.435565,8.14901e-05,-0.000745075,0.000672585,0.00297646,0.00204183,-0.00807763,29.9298,0.00164217,10,0,182.934,155.179,128.083,105.828,86.1628,72.8386,64.1655,53.4075,0.00134012,0.000379394,0.000387357,0.000408786,0.000396128,0.000259884,0.000144823,7.24304e-05
5.61,-3.41616e-09,-2.30455e-09,0.94985,30,5.89027e-06,-4.74757e-08,-0.00567727,-0.0118122,-0.0184363,-0.022924,-0.0238593,-0.0175384,-0.0104573,-0.00550942,-0.00311695,-0.00622873,-0.00882085,-0.0130033,-0.0179401,-0.0215435,-0.0259052,-0.0335676,0.0197755,0.0237328,0.0263334,0.0250323,0.0207058,0.0121658,0.00409483,0.000675319,-1.29726,-0.747144,0.435568,9.63391e-05,-0.000734887,0.000632283,0.00296995,0.00203769,-0.00806036,29.9299,0.00163975,10,0,182.934,155.179,128.082,105.828,86.1627,72.8385,64.1654,53.4074,0.00131289,0.000377865,0.000384172,0.000402084,0.000389218,0.000255124,0.000141904,7.0967e-05
5.615,-3.41332e-09,-2.30264e-09,0.94985,30,5.88511e-06,-4.74284e-08,-0.00566662,-0.0117869,-0.0183966,-0.0228742,-0.0238069,-0.0174993,-0.0104337,-0.00549693,-0.00314795,-0.00623296,-0.00883455,-0.0130417,-0.017995,-0.0215871,-0.025935,-0.0335857,0.0197343,0.0236815,0.0262761,0.0249773,0.0206594,0.0121371,0.00408419,0.000672918,-1.29726,-0.747148,0.435571,0.000111142,-0.000724728,0.000592104,0.00295859,0.00203053,-0.00803014,29.9301,0.00163729,10,0,182.933,155.179,128.082,105.827,86.1625,72.8384,64.1653,53.4074,0.00127216,0.000376233,0.00038002,0.000392515,0.000379076,0.00024811,0.000137586,6.87898e-05
5.62,-3.40883e-09,-2.29978e-09,0.94985,30,5.87722e-06,-4.73838e-08,-0.00565598,-0.0117618,-0.0183569,-0.0228245,-0.0237546,-0.0174603,-0.0104102,-0.00548447,-0.00317795,-0.00623547,-0.00884611,-0.0130775,-0.0180475,-0.0216289,-0.0259635,-0.0336032,0.0196931,0.0236303,0.0262189,0.0249224,0.0206131,0.0121085,0.00407358,0.000670528,-1.29726,-0.747151,0.435574,0.000125891,-0.000714603,0.000552067,0.00294989,0.00202513,-0.00800717,29.9302,0.00163479,10,0,182.933,155.179,128.082,105.827,86.1624,72.8383,64.1652,53.4074,0.00124512,0.000375576,0.000377672,0.000386474,0.000372477,0.000243527,0.000134751,6.73524e-05
5.625,-3.40271e-09,-2.29598e-09,0.94985,30,5.86664e-06,-4.73417e-08,-0.00564535,-0.0117366,-0.0183173,-0.0227749,-0.0237024,-0.0174214,-0.0103868,-0.00547204,-0.00320696,-0.00623627,-0.00885555,-0.0131108,-0.0180976,-0.0216689,-0.0259909,-0.03362,0.0196521,0.0235792,0.0261618,0.0248676,0.0205669,0.01208,0.00406301,0.000668151,-1.29726,-0.747155,0.435577,0.000140581,-0.000704514,0.000512187,0.002934,0.0020153,-0.00796509,29.9304,0.00163225,10,0,182.933,155.179,128.082,105.827,86.1622,72.8381,64.1652,53.4073,0.00120371,0.000375279,0.000374696,0.00037768,0.000362577,0.000236625,0.000130463,6.51652e-05
5.63,-3.39499e-09,-2.29126e-09,0.94985,30,5.8534e-06,-4.73021e-08,-0.00563472,-0.0117115,-0.0182778,-0.0227255,-0.0236504,-0.0173826,-0.0103634,-0.00545964,-0.00323495,-0.00623539,-0.00886287,-0.0131415,-0.0181452,-0.0217071,-0.026017,-0.0336362,0.019611,0.0235283,0.0261049,0.024813,0.0205209,0.0120516,0.00405248,0.000665787,-1.29726,-0.747158,0.435579,0.000155204,-0.000694466,0.000472484,0.00292307,0.00200862,-0.00793633,29.9305,0.00162967,10,0,182.932,155.179,128.082,105.827,86.1621,72.8381,64.1651,53.4073,0.00117693,0.000375489,0.000373203,0.000372362,0.00035633,0.000232244,0.000127726,6.37587e-05
5.635,-3.38567e-09,-2.28563e-09,0.94985,30,5.83754e-06,-4.7265e-08,-0.0056241,-0.0116865,-0.0182384,-0.0226761,-0.0235985,-0.0173439,-0.0103401,-0.00544728,-0.00326194,-0.00623283,-0.0088681,-0.0131697,-0.0181905,-0.0217434,-0.026042,-0.0336517,0.0195701,0.0234775,0.0260481,0.0247584,0.020475,0.0120232,0.00404198,0.000663434,-1.29726,-0.747162,0.435582,0.000169754,-0.000684463,0.000432972,0.00290518,0.00199771,-0.00788912,29.9307,0.00162704,10,0,182.932,155.179,128.082,105.827,86.1619,72.8379,64.165,53.4073,0.00113709,0.000376399,0.000371586,0.000364971,0.000347267,0.000225855,0.000123711,6.16808e-05
5.64,-3.37479e-09,-2.27909e-09,0.94985,30,5.81909e-06,-4.72303e-08,-0.00561349,-0.0116615,-0.0181991,-0.0226268,-0.0235467,-0.0173052,-0.0103169,-0.00543495,-0.00328792,-0.00622863,-0.00887126,-0.0131953,-0.0182332,-0.0217779,-0.0260657,-0.0336665,0.0195293,0.0234267,0.0259914,0.024704,0.0204291,0.011995,0.00403152,0.000661094,-1.29726,-0.747165,0.435584,0.000184225,-0.000674508,0.00039367,0.0028922,0.00198985,-0.00785501,29.9308,0.00162437,10,0,182.932,155.179,128.082,105.827,86.1618,72.8379,64.165,53.4072,0.0011108,0.000377386,0.000370917,0.000360447,0.000341443,0.000221726,0.000121102,6.03189e-05
5.645,-3.36237e-09,-2.27167e-09,0.94985,30,5.79808e-06,-4.71979e-08,-0.00560289,-0.0116365,-0.0181598,-0.0225777,-0.023495,-0.0172667,-0.0102937,-0.00542265,-0.00331287,-0.0062228,-0.00887236,-0.0132185,-0.0182736,-0.0218106,-0.0260883,-0.0336807,0.0194885,0.0233761,0.0259349,0.0246498,0.0203834,0.0119668,0.0040211,0.000658766,-1.29726,-0.747168,0.435586,0.00019861,-0.000664605,0.000354593,0.00287127,0.00197719,-0.00779991,29.931,0.00162166,10,0,182.931,155.179,128.082,105.827,86.1617,72.8378,64.1649,53.4072,0.00107181,0.000379405,0.000370509,0.000354285,0.000333058,0.000215742,0.000117297,5.83156e-05
5.65,-3.34842e-09,-2.26337e-09,0.94985,30,5.77455e-06,-4.71678e-08,-0.00559229,-0.0116116,-0.0181207,-0.0225286,-0.0234434,-0.0172283,-0.0102705,-0.00541038,-0.00333681,-0.00621538,-0.00887143,-0.0132391,-0.0183116,-0.0218415,-0.0261097,-0.0336943,0.0194478,0.0233256,0.0258784,0.0245956,0.0203378,0.0119387,0.00401072,0.000656449,-1.29726,-0.747172,0.435587,0.000212904,-0.000654757,0.000315757,0.0028563,0.0019682,-0.00776062,29.9311,0.0016189,10,0,182.931,155.179,128.082,105.827,86.1616,72.8377,64.1649,53.4072,0.00104616,0.000381093,0.000370624,0.000350603,0.000327713,0.000211903,0.000114838,5.70088e-05
5.655,-3.33298e-09,-2.25421e-09,0.94985,30,5.74853e-06,-4.71398e-08,-0.0055817,-0.0115868,-0.0180816,-0.0224797,-0.023392,-0.0171899,-0.0102475,-0.00539814,-0.00335973,-0.00620637,-0.00886848,-0.0132572,-0.0183472,-0.0218706,-0.0261299,-0.0337072,0.0194071,0.0232752,0.0258221,0.0245416,0.0202923,0.0119107,0.00400037,0.000654145,-1.29726,-0.747175,0.435589,0.000227099,-0.000644968,0.000277179,0.00283244,0.00195385,-0.0076979,29.9313,0.0016161,10,0,182.931,155.179,128.082,105.826,86.1615,72.8376,64.1648,53.4072,0.00100828,0.000384103,0.000371354,0.000345732,0.000320088,0.000206384,0.00011128,5.50965e-05
5.66,-3.31605e-09,-2.24419e-09,0.94985,30,5.72008e-06,-4.7114e-08,-0.00557112,-0.011562,-0.0180426,-0.0224308,-0.0233406,-0.0171517,-0.0102244,-0.00538594,-0.00338163,-0.00619581,-0.00886355,-0.0132729,-0.0183803,-0.0218979,-0.0261489,-0.0337194,0.0193666,0.0232249,0.025766,0.0244877,0.020247,0.0118827,0.00399006,0.000651852,-1.29726,-0.747178,0.43559,0.000241191,-0.000635241,0.000238874,0.00281556,0.00194375,-0.00765361,29.9314,0.00161325,10,0,182.93,155.179,128.082,105.826,86.1614,72.8375,64.1648,53.4071,0.000983474,0.000386408,0.000372198,0.000342925,0.000315278,0.000202874,0.000108999,5.38563e-05
5.665,-3.29766e-09,-2.23334e-09,0.94985,30,5.68921e-06,-4.70902e-08,-0.00556055,-0.0115373,-0.0180036,-0.0223821,-0.0232894,-0.0171135,-0.0102015,-0.00537376,-0.00340251,-0.00618371,-0.00885664,-0.0132861,-0.0184111,-0.0219233,-0.0261668,-0.033731,0.0193261,0.0231747,0.0257099,0.024434,0.0202017,0.0118549,0.00397978,0.000649571,-1.29726,-0.747181,0.435591,0.000255172,-0.00062558,0.000200856,0.00278886,0.00192779,-0.00758354,29.9315,0.00161035,10,0,182.93,155.179,128.082,105.826,86.1613,72.8374,64.1647,53.4071,0.000947005,0.000390277,0.000373972,0.000339379,0.000308494,0.000197878,0.000105726,5.20532e-05
5.67,-3.27784e-09,-2.22165e-09,0.94985,30,5.65597e-06,-4.70685e-08,-0.00554999,-0.0115126,-0.0179648,-0.0223335,-0.0232383,-0.0170755,-0.0101786,-0.00536162,-0.00342237,-0.00617009,-0.00884779,-0.0132968,-0.0184395,-0.021947,-0.0261835,-0.0337419,0.0192857,0.0231246,0.025654,0.0243803,0.0201565,0.0118271,0.00396954,0.000647302,-1.29725,-0.747184,0.435592,0.000269038,-0.000615988,0.000163142,0.00277013,0.00191662,-0.00753445,29.9317,0.0016074,10,0,182.93,155.179,128.082,105.826,86.1612,72.8374,64.1647,53.4071,0.000923241,0.000393109,0.000375476,0.000337459,0.00030427,0.000194736,0.000103649,5.08923e-05
5.675,-3.25661e-09,-2.20916e-09,0.94985,30,5.62041e-06,-4.70486e-08,-0.00553943,-0.0114879,-0.0179261,-0.022285,-0.0231874,-0.0170375,-0.0101557,-0.00534951,-0.00344122,-0.00615498,-0.00883702,-0.0133052,-0.0184656,-0.0219689,-0.026199,-0.0337522,0.0192454,0.0230746,0.0255982,0.0243268,0.0201115,0.0117994,0.00395934,0.000645044,-1.29725,-0.747188,0.435593,0.000282783,-0.000606468,0.000125746,0.00274071,0.00189909,-0.00745731,29.9318,0.00160441,10,0,182.93,155.18,128.082,105.826,86.1611,72.8373,64.1646,53.4071,0.000888509,0.000397703,0.000378184,0.000335242,0.000298401,0.000190322,0.000100704,4.92182e-05
5.68,-3.23399e-09,-2.19587e-09,0.94985,30,5.58256e-06,-4.70307e-08,-0.00552889,-0.0114633,-0.0178874,-0.0222366,-0.0231365,-0.0169996,-0.0101329,-0.00533743,-0.00345904,-0.0061384,-0.00882435,-0.0133111,-0.0184892,-0.021989,-0.0262133,-0.0337618,0.0192051,0.0230248,0.0255425,0.0242734,0.0200666,0.0117718,0.00394917,0.000642797,-1.29725,-0.747191,0.435593,0.000296402,-0.000597024,8.86811e-05,0.00272021,0.00188691,-0.0074036,29.932,0.00160137,10,0,182.929,155.18,128.082,105.826,86.161,72.8373,64.1646,53.407,0.000866022,0.000400974,0.000380272,0.000334202,0.000294808,0.000187585,9.88594e-05,4.81503e-05
5.685,-3.21002e-09,-2.1818e-09,0.94985,30,5.54247e-06,-4.70146e-08,-0.00551835,-0.0114388,-0.0178488,-0.0221883,-0.0230858,-0.0169619,-0.0101102,-0.00532538,-0.00347585,-0.00612037,-0.00880981,-0.0133147,-0.0185106,-0.0220073,-0.0262265,-0.0337708,0.0191649,0.022975,0.0254869,0.0242201,0.0200218,0.0117442,0.00393903,0.000640562,-1.29725,-0.747193,0.435594,0.000309888,-0.000587657,5.19626e-05,0.00268818,0.00186788,-0.00731968,29.9321,0.00159828,10,0,182.929,155.18,128.083,105.826,86.161,72.8372,64.1646,53.407,0.000833398,0.00040616,0.000383795,0.000333284,0.000289916,0.000183804,9.62823e-05,4.66263e-05
5.69,-3.18472e-09,-2.16696e-09,0.94985,30,5.50018e-06,-4.70002e-08,-0.00550782,-0.0114143,-0.0178103,-0.0221401,-0.0230351,-0.0169242,-0.0100875,-0.00531336,-0.00349166,-0.00610092,-0.00879343,-0.013316,-0.0185296,-0.0220239,-0.0262385,-0.0337791,0.0191248,0.0229254,0.0254315,0.024167,0.019977,0.0117168,0.00392894,0.000638338,-1.29725,-0.747196,0.435594,0.000323237,-0.000578373,1.5604e-05,0.00266598,0.00185471,-0.00726155,29.9323,0.00159514,10,0,182.929,155.18,128.083,105.826,86.1609,72.8372,64.1645,53.407,0.000812452,0.000409782,0.000386384,0.000333092,0.000286992,0.000181506,9.46966e-05,4.56658e-05
5.695,-3.1581e-09,-2.15136e-09,0.94985,30,5.45573e-06,-4.69876e-08,-0.0054973,-0.0113898,-0.0177719,-0.022092,-0.0229846,-0.0168866,-0.0100649,-0.00530137,-0.00350645,-0.00608007,-0.00877524,-0.0133149,-0.0185463,-0.0220387,-0.0262493,-0.0337868,0.0190848,0.0228758,0.0253762,0.024114,0.0199324,0.0116894,0.00391887,0.000636126,-1.29725,-0.747199,0.435594,0.000336443,-0.000569173,-2.03814e-05,0.00263145,0.00183425,-0.00717115,29.9324,0.00159196,10,0,182.929,155.18,128.083,105.826,86.1608,72.8371,64.1645,53.407,0.000782352,0.000415431,0.000390597,0.000333412,0.000283122,0.000178402,9.25264e-05,4.43139e-05
5.7,-3.13021e-09,-2.13503e-09,0.94985,30,5.40917e-06,-4.69766e-08,-0.00548679,-0.0113654,-0.0177335,-0.022044,-0.0229342,-0.0168491,-0.0100423,-0.00528942,-0.00352024,-0.00605785,-0.00875526,-0.0133116,-0.0185608,-0.0220518,-0.0262591,-0.0337939,0.0190449,0.0228264,0.025321,0.0240611,0.019888,0.0116621,0.00390884,0.000633925,-1.29724,-0.747202,0.435594,0.000349502,-0.00056006,-5.59804e-05,0.00260762,0.00182015,-0.0071088,29.9326,0.00158872,10,0,182.929,155.18,128.083,105.826,86.1608,72.8371,64.1645,53.407,0.000763238,0.000419322,0.000393605,0.000334016,0.00028089,0.000176567,9.12235e-05,4.34754e-05
5.705,-3.10107e-09,-2.11798e-09,0.94985,30,5.36054e-06,-4.69672e-08,-0.00547629,-0.0113411,-0.0176952,-0.0219962,-0.022884,-0.0168117,-0.0100198,-0.00527749,-0.00353303,-0.00603427,-0.00873351,-0.0133059,-0.0185729,-0.0220631,-0.0262676,-0.0338003,0.019005,0.022777,0.0252659,0.0240083,0.0198436,0.0116348,0.00389885,0.000631735,-1.29724,-0.747205,0.435593,0.000362408,-0.000551038,-9.11803e-05,0.00257072,0.00179832,-0.00701223,29.9327,0.00158545,10,0,182.928,155.181,128.083,105.826,86.1608,72.837,64.1645,53.407,0.000736121,0.000425315,0.000398385,0.000335483,0.000278068,0.000174173,8.94928e-05,4.23174e-05
5.71,-3.0707e-09,-2.10022e-09,0.94985,30,5.30988e-06,-4.69593e-08,-0.0054658,-0.0113168,-0.0176571,-0.0219484,-0.0228338,-0.0167743,-0.00999738,-0.00526559,-0.00354482,-0.00600937,-0.00871004,-0.013298,-0.0185828,-0.0220728,-0.0262751,-0.0338061,0.0189652,0.0227278,0.025211,0.0239556,0.0197993,0.0116077,0.00388889,0.000629555,-1.29724,-0.747208,0.435593,0.000375157,-0.000542108,-0.000125969,0.00254534,0.00178333,-0.00694586,29.9329,0.00158212,10,0,182.928,155.181,128.083,105.826,86.1607,72.837,64.1644,53.4069,0.000719154,0.000429397,0.00040173,0.000336816,0.000276538,0.000172819,8.84917e-05,4.1615e-05
5.715,-3.03913e-09,-2.08176e-09,0.94985,30,5.25725e-06,-4.69529e-08,-0.00545532,-0.0112925,-0.017619,-0.0219007,-0.0227838,-0.0167371,-0.00997498,-0.00525373,-0.00355562,-0.00598318,-0.00868486,-0.0132879,-0.0185905,-0.0220807,-0.0262814,-0.0338113,0.0189255,0.0226787,0.0251562,0.0239031,0.0197551,0.0115806,0.00387897,0.000627387,-1.29724,-0.74721,0.435592,0.000387744,-0.000533274,-0.000160333,0.00250617,0.0017602,-0.00684342,29.933,0.00157875,10,0,182.928,155.181,128.083,105.826,86.1607,72.837,64.1644,53.4069,0.000695502,0.000435625,0.000406958,0.000339316,0.000274766,0.00017115,8.7224e-05,4.06706e-05
5.72,-3.00639e-09,-2.06264e-09,0.94985,30,5.20268e-06,-4.69479e-08,-0.00544485,-0.0112683,-0.0175809,-0.0218532,-0.0227338,-0.0166999,-0.00995265,-0.00524189,-0.00356544,-0.0059557,-0.00865801,-0.0132756,-0.0185959,-0.022087,-0.0262867,-0.0338158,0.0188858,0.0226297,0.0251015,0.0238506,0.0197111,0.0115536,0.00386908,0.00062523,-1.29724,-0.747213,0.435591,0.000400164,-0.000524539,-0.000194262,0.00247933,0.00174437,-0.00677324,29.9332,0.00157533,10,0,182.928,155.181,128.083,105.826,86.1607,72.837,64.1644,53.4069,0.000681008,0.000439829,0.000410564,0.000341297,0.000273929,0.00017028,8.65364e-05,4.01164e-05
5.725,-2.9725e-09,-2.04285e-09,0.94985,30,5.14622e-06,-4.69442e-08,-0.00543438,-0.0112442,-0.017543,-0.0218057,-0.022684,-0.0166629,-0.00993036,-0.00523009,-0.00357427,-0.00592699,-0.00862952,-0.0132612,-0.0185991,-0.0220915,-0.0262908,-0.0338198,0.0188462,0.0225807,0.0250469,0.0237983,0.0196671,0.0115267,0.00385922,0.000623083,-1.29724,-0.747216,0.43559,0.000412413,-0.000515904,-0.000227744,0.00243802,0.00172,-0.00666525,29.9333,0.00157187,10,0,182.928,155.182,128.084,105.826,86.1607,72.8369,64.1644,53.4069,0.000661305,0.000446192,0.000416127,0.000344704,0.000273182,0.000169336,8.57424e-05,3.94016e-05
5.73,-2.93751e-09,-2.02242e-09,0.94985,30,5.08793e-06,-4.69419e-08,-0.00542393,-0.0112201,-0.0175051,-0.0217584,-0.0226343,-0.0166259,-0.00990814,-0.00521831,-0.00358213,-0.00589705,-0.00859942,-0.0132446,-0.0186002,-0.0220945,-0.0262938,-0.0338231,0.0188067,0.0225319,0.0249924,0.0237462,0.0196233,0.0114998,0.0038494,0.000620948,-1.29723,-0.747218,0.435589,0.000424487,-0.000507373,-0.000260768,0.0024098,0.00170337,-0.00659147,29.9334,0.00156837,10,0,182.928,155.182,128.084,105.826,86.1607,72.8369,64.1644,53.4069,0.000649595,0.000450456,0.000419922,0.000347244,0.000273014,0.000168942,8.53706e-05,3.90044e-05
5.735,-2.90142e-09,-2.00136e-09,0.94985,30,5.02784e-06,-4.69408e-08,-0.00541349,-0.011196,-0.0174673,-0.0217111,-0.0225847,-0.016589,-0.00988596,-0.00520656,-0.00358902,-0.00586592,-0.00856774,-0.0132259,-0.0185991,-0.0220958,-0.0262958,-0.0338258,0.0187673,0.0224832,0.0249381,0.0236941,0.0195796,0.011473,0.00383961,0.000618823,-1.29723,-0.747221,0.435587,0.000436381,-0.000498947,-0.000293322,0.00236647,0.00167784,-0.00647824,29.9336,0.00156482,10,0,182.928,155.182,128.084,105.827,86.1606,72.8369,64.1644,53.4069,0.000634276,0.000456864,0.000425717,0.000351423,0.000273242,0.000168699,8.50461e-05,3.8529e-05
5.74,-2.86428e-09,-1.97969e-09,0.94985,30,4.966e-06,-4.69409e-08,-0.00540305,-0.011172,-0.0174296,-0.021664,-0.0225352,-0.0165523,-0.00986385,-0.00519485,-0.00359495,-0.00583362,-0.00853451,-0.0132052,-0.0185959,-0.0220954,-0.0262967,-0.0338279,0.0187279,0.0224346,0.0248838,0.0236422,0.0195359,0.0114463,0.00382985,0.000616708,-1.29723,-0.747223,0.435586,0.000448092,-0.000490629,-0.000325398,0.00233694,0.00166047,-0.00640108,29.9337,0.00156123,10,0,182.928,155.183,128.084,105.827,86.1607,72.8369,64.1644,53.4069,0.000625612,0.000461132,0.000429634,0.000354432,0.000273703,0.000168762,8.49821e-05,3.82929e-05
5.745,-2.82611e-09,-1.95743e-09,0.94985,30,4.90247e-06,-4.69421e-08,-0.00539263,-0.011148,-0.017392,-0.0216169,-0.0224859,-0.0165155,-0.00984179,-0.00518316,-0.00359993,-0.00580018,-0.00849976,-0.0131824,-0.0185905,-0.0220935,-0.0262965,-0.0338294,0.0186887,0.0223861,0.0248297,0.0235903,0.0194924,0.0114197,0.00382013,0.000614604,-1.29723,-0.747225,0.435584,0.000459616,-0.000482422,-0.000356983,0.00229171,0.00163384,-0.00628294,29.9339,0.0015576,10,0,182.928,155.183,128.085,105.827,86.1607,72.8369,64.1644,53.4069,0.000615008,0.000467509,0.000435568,0.000359247,0.000274836,0.000169181,8.51075e-05,3.8059e-05
5.75,-2.78694e-09,-1.93459e-09,0.94985,30,4.83728e-06,-4.69444e-08,-0.00538221,-0.0111241,-0.0173545,-0.02157,-0.0224366,-0.0164789,-0.00981978,-0.0051715,-0.00360396,-0.00576564,-0.00846353,-0.0131576,-0.0185831,-0.0220899,-0.0262953,-0.0338303,0.0186495,0.0223377,0.0247758,0.0235386,0.019449,0.0113931,0.00381044,0.000612511,-1.29722,-0.747228,0.435582,0.000470948,-0.000474327,-0.000388069,0.00226096,0.00161577,-0.00620261,29.934,0.00155392,10,0,182.928,155.183,128.085,105.827,86.1607,72.8369,64.1643,53.4069,0.00060956,0.000471731,0.000439549,0.000362637,0.000275872,0.000169668,8.53334e-05,3.79823e-05
5.755,-2.74679e-09,-1.91119e-09,0.94985,30,4.77049e-06,-4.69476e-08,-0.00537181,-0.0111003,-0.017317,-0.0215232,-0.0223875,-0.0164424,-0.00979783,-0.00515988,-0.00360706,-0.00573,-0.00842585,-0.0131308,-0.0185736,-0.0220848,-0.026293,-0.0338306,0.0186103,0.0222894,0.0247219,0.023487,0.0194057,0.0113667,0.00380078,0.000610428,-1.29722,-0.74723,0.43558,0.000482086,-0.000466347,-0.000418646,0.00221396,0.00158812,-0.00607987,29.9342,0.00155021,10,0,182.928,155.184,128.085,105.827,86.1607,72.8369,64.1644,53.4069,0.000603835,0.000478006,0.000445537,0.000367957,0.000277821,0.000170694,8.58752e-05,3.7983e-05
5.76,-2.70571e-09,-1.88725e-09,0.94985,30,4.70215e-06,-4.69519e-08,-0.00536142,-0.0110764,-0.0172796,-0.0214764,-0.0223385,-0.016406,-0.00977593,-0.00514828,-0.00360922,-0.00569332,-0.00838674,-0.0131021,-0.0185621,-0.0220782,-0.0262897,-0.0338304,0.0185713,0.0222413,0.0246681,0.0234356,0.0193625,0.0113402,0.00379116,0.000608355,-1.29722,-0.747233,0.435578,0.000493025,-0.000458483,-0.000448705,0.00218207,0.00156939,-0.00599659,29.9343,0.00154646,10,0,182.928,155.184,128.085,105.827,86.1607,72.8369,64.1644,53.4069,0.000601644,0.000482141,0.000449529,0.000371641,0.000279368,0.000171564,8.63647e-05,3.80584e-05
5.765,-2.66371e-09,-1.86278e-09,0.94985,30,4.6323e-06,-4.69571e-08,-0.00535103,-0.0110527,-0.0172423,-0.0214298,-0.0222895,-0.0163696,-0.00975409,-0.00513671,-0.00361047,-0.00565561,-0.00834626,-0.0130715,-0.0185486,-0.02207,-0.0262854,-0.0338295,0.0185323,0.0221932,0.0246145,0.0233842,0.0193194,0.0113139,0.00378156,0.000606293,-1.29722,-0.747235,0.435576,0.000503762,-0.000450738,-0.000478237,0.00213342,0.0015408,-0.0058696,29.9344,0.00154268,10,0,182.927,155.184,128.085,105.827,86.1608,72.837,64.1644,53.4069,0.000600754,0.000488254,0.000455496,0.000377343,0.000282035,0.000173129,8.72788e-05,3.82786e-05
5.77,-2.62083e-09,-1.83779e-09,0.94985,30,4.56099e-06,-4.69631e-08,-0.00534066,-0.011029,-0.0172051,-0.0213833,-0.0222407,-0.0163334,-0.0097323,-0.00512517,-0.0036108,-0.0056169,-0.00830442,-0.013039,-0.0185331,-0.0220603,-0.0262801,-0.0338281,0.0184934,0.0221452,0.024561,0.023333,0.0192764,0.0112877,0.003772,0.00060424,-1.29721,-0.747237,0.435573,0.000514294,-0.000443114,-0.000507233,0.00210048,0.00152145,-0.00578358,29.9346,0.00153886,10,0,182.927,155.185,128.086,105.827,86.1608,72.837,64.1644,53.4069,0.000601716,0.000492262,0.00045945,0.000381244,0.000284026,0.000174335,8.8e-05,3.84934e-05
5.775,-2.57709e-09,-1.81232e-09,0.94985,30,4.48827e-06,-4.69698e-08,-0.0053303,-0.0110053,-0.017168,-0.0213369,-0.022192,-0.0162972,-0.00971056,-0.00511366,-0.00361023,-0.00557721,-0.00826126,-0.0130047,-0.0185157,-0.0220491,-0.0262739,-0.0338261,0.0184545,0.0220973,0.0245076,0.0232818,0.0192335,0.0112615,0.00376248,0.000602198,-1.29721,-0.747239,0.435571,0.000524618,-0.000435611,-0.000535686,0.00205031,0.00149199,-0.00565265,29.9347,0.001535,10,0,182.928,155.185,128.086,105.827,86.1608,72.837,64.1644,53.4069,0.000605397,0.000498162,0.000465331,0.000387215,0.000287304,0.000176367,8.92356e-05,3.89112e-05
5.78,-2.53253e-09,-1.78637e-09,0.94985,30,4.41419e-06,-4.69774e-08,-0.00531994,-0.0109817,-0.0171309,-0.0212905,-0.0221435,-0.0162611,-0.00968888,-0.00510218,-0.00360876,-0.00553659,-0.00821682,-0.0129685,-0.0184963,-0.0220365,-0.0262666,-0.0338236,0.0184158,0.0220495,0.0244543,0.0232308,0.0191907,0.0112353,0.00375298,0.000600166,-1.29721,-0.747241,0.435568,0.000534731,-0.000428233,-0.000563588,0.0020164,0.00147209,-0.00556412,29.9349,0.00153111,10,0,182.928,155.185,128.086,105.827,86.1609,72.837,64.1644,53.4069,0.000609272,0.000502012,0.000469207,0.00039126,0.000289667,0.000177859,9.01533e-05,3.92491e-05
5.785,-2.48717e-09,-1.75995e-09,0.94985,30,4.33881e-06,-4.69856e-08,-0.0053096,-0.0109581,-0.0170939,-0.0212443,-0.022095,-0.0162251,-0.00966725,-0.00509072,-0.00360642,-0.00549506,-0.00817113,-0.0129306,-0.0184751,-0.0220224,-0.0262584,-0.0338206,0.0183771,0.0220019,0.0244012,0.0231799,0.019148,0.0112093,0.00374352,0.000598144,-1.29721,-0.747244,0.435565,0.00054463,-0.00042098,-0.000590931,0.00196484,0.00144182,-0.00542959,29.935,0.00152719,10,0,182.928,155.186,128.087,105.828,86.1609,72.8371,64.1644,53.4069,0.000617076,0.000507652,0.000474943,0.000397399,0.000293451,0.000180282,9.16568e-05,3.9838e-05
5.79,-2.44105e-09,-1.7331e-09,0.94985,30,4.26216e-06,-4.69944e-08,-0.00529927,-0.0109346,-0.017057,-0.0211982,-0.0220466,-0.0161892,-0.00964568,-0.0050793,-0.0036032,-0.00545265,-0.00812422,-0.012891,-0.018452,-0.0220068,-0.0262492,-0.0338169,0.0183385,0.0219543,0.0243481,0.0231292,0.0191054,0.0111833,0.00373409,0.000596132,-1.2972,-0.747246,0.435562,0.000554312,-0.000413855,-0.000617709,0.00193004,0.0014214,-0.00533876,29.9352,0.00152324,10,0,182.928,155.186,128.087,105.828,86.161,72.8371,64.1644,53.4069,0.000623519,0.000511316,0.000478705,0.000401523,0.000296117,0.000182009,9.27355e-05,4.02806e-05
5.795,-2.3942e-09,-1.70582e-09,0.94985,30,4.1843e-06,-4.70038e-08,-0.00528895,-0.0109111,-0.0170202,-0.0211522,-0.0219984,-0.0161533,-0.00962415,-0.0050679,-0.00359912,-0.00540938,-0.00807614,-0.0128497,-0.018427,-0.0219899,-0.0262391,-0.0338128,0.0182999,0.0219068,0.0242952,0.0230785,0.0190629,0.0111574,0.00372469,0.00059413,-1.2972,-0.747248,0.435559,0.000563775,-0.000406858,-0.000643914,0.00187721,0.0013904,-0.00520095,29.9353,0.00151926,10,0,182.928,155.187,128.087,105.828,86.1611,72.8371,64.1644,53.4069,0.000634878,0.000516659,0.000484245,0.000407737,0.000300304,0.000184748,9.44541e-05,4.10122e-05
5.8,-2.34664e-09,-1.67813e-09,0.94985,30,4.10528e-06,-4.70138e-08,-0.00527865,-0.0108877,-0.0169834,-0.0211063,-0.0219503,-0.0161176,-0.00960269,-0.00505654,-0.00359419,-0.00536529,-0.00802691,-0.0128067,-0.0184003,-0.0219715,-0.0262281,-0.0338081,0.0182614,0.0218595,0.0242424,0.023028,0.0190205,0.0111316,0.00371532,0.000592137,-1.2972,-0.74725,0.435555,0.000573015,-0.000399992,-0.00066954,0.00184161,0.00136953,-0.00510806,29.9354,0.00151526,10,0,182.928,155.187,128.087,105.828,86.1611,72.8372,64.1645,53.4069,0.000643485,0.000520113,0.000487863,0.000411885,0.000303206,0.000186662,9.56592e-05,4.15405e-05
5.805,-2.2984e-09,-1.65005e-09,0.94985,30,4.02514e-06,-4.70242e-08,-0.00526835,-0.0108643,-0.0169468,-0.0210604,-0.0219022,-0.0160819,-0.00958127,-0.0050452,-0.00358842,-0.0053204,-0.00797657,-0.0127621,-0.0183717,-0.0219519,-0.0262161,-0.0338029,0.018223,0.0218122,0.0241897,0.0229775,0.0189783,0.0111058,0.00370598,0.000590155,-1.29719,-0.747252,0.435552,0.000582032,-0.000393257,-0.000694581,0.00178764,0.00133787,-0.00496729,29.9356,0.00151123,10,0,182.928,155.187,128.088,105.828,86.1612,72.8372,64.1645,53.4069,0.000657777,0.000525124,0.000493164,0.000418095,0.0003077,0.000189646,9.75431e-05,4.23866e-05
5.81,-2.24952e-09,-1.6216e-09,0.94985,30,3.94395e-06,-4.7035e-08,-0.00525806,-0.010841,-0.0169102,-0.0210147,-0.0218543,-0.0160464,-0.00955991,-0.00503389,-0.00358182,-0.00527475,-0.00792516,-0.0127159,-0.0183415,-0.0219308,-0.0262033,-0.0337972,0.0181847,0.021765,0.0241371,0.0229272,0.0189361,0.0110802,0.00369667,0.000588182,-1.29719,-0.747254,0.435548,0.000590822,-0.000386654,-0.000719031,0.00175132,0.00131658,-0.00487254,29.9357,0.00150717,10,0,182.928,155.188,128.088,105.828,86.1613,72.8373,64.1645,53.4069,0.00066813,0.000528348,0.000496608,0.000422215,0.000310775,0.0001917,9.88429e-05,4.29822e-05
5.815,-2.20003e-09,-1.59279e-09,0.94985,30,3.86174e-06,-4.70462e-08,-0.00524779,-0.0108177,-0.0168736,-0.0209691,-0.0218065,-0.0160109,-0.00953859,-0.00502261,-0.0035744,-0.00522836,-0.0078727,-0.0126682,-0.0183095,-0.0219085,-0.0261896,-0.033791,0.0181465,0.021718,0.0240847,0.022877,0.018894,0.0110545,0.0036874,0.000586219,-1.29719,-0.747256,0.435545,0.000599383,-0.000380186,-0.000742886,0.00169633,0.00128433,-0.00472916,29.9358,0.0015031,10,0,182.928,155.188,128.088,105.829,86.1614,72.8373,64.1645,53.4069,0.000684737,0.000533,0.000501633,0.00042835,0.000315486,0.000194863,0.000100847,4.39161e-05
5.82,-2.14995e-09,-1.56365e-09,0.94985,30,3.77856e-06,-4.70577e-08,-0.00523752,-0.0107945,-0.0168372,-0.0209236,-0.0217588,-0.0159755,-0.00951734,-0.00501135,-0.00356618,-0.00518127,-0.00781925,-0.012619,-0.0182759,-0.0218849,-0.0261751,-0.0337843,0.0181083,0.021671,0.0240323,0.0228269,0.018852,0.011029,0.00367815,0.000584265,-1.29719,-0.747257,0.435541,0.000607714,-0.000373853,-0.000766139,0.00165938,0.00126268,-0.00463277,29.936,0.001499,10,0,182.928,155.189,128.089,105.829,86.1614,72.8374,64.1646,53.4069,0.000696437,0.000535976,0.000504882,0.0004324,0.000318678,0.000197017,0.000102212,4.4562e-05
5.825,-2.09931e-09,-1.53417e-09,0.94985,30,3.69447e-06,-4.70695e-08,-0.00522727,-0.0107713,-0.0168008,-0.0208782,-0.0217112,-0.0159401,-0.00949613,-0.00500013,-0.00355717,-0.0051335,-0.00776483,-0.0125683,-0.0182406,-0.02186,-0.0261597,-0.0337771,0.0180702,0.0216241,0.0239801,0.022777,0.0188101,0.0110035,0.00366894,0.000582321,-1.29718,-0.747259,0.435537,0.000615813,-0.000367656,-0.000788786,0.0016035,0.00122992,-0.00448709,29.9361,0.00149488,10,0,182.928,155.189,128.089,105.829,86.1615,72.8374,64.1646,53.4069,0.000714785,0.000540247,0.000509597,0.000438398,0.000323525,0.0002003,0.000104295,4.55596e-05
5.83,-2.04815e-09,-1.5044e-09,0.94985,30,3.60952e-06,-4.70815e-08,-0.00521703,-0.0107481,-0.0167646,-0.0208329,-0.0216637,-0.0159049,-0.00947497,-0.00498893,-0.00354738,-0.00508509,-0.00770948,-0.0125162,-0.0182037,-0.0218338,-0.0261435,-0.0337695,0.0180321,0.0215774,0.023928,0.0227271,0.0187684,0.0109781,0.00365975,0.000580386,-1.29718,-0.747261,0.435533,0.000623678,-0.000361596,-0.000810824,0.00156599,0.00120794,-0.00438927,29.9363,0.00149075,10,0,182.928,155.189,128.089,105.829,86.1616,72.8375,64.1646,53.4069,0.000727471,0.000542961,0.00051263,0.000442339,0.000326783,0.000202515,0.000105702,4.62405e-05
5.835,-1.99649e-09,-1.47433e-09,0.94985,30,3.52374e-06,-4.70936e-08,-0.0052068,-0.010725,-0.0167284,-0.0207876,-0.0216163,-0.0158697,-0.00945387,-0.00497776,-0.00353682,-0.00503606,-0.00765323,-0.0124627,-0.0181653,-0.0218065,-0.0261265,-0.0337613,0.0179942,0.0215307,0.023876,0.0226774,0.0187267,0.0109528,0.0036506,0.000578461,-1.29718,-0.747263,0.435529,0.000631307,-0.000355674,-0.000832247,0.00150935,0.00117474,-0.00424162,29.9364,0.0014866,10,0,182.929,155.19,128.09,105.829,86.1617,72.8376,64.1647,53.4069,0.000747052,0.00054683,0.000517009,0.000448149,0.000331693,0.000205864,0.000107828,4.72805e-05
5.84,-1.94436e-09,-1.444e-09,0.94985,30,3.4372e-06,-4.71059e-08,-0.00519658,-0.010702,-0.0166922,-0.0207425,-0.0215691,-0.0158347,-0.00943282,-0.00496662,-0.00352551,-0.00498644,-0.00759612,-0.0124078,-0.0181253,-0.021778,-0.0261087,-0.0337527,0.0179563,0.0214842,0.0238241,0.0226277,0.0186851,0.0109275,0.00364148,0.000576544,-1.29717,-0.747265,0.435525,0.000638699,-0.000349891,-0.000853052,0.00147137,0.00115249,-0.0041426,29.9365,0.00148244,10,0,182.929,155.19,128.09,105.83,86.1618,72.8376,64.1647,53.407,0.000760408,0.000549272,0.000519811,0.000451948,0.000334972,0.000208107,0.000109253,4.79832e-05
5.845,-1.8918e-09,-1.41341e-09,0.94985,30,3.34995e-06,-4.71183e-08,-0.00518638,-0.010679,-0.0166562,-0.0206975,-0.0215219,-0.0157997,-0.00941182,-0.0049555,-0.00351346,-0.00493626,-0.00753819,-0.0123517,-0.0180838,-0.0217483,-0.0260901,-0.0337437,0.0179185,0.0214377,0.0237723,0.0225782,0.0186436,0.0109023,0.00363238,0.000574638,-1.29717,-0.747266,0.43552,0.000645853,-0.000344248,-0.000873236,0.00141408,0.00111891,-0.0039933,29.9367,0.00147827,10,0,182.929,155.191,128.09,105.83,86.162,72.8377,64.1648,53.407,0.000780785,0.000552724,0.000523831,0.000457523,0.000339882,0.000211476,0.000111393,4.9047e-05
5.85,-1.83883e-09,-1.38258e-09,0.94985,30,3.26202e-06,-4.71307e-08,-0.00517618,-0.0106561,-0.0166202,-0.0206526,-0.0214748,-0.0157648,-0.00939087,-0.00494441,-0.00350069,-0.00488555,-0.00747948,-0.0122943,-0.0180409,-0.0217175,-0.0260707,-0.0337342,0.0178807,0.0213913,0.0237206,0.0225288,0.0186023,0.0108772,0.00362332,0.00057274,-1.29717,-0.747268,0.435516,0.000652767,-0.000338745,-0.000892796,0.00137572,0.00109644,-0.00389327,29.9368,0.00147409,10,0,182.929,155.191,128.091,105.83,86.162,72.8378,64.1648,53.407,0.000794542,0.000554883,0.000526386,0.000461152,0.000343141,0.000213718,0.000112818,4.97601e-05
5.855,-1.78548e-09,-1.35154e-09,0.94985,30,3.17347e-06,-4.7143e-08,-0.005166,-0.0106332,-0.0165843,-0.0206078,-0.0214279,-0.01573,-0.00936997,-0.00493336,-0.00348719,-0.00483435,-0.00742001,-0.0122356,-0.0179965,-0.0216855,-0.0260506,-0.0337243,0.017843,0.0213451,0.0236691,0.0224795,0.018561,0.0108521,0.00361429,0.000570852,-1.29716,-0.74727,0.435512,0.000659441,-0.000333383,-0.000911729,0.00131791,0.00106256,-0.00374263,29.9369,0.00146989,10,0,182.929,155.192,128.091,105.83,86.1622,72.8379,64.1648,53.407,0.000815345,0.000557906,0.000530028,0.000466454,0.000347994,0.000217065,0.000114945,5.08319e-05
5.86,-1.73178e-09,-1.32029e-09,0.94985,30,3.08435e-06,-4.71553e-08,-0.00515583,-0.0106103,-0.0165485,-0.020563,-0.021381,-0.0156952,-0.00934912,-0.00492232,-0.003473,-0.00478268,-0.00735982,-0.0121758,-0.0179507,-0.0216525,-0.0260298,-0.0337139,0.0178054,0.0212989,0.0236177,0.0224303,0.0185198,0.0108271,0.00360528,0.000568972,-1.29716,-0.747271,0.435507,0.000665873,-0.000328162,-0.000930032,0.00127924,0.00103991,-0.00364182,29.9371,0.0014657,10,0,182.929,155.192,128.091,105.831,86.1623,72.8379,64.1649,53.407,0.000829277,0.000559776,0.000532326,0.00046989,0.000351199,0.00021928,0.000116353,5.15456e-05
5.865,-1.67776e-09,-1.28885e-09,0.94985,30,2.9947e-06,-4.71675e-08,-0.00514567,-0.0105875,-0.0165127,-0.0205184,-0.0213343,-0.0156606,-0.00932833,-0.00491132,-0.00345813,-0.00473056,-0.00729896,-0.0121149,-0.0179036,-0.0216184,-0.0260083,-0.0337032,0.0177679,0.0212528,0.0235663,0.0223812,0.0184787,0.0108022,0.00359631,0.000567102,-1.29716,-0.747273,0.435502,0.000672063,-0.000323084,-0.000947704,0.00122102,0.00100579,-0.00349015,29.9372,0.00146149,10,0,182.93,155.193,128.092,105.831,86.1624,72.838,64.1649,53.407,0.000850196,0.000562361,0.000535574,0.000474885,0.000355947,0.000222569,0.000118444,5.26119e-05
5.87,-1.62345e-09,-1.25724e-09,0.94985,30,2.90458e-06,-4.71795e-08,-0.00513553,-0.0105647,-0.0164771,-0.0204739,-0.0212877,-0.015626,-0.00930758,-0.00490034,-0.00344258,-0.00467804,-0.00723745,-0.0120528,-0.0178551,-0.0215833,-0.0259861,-0.033692,0.0177305,0.0212069,0.0235151,0.0223323,0.0184378,0.0107773,0.00358736,0.000565241,-1.29715,-0.747275,0.435497,0.00067801,-0.000318148,-0.000964743,0.00118212,0.000983005,-0.00338876,29.9374,0.00145729,10,0,182.93,155.193,128.092,105.831,86.1625,72.8381,64.165,53.407,0.000864115,0.000563937,0.000537606,0.000478106,0.000359066,0.000224736,0.000119822,5.33181e-05
5.875,-1.56888e-09,-1.22548e-09,0.94985,30,2.81403e-06,-4.71913e-08,-0.00512539,-0.010542,-0.0164415,-0.0204295,-0.0212412,-0.0155915,-0.00928688,-0.00488939,-0.00342638,-0.00462514,-0.00717534,-0.0119897,-0.0178054,-0.0215472,-0.0259632,-0.0336805,0.0176931,0.021161,0.023464,0.0222834,0.0183969,0.0107525,0.00357845,0.000563388,-1.29715,-0.747276,0.435493,0.000683714,-0.000313354,-0.000981147,0.00112362,0.000948728,-0.00323637,29.9375,0.00145308,10,0,182.93,155.194,128.093,105.831,86.1627,72.8382,64.165,53.4071,0.000884894,0.000566077,0.000540449,0.000482767,0.000363666,0.000227938,0.000121859,5.43675e-05
5.88,-1.51408e-09,-1.19358e-09,0.94985,30,2.7231e-06,-4.72029e-08,-0.00511527,-0.0105194,-0.016406,-0.0203851,-0.0211947,-0.0155571,-0.00926624,-0.00487847,-0.00340953,-0.00457188,-0.00711265,-0.0119255,-0.0177544,-0.0215102,-0.0259397,-0.0336685,0.0176558,0.0211152,0.023413,0.0222347,0.0183561,0.0107278,0.00356956,0.000561545,-1.29715,-0.747278,0.435488,0.000689174,-0.000308703,-0.000996916,0.00108457,0.00092585,-0.00313461,29.9376,0.00144888,10,0,182.93,155.194,128.093,105.831,86.1628,72.8383,64.1651,53.4071,0.000898645,0.000567354,0.000542207,0.000485757,0.000366674,0.000230036,0.000123194,5.50591e-05
5.885,-1.45907e-09,-1.16156e-09,0.94985,30,2.63183e-06,-4.72142e-08,-0.00510516,-0.0104967,-0.0163705,-0.0203409,-0.0211484,-0.0155227,-0.00924564,-0.00486757,-0.00339206,-0.00451829,-0.00704943,-0.0118604,-0.0177022,-0.0214721,-0.0259155,-0.0336562,0.0176185,0.0210695,0.0233622,0.022186,0.0183154,0.0107031,0.0035607,0.00055971,-1.29714,-0.747279,0.435483,0.000694389,-0.000304196,-0.00101205,0.0010259,0.000891473,-0.0029818,29.9378,0.00144467,10,0,182.93,155.195,128.093,105.832,86.163,72.8384,64.1651,53.4071,0.000919071,0.000569046,0.000544635,0.00049006,0.000371089,0.000233123,0.00012516,5.60822e-05
5.89,-1.40388e-09,-1.12944e-09,0.94985,30,2.54027e-06,-4.72252e-08,-0.00509506,-0.0104742,-0.0163352,-0.0202967,-0.0211022,-0.0154885,-0.0092251,-0.0048567,-0.00337397,-0.00446442,-0.0069857,-0.0117943,-0.0176489,-0.0214332,-0.0258907,-0.0336435,0.0175813,0.021024,0.0233114,0.0221375,0.0182748,0.0106785,0.00355187,0.000557884,-1.29714,-0.747281,0.435477,0.00069936,-0.000299832,-0.00102654,0.000986779,0.00086855,-0.00287985,29.9379,0.00144047,10,0,182.931,155.195,128.094,105.832,86.1631,72.8385,64.1652,53.4071,0.000932526,0.000570023,0.000546114,0.000492805,0.000373963,0.000235138,0.000126444,5.67534e-05
5.895,-1.34854e-09,-1.09722e-09,0.94985,30,2.44847e-06,-4.72358e-08,-0.00508498,-0.0104517,-0.0162999,-0.0202527,-0.0210561,-0.0154543,-0.0092046,-0.00484586,-0.00335528,-0.00441027,-0.00692151,-0.0117273,-0.0175943,-0.0213934,-0.0258653,-0.0336304,0.0175442,0.0209785,0.0232608,0.0220891,0.0182343,0.010654,0.00354307,0.000556067,-1.29714,-0.747282,0.435472,0.000704086,-0.000295611,-0.0010404,0.000928058,0.00083414,-0.00272692,29.938,0.00143628,10,0,182.931,155.196,128.094,105.832,86.1633,72.8386,64.1653,53.4071,0.000952423,0.000571264,0.000548122,0.00049673,0.000378162,0.000238088,0.000128326,5.7742e-05
5.9,-1.29308e-09,-1.06494e-09,0.94985,30,2.35648e-06,-4.7246e-08,-0.00507491,-0.0104292,-0.0162647,-0.0202088,-0.0210101,-0.0154202,-0.00918415,-0.00483504,-0.00333602,-0.00435589,-0.00685689,-0.0116595,-0.0175387,-0.0213527,-0.0258393,-0.033617,0.0175072,0.0209331,0.0232102,0.0220408,0.0181939,0.0106295,0.0035343,0.000554258,-1.29713,-0.747284,0.435467,0.000708568,-0.000291533,-0.00105362,0.000888932,0.000811215,-0.00262499,29.9382,0.00143209,10,0,182.931,155.196,128.095,105.833,86.1634,72.8387,64.1653,53.4072,0.000965474,0.000571942,0.000549318,0.000499217,0.000380883,0.000240004,0.000129549,5.83879e-05
5.905,-1.23753e-09,-1.03259e-09,0.94985,30,2.26433e-06,-4.72558e-08,-0.00506485,-0.0104068,-0.0162295,-0.0201649,-0.0209642,-0.0153862,-0.00916376,-0.00482425,-0.00331618,-0.0043013,-0.00679188,-0.0115909,-0.0174821,-0.0213111,-0.0258128,-0.0336033,0.0174702,0.0208878,0.0231598,0.0219926,0.0181536,0.0106051,0.00352555,0.000552458,-1.29713,-0.747285,0.435462,0.000712805,-0.000287599,-0.00106621,0.000830269,0.000776835,-0.00247223,29.9383,0.00142791,10,0,182.931,155.197,128.095,105.833,86.1636,72.8388,64.1654,53.4072,0.000984697,0.000572734,0.0005509,0.00050275,0.000384839,0.000242799,0.000131335,5.93353e-05
5.91,-1.18191e-09,-1.00021e-09,0.94985,30,2.17208e-06,-4.72651e-08,-0.0050548,-0.0103844,-0.0161945,-0.0201211,-0.0209184,-0.0153523,-0.00914341,-0.00481349,-0.00329579,-0.00424652,-0.0067265,-0.0115214,-0.0174244,-0.0212688,-0.0257857,-0.0335893,0.0174334,0.0208426,0.0231095,0.0219445,0.0181134,0.0105808,0.00351684,0.000550667,-1.29713,-0.747287,0.435456,0.000716798,-0.000283808,-0.00107816,0.000791218,0.00075395,-0.00237051,29.9384,0.00142374,10,0,182.932,155.197,128.095,105.833,86.1637,72.8389,64.1654,53.4072,0.000997257,0.000573112,0.000551813,0.000504971,0.000387389,0.000244605,0.000132491,5.99518e-05
5.915,-1.12626e-09,-9.678e-10,0.94985,30,2.07977e-06,-4.72739e-08,-0.00504477,-0.010362,-0.0161595,-0.0200775,-0.0208727,-0.0153184,-0.00912311,-0.00480275,-0.00327487,-0.0041916,-0.0066608,-0.0114513,-0.0173657,-0.0212257,-0.0257581,-0.0335749,0.0173965,0.0207975,0.0230592,0.0218965,0.0180733,0.0105565,0.00350815,0.000548884,-1.29712,-0.747288,0.435451,0.000720547,-0.000280159,-0.00108947,0.000732722,0.000719664,-0.0022182,29.9386,0.00141958,10,0,182.932,155.198,128.096,105.833,86.1639,72.839,64.1655,53.4072,0.00101569,0.000573456,0.000552968,0.000508098,0.00039108,0.000247227,0.000134172,6.08525e-05
5.92,-1.07058e-09,-9.3538e-10,0.94985,30,1.98744e-06,-4.72821e-08,-0.00503475,-0.0103397,-0.0161246,-0.0200339,-0.0208271,-0.0152847,-0.00910286,-0.00479204,-0.00325342,-0.00413654,-0.0065948,-0.0113804,-0.0173061,-0.0211818,-0.02573,-0.0335602,0.0173598,0.0207525,0.0230091,0.0218487,0.0180332,0.0105323,0.00349949,0.00054711,-1.29712,-0.747289,0.435446,0.000724053,-0.000276654,-0.00110015,0.000693817,0.000696861,-0.00211688,29.9387,0.00141544,10,0,182.932,155.198,128.096,105.834,86.164,72.8391,64.1655,53.4073,0.00102768,0.000573538,0.000553595,0.000510045,0.000393447,0.000248913,0.000135255,6.14362e-05
5.925,-1.01493e-09,-9.02965e-10,0.94985,30,1.89514e-06,-4.72897e-08,-0.00502474,-0.0103175,-0.0160897,-0.0199905,-0.0207816,-0.015251,-0.00908266,-0.00478136,-0.00323147,-0.00408138,-0.00652855,-0.0113089,-0.0172456,-0.0211373,-0.0257013,-0.0335452,0.0173231,0.0207076,0.0229592,0.0218009,0.0179933,0.0105082,0.00349085,0.000545343,-1.29711,-0.747291,0.43544,0.000727317,-0.00027329,-0.0011102,0.000635594,0.000662729,-0.0019653,29.9388,0.00141131,10,0,182.933,155.199,128.097,105.834,86.1642,72.8392,64.1656,53.4073,0.00104522,0.000573439,0.000554323,0.000512757,0.000396852,0.000251349,0.000136822,6.22854e-05
5.93,-9.59309e-10,-8.7057e-10,0.94985,30,1.80291e-06,-4.72967e-08,-0.00501474,-0.0102953,-0.016055,-0.0199471,-0.0207362,-0.0152174,-0.00906251,-0.0047707,-0.00320903,-0.00402616,-0.00646208,-0.0112368,-0.0171842,-0.021092,-0.0256723,-0.0335299,0.0172865,0.0206628,0.0229093,0.0217532,0.0179535,0.0104841,0.00348225,0.000543586,-1.29711,-0.747292,0.435434,0.000730338,-0.000270068,-0.00111962,0.000596906,0.000640048,-0.00186455,29.939,0.0014072,10,0,182.933,155.199,128.097,105.834,86.1643,72.8393,64.1657,53.4073,0.00105659,0.000573227,0.000554667,0.000514425,0.000399024,0.000252907,0.000137827,6.28334e-05
5.935,-9.03758e-10,-8.3821e-10,0.94985,30,1.71079e-06,-4.7303e-08,-0.00500476,-0.0102732,-0.0160203,-0.0199038,-0.020691,-0.0151838,-0.0090424,-0.00476007,-0.00318612,-0.00397088,-0.00639541,-0.0111642,-0.0171219,-0.021046,-0.0256427,-0.0335144,0.01725,0.0206181,0.0228595,0.0217057,0.0179137,0.0104601,0.00347367,0.000541836,-1.29711,-0.747293,0.435429,0.000733118,-0.000266988,-0.00112841,0.000539061,0.00060613,-0.00171397,29.9391,0.00140311,10,0,182.933,155.2,128.098,105.834,86.1645,72.8395,64.1658,53.4073,0.00107315,0.000572691,0.00055497,0.000516716,0.00040213,0.000255145,0.000139275,6.36273e-05
5.94,-8.48298e-10,-8.059e-10,0.94985,30,1.61883e-06,-4.73087e-08,-0.00499479,-0.0102511,-0.0159857,-0.0198606,-0.0206458,-0.0151504,-0.00902234,-0.00474946,-0.00316274,-0.00391559,-0.00632859,-0.0110909,-0.0170589,-0.0209995,-0.0256128,-0.0334986,0.0172135,0.0205735,0.0228098,0.0216582,0.0178741,0.0104361,0.00346512,0.000540095,-1.2971,-0.747295,0.435423,0.000735658,-0.000264049,-0.00113657,0.000500657,0.000583611,-0.00161397,29.9392,0.00139903,10,0,182.933,155.2,128.098,105.835,86.1647,72.8396,64.1658,53.4074,0.00108385,0.00057219,0.000555032,0.000518101,0.000404096,0.000256569,0.000140198,6.41373e-05
5.945,-7.92955e-10,-7.73655e-10,0.94985,30,1.52706e-06,-4.73136e-08,-0.00498484,-0.010229,-0.0159511,-0.0198175,-0.0206007,-0.015117,-0.00900234,-0.00473888,-0.00313892,-0.00386031,-0.00626165,-0.0110172,-0.0169951,-0.0209523,-0.0255824,-0.0334825,0.0171771,0.020529,0.0227603,0.0216109,0.0178345,0.0104122,0.0034566,0.000538361,-1.2971,-0.747296,0.435417,0.000737959,-0.00026125,-0.00114411,0.000443291,0.000549966,-0.00146466,29.9394,0.00139498,10,0,182.934,155.201,128.098,105.835,86.1649,72.8397,64.1659,53.4074,0.00109937,0.000571225,0.000554914,0.000519965,0.000406889,0.000258601,0.00014152,6.48726e-05
5.95,-7.37753e-10,-7.41488e-10,0.94985,30,1.43554e-06,-4.73178e-08,-0.00497489,-0.010207,-0.0159167,-0.0197745,-0.0205557,-0.0150837,-0.00898238,-0.00472833,-0.00311468,-0.00380506,-0.00619461,-0.0109431,-0.0169306,-0.0209046,-0.0255516,-0.0334662,0.0171408,0.0204846,0.0227108,0.0215637,0.0177951,0.0103884,0.0034481,0.000536636,-1.2971,-0.747297,0.435412,0.000740022,-0.00025859,-0.00115104,0.000405238,0.000527646,-0.00136559,29.9395,0.00139095,10,0,182.934,155.201,128.099,105.835,86.165,72.8398,64.1659,53.4074,0.00110935,0.000570441,0.000554697,0.000521065,0.000408643,0.000259884,0.000142359,6.53427e-05
5.955,-6.82718e-10,-7.09414e-10,0.94985,30,1.34429e-06,-4.73212e-08,-0.00496496,-0.010185,-0.0158823,-0.0197316,-0.0205108,-0.0150505,-0.00896246,-0.0047178,-0.00309002,-0.00374986,-0.00612752,-0.0108685,-0.0168655,-0.0208563,-0.0255204,-0.0334497,0.0171045,0.0204403,0.0226615,0.0215165,0.0177557,0.0103647,0.00343963,0.000534919,-1.29709,-0.747299,0.435406,0.000741847,-0.00025607,-0.00115734,0.000348449,0.00049433,-0.00121778,29.9396,0.00138694,10,0,182.934,155.202,128.099,105.836,86.1652,72.8399,64.166,53.4074,0.00112377,0.000569055,0.000554164,0.000522501,0.000411112,0.000261701,0.000143552,6.6017e-05
5.96,-6.27874e-10,-6.77446e-10,0.94985,30,1.25336e-06,-4.73237e-08,-0.00495505,-0.0101631,-0.015848,-0.0196888,-0.0204661,-0.0150173,-0.0089426,-0.00470729,-0.00306497,-0.00369476,-0.00606041,-0.0107936,-0.0167996,-0.0208074,-0.0254889,-0.0334329,0.0170684,0.020396,0.0226123,0.0214695,0.0177164,0.010341,0.00343119,0.000533211,-1.29709,-0.7473,0.4354,0.000743438,-0.000253687,-0.00116303,0.000310812,0.000472247,-0.00111981,29.9398,0.00138296,10,0,182.935,155.202,128.1,105.836,86.1654,72.84,64.1661,53.4075,0.00113301,0.000567993,0.000553671,0.000523315,0.000412649,0.00026284,0.000144303,6.64456e-05
5.965,-5.73245e-10,-6.456e-10,0.94985,30,1.1628e-06,-4.73255e-08,-0.00494514,-0.0101412,-0.0158137,-0.0196461,-0.0204214,-0.0149842,-0.00892278,-0.00469681,-0.00303955,-0.00363976,-0.0059933,-0.0107183,-0.0167332,-0.0207581,-0.0254571,-0.0334159,0.0170322,0.0203519,0.0225631,0.0214226,0.0176773,0.0103173,0.00342277,0.00053151,-1.29709,-0.747301,0.435394,0.000744794,-0.000251442,-0.00116812,0.000254695,0.000439315,-0.000973769,29.9399,0.001379,10,0,182.935,155.203,128.1,105.836,86.1656,72.8402,64.1662,53.4075,0.00114629,0.000566197,0.00055273,0.000524322,0.000414787,0.000264437,0.000145363,6.70568e-05
5.97,-5.18854e-10,-6.13888e-10,0.94985,30,1.07263e-06,-4.73263e-08,-0.00493526,-0.0101194,-0.0157795,-0.0196035,-0.0203768,-0.0149512,-0.00890301,-0.00468636,-0.00301375,-0.0035849,-0.00592623,-0.0106427,-0.0166662,-0.0207084,-0.0254249,-0.0333987,0.0169962,0.0203079,0.0225141,0.0213758,0.0176382,0.0102938,0.00341438,0.000529817,-1.29708,-0.747303,0.435388,0.000745917,-0.000249334,-0.00117259,0.000217535,0.000417504,-0.000877051,29.94,0.00137506,10,0,182.935,155.203,128.1,105.836,86.1658,72.8403,64.1662,53.4075,0.00115476,0.000564866,0.000551968,0.000524851,0.0004161,0.000265428,0.000146025,6.74428e-05
5.975,-4.64725e-10,-5.82324e-10,0.94985,30,9.82895e-07,-4.73263e-08,-0.00492538,-0.0100976,-0.0157454,-0.019561,-0.0203323,-0.0149183,-0.00888329,-0.00467593,-0.00298761,-0.00353019,-0.00585923,-0.0105669,-0.0165987,-0.0206582,-0.0253924,-0.0333813,0.0169602,0.0202639,0.0224652,0.0213291,0.0175992,0.0102702,0.00340602,0.000528131,-1.29708,-0.747304,0.435383,0.00074681,-0.000247361,-0.00117647,0.000162183,0.000385009,-0.000733009,29.9401,0.00137116,10,0,182.936,155.204,128.101,105.837,86.166,72.8404,64.1663,53.4076,0.00116686,0.000562672,0.000550627,0.000525431,0.000417902,0.000266801,0.00014695,6.79893e-05
5.98,-4.1088e-10,-5.50921e-10,0.94985,30,8.93638e-07,-4.73253e-08,-0.00491552,-0.0100759,-0.0157114,-0.0195185,-0.020288,-0.0148855,-0.00886361,-0.00466553,-0.00296114,-0.00347567,-0.00579233,-0.0104909,-0.0165307,-0.0206075,-0.0253597,-0.0333637,0.0169243,0.02022,0.0224164,0.0212825,0.0175603,0.0102468,0.00339768,0.000526454,-1.29707,-0.747305,0.435377,0.000747473,-0.000245523,-0.00117975,0.000125561,0.000363505,-0.000637701,29.9403,0.00136728,10,0,182.936,155.204,128.101,105.837,86.1661,72.8406,64.1664,53.4076,0.00117454,0.000561079,0.000549602,0.000525677,0.000418989,0.000267641,0.000147521,6.83317e-05
5.985,-3.57343e-10,-5.19692e-10,0.94985,30,8.04892e-07,-4.73234e-08,-0.00490567,-0.0100542,-0.0156775,-0.0194762,-0.0202437,-0.0148527,-0.00884398,-0.00465515,-0.00293436,-0.00342136,-0.00572556,-0.0104147,-0.0164622,-0.0205565,-0.0253266,-0.033346,0.0168885,0.0201763,0.0223677,0.021236,0.0175215,0.0102234,0.00338937,0.000524784,-1.29707,-0.747306,0.435371,0.000747908,-0.000243819,-0.00118244,7.10604e-05,0.000331498,-0.000495888,29.9404,0.00136344,10,0,182.936,155.205,128.102,105.837,86.1663,72.8407,64.1665,53.4076,0.00118544,0.000558499,0.000547871,0.000525834,0.00042045,0.000268787,0.00014831,6.88123e-05
5.99,-3.04135e-10,-4.88649e-10,0.94985,30,7.16695e-07,-4.73205e-08,-0.00489583,-0.0100326,-0.0156436,-0.0194339,-0.0201995,-0.01482,-0.0088244,-0.0046448,-0.00290727,-0.00336728,-0.00565896,-0.0103383,-0.0163933,-0.0205052,-0.0252934,-0.0333281,0.0168527,0.0201326,0.0223191,0.0211896,0.0174827,0.0102001,0.00338109,0.000523123,-1.29707,-0.747307,0.435365,0.000748119,-0.000242247,-0.00118454,3.5034e-05,0.000310335,-0.000402141,29.9405,0.00135962,10,0,182.937,155.205,128.102,105.838,86.1665,72.8408,64.1665,53.4076,0.00119231,0.000556654,0.000546589,0.000525798,0.00042131,0.000269476,0.00014879,6.91106e-05
5.995,-2.51278e-10,-4.57806e-10,0.94985,30,6.29083e-07,-4.73166e-08,-0.00488601,-0.010011,-0.0156098,-0.0193918,-0.0201554,-0.0147874,-0.00880486,-0.00463448,-0.00287991,-0.00331345,-0.00559254,-0.0102618,-0.016324,-0.0204535,-0.0252599,-0.03331,0.016817,0.020089,0.0222706,0.0211433,0.0174441,0.0101768,0.00337283,0.000521468,-1.29706,-0.747309,0.435359,0.000748105,-0.000240806,-0.00118606,-1.85284e-05,0.000278864,-0.000262776,29.9407,0.00135584,10,0,182.937,155.206,128.102,105.838,86.1667,72.841,64.1666,53.4077,0.001202,0.000553702,0.000544478,0.000525536,0.000422429,0.000270393,0.00014944,6.95245e-05
6,-1.98793e-10,-4.27175e-10,0.94985,30,5.4209e-07,-4.73117e-08,-0.00487621,-0.00998943,-0.0155761,-0.0193497,-0.0201115,-0.0147549,-0.00878537,-0.00462417,-0.00285227,-0.00325989,-0.00552635,-0.0101853,-0.0162544,-0.0204016,-0.0252261,-0.0332918,0.0167814,0.0200456,0.0222222,0.0210971,0.0174056,0.0101536,0.0033646,0.000519822,-1.29706,-0.74731,0.435353,0.00074787,-0.000239496,-0.001187,-5.39034e-05,0.000258073,-0.000170734,29.9408,0.00135209,10,0,182.937,155.206,128.103,105.838,86.1669,72.8411,64.1667,53.4077,0.00120804,0.000551614,0.000542948,0.000525224,0.000423061,0.000270928,0.000149828,6.97781e-05
